SchemaName,TableName,TableDescription,ColumnOrder,ColumnName,DataType,MaxLength,precision,scale,IsNullable,ColumnDescription
dbo,SBIENCOMPTABLE,,1,oid,TOID,32,0,0,0,
dbo,SBIENCOMPTABLE,,2,idOTP,int,4,10,0,0,
dbo,SBIENCOMPTABLE,,3,data,nvarchar,-1,0,0,1,
dbo,SBIENCOMPTABLE,,4,data3,nvarchar,256,0,0,1,
dbo,SBIENCOMPTABLE,,5,data6,nvarchar,64,0,0,1,
dbo,SDB_ARTICLE,,1,id,nvarchar,100,0,0,0,
dbo,SDB_ARTICLE,,2,code,nvarchar,200,0,0,0,
dbo,SDB_ARTICLE,,3,libelle,nvarchar,510,0,0,1,
dbo,SDB_ARTICLE,,4,prix_ht,decimal,9,18,6,1,
dbo,SDB_ARTICLE,,5,taux_tva,decimal,9,18,6,1,
dbo,SDB_ARTICLE,,6,unite,nvarchar,100,0,0,1,
dbo,SDB_ARTICLE,,7,reference,nvarchar,200,0,0,1,
dbo,SDB_ARTICLE,,8,en_activite,bit,1,1,0,0,
dbo,SDB_ARTICLE,,9,created_at,nvarchar,100,0,0,1,
dbo,SDB_ARTICLE,,10,updated_at,nvarchar,100,0,0,1,
dbo,SDB_ARTICLE,,11,taux_bic,decimal,9,18,6,1,
dbo,SDB_ARTICLE,,12,revenue_account,nvarchar,200,0,0,1,
dbo,SDB_ARTICLE,,13,expense_account,nvarchar,200,0,0,1,
dbo,SDB_ARTICLE,,14,vat_account,nvarchar,200,0,0,1,
dbo,SDB_ARTICLE,,15,bic_account,nvarchar,200,0,0,1,
dbo,SDB_ARTICLE,,16,tax_exempt,bit,1,1,0,0,
dbo,SDB_ARTICLE,,17,custom_tax_rules,nvarchar,-1,0,0,1,
dbo,SDB_ARTICLE,,18,description,nvarchar,-1,0,0,1,
dbo,SDB_ARTICLE,,19,currency,nvarchar,20,0,0,1,
dbo,SDB_ARTICLE,,20,category,nvarchar,200,0,0,1,
dbo,SDB_ARTICLE_META,,1,article_key,nvarchar,200,0,0,0,
dbo,SDB_ARTICLE_META,,2,revenue_account,nvarchar,200,0,0,1,
dbo,SDB_ARTICLE_META,,3,expense_account,nvarchar,200,0,0,1,
dbo,SDB_ARTICLE_META,,4,vat_account,nvarchar,200,0,0,1,
dbo,SDB_ARTICLE_META,,5,bic_account,nvarchar,200,0,0,1,
dbo,SDB_ARTICLE_META,,6,taux_tva,float,8,53,0,0,
dbo,SDB_ARTICLE_META,,7,taux_bic,float,8,53,0,0,
dbo,SDB_ARTICLE_META,,8,tax_exempt,bit,1,1,0,0,
dbo,SDB_ARTICLE_META,,9,custom_tax_rules,nvarchar,-1,0,0,1,
dbo,SDB_ARTICLE_META,,10,updated_at,datetime,8,23,3,0,
dbo,SDB_COMPTA_ENTRY_LOG,,1,id,nvarchar,100,0,0,0,
dbo,SDB_COMPTA_ENTRY_LOG,,2,piece_id,nvarchar,100,0,0,0,
dbo,SDB_COMPTA_ENTRY_LOG,,3,entry_order,int,4,10,0,0,
dbo,SDB_COMPTA_ENTRY_LOG,,4,entry_role,nvarchar,100,0,0,0,
dbo,SDB_COMPTA_ENTRY_LOG,,5,amount,float,8,53,0,0,
dbo,SDB_COMPTA_ENTRY_LOG,,6,created_at,datetime,8,23,3,0,
dbo,SDB_COUNTER,,1,counter_key,nvarchar,200,0,0,0,
dbo,SDB_COUNTER,,2,next_value,bigint,8,19,0,0,
dbo,SDB_COUNTER,,3,updated_at,datetime,8,23,3,0,
dbo,SDB_PIECE_LINE_META,,1,line_key,nvarchar,200,0,0,0,
dbo,SDB_PIECE_LINE_META,,2,piece_id,nvarchar,100,0,0,0,
dbo,SDB_PIECE_LINE_META,,3,ordre,int,4,10,0,0,
dbo,SDB_PIECE_LINE_META,,4,article_code,nvarchar,200,0,0,1,
dbo,SDB_PIECE_LINE_META,,5,unite,nvarchar,100,0,0,1,
dbo,SDB_PIECE_LINE_META,,6,updated_at,datetime,8,23,3,0,
dbo,SDB_PIECE_LINE_META,,7,remise_type,nvarchar,40,0,0,0,
dbo,SDB_PIECE_LINE_META,,8,remise_valeur,float,8,53,0,0,
dbo,SDB_PIECE_LINE_META,,9,taux_tva,float,8,53,0,0,
dbo,SDB_PIECE_LINE_META,,10,montant_tva,float,8,53,0,0,
dbo,SDB_PIECE_LINE_META,,11,taux_bic,float,8,53,0,0,
dbo,SDB_PIECE_LINE_META,,12,montant_bic,float,8,53,0,0,
dbo,SDB_PIECE_LINE_META,,13,tax_exempt,bit,1,1,0,0,
dbo,SDB_PIECE_LINE_META,,14,revenue_account,nvarchar,200,0,0,1,
dbo,SDB_PIECE_LINE_META,,15,expense_account,nvarchar,200,0,0,1,
dbo,SDB_PIECE_LINE_META,,16,vat_account,nvarchar,200,0,0,1,
dbo,SDB_PIECE_LINE_META,,17,bic_account,nvarchar,200,0,0,1,
dbo,SDB_PIECE_LINE_META,,18,custom_tax_rules,nvarchar,-1,0,0,1,
dbo,SDB_PIECE_META,,1,piece_id,nvarchar,100,0,0,0,
dbo,SDB_PIECE_META,,2,date_echeance,date,3,10,0,1,
dbo,SDB_PIECE_META,,3,tiers_code,nvarchar,200,0,0,1,
dbo,SDB_PIECE_META,,4,tiers_nom,nvarchar,510,0,0,1,
dbo,SDB_PIECE_META,,5,tiers_adresse,nvarchar,510,0,0,1,
dbo,SDB_PIECE_META,,6,tiers_cp,nvarchar,100,0,0,1,
dbo,SDB_PIECE_META,,7,tiers_ville,nvarchar,200,0,0,1,
dbo,SDB_PIECE_META,,8,tiers_pays,nvarchar,200,0,0,1,
dbo,SDB_PIECE_META,,9,tiers_siret,nvarchar,200,0,0,1,
dbo,SDB_PIECE_META,,10,tiers_tva,nvarchar,200,0,0,1,
dbo,SDB_PIECE_META,,11,notes,nvarchar,-1,0,0,1,
dbo,SDB_PIECE_META,,12,conditions,nvarchar,-1,0,0,1,
dbo,SDB_PIECE_META,,13,remise_globale,float,8,53,0,0,
dbo,SDB_PIECE_META,,14,is_supplier,bit,1,1,0,0,
dbo,SDB_PIECE_META,,15,updated_at,datetime,8,23,3,0,
dbo,SDB_PIECE_META,,16,remise_globale_type,nvarchar,40,0,0,0,
dbo,SDB_PIECE_META,,17,remise_globale_valeur,float,8,53,0,0,
dbo,SDB_PIECE_META,,18,total_bic,float,8,53,0,0,
dbo,SDB_PIECE_META,,19,total_ht,float,8,53,0,0,
dbo,SDB_PIECE_META,,20,total_tva,float,8,53,0,0,
dbo,SDB_PIECE_META,,21,total_ttc,float,8,53,0,0,
dbo,SDB_PIECE_STATUS,,1,piece_id,nvarchar,100,0,0,0,
dbo,SDB_PIECE_STATUS,,2,statut,nvarchar,100,0,0,0,
dbo,SDB_PIECE_STATUS,,3,updated_at,datetime,8,23,3,0,
dbo,SDB_PIECE_STATUS,,4,updated_by,nvarchar,200,0,0,1,
dbo,SDB_PIECE_STATUS_HISTORY,,1,id,nvarchar,100,0,0,0,
dbo,SDB_PIECE_STATUS_HISTORY,,2,piece_id,nvarchar,100,0,0,0,
dbo,SDB_PIECE_STATUS_HISTORY,,3,from_statut,nvarchar,100,0,0,1,
dbo,SDB_PIECE_STATUS_HISTORY,,4,to_statut,nvarchar,100,0,0,0,
dbo,SDB_PIECE_STATUS_HISTORY,,5,updated_at,datetime,8,23,3,0,
dbo,SDB_PIECE_STATUS_HISTORY,,6,updated_by,nvarchar,200,0,0,1,
dbo,SDB_TIERS,,1,id,nvarchar,100,0,0,0,
dbo,SDB_TIERS,,2,code,nvarchar,200,0,0,0,
dbo,SDB_TIERS,,3,nom,nvarchar,510,0,0,1,
dbo,SDB_TIERS,,4,adresse,nvarchar,510,0,0,1,
dbo,SDB_TIERS,,5,cp,nvarchar,100,0,0,1,
dbo,SDB_TIERS,,6,ville,nvarchar,200,0,0,1,
dbo,SDB_TIERS,,7,pays,nvarchar,200,0,0,1,
dbo,SDB_TIERS,,8,siret,nvarchar,200,0,0,1,
dbo,SDB_TIERS,,9,email,nvarchar,200,0,0,1,
dbo,SDB_TIERS,,10,telephone,nvarchar,200,0,0,1,
dbo,SDB_TIERS,,11,tva_intra,nvarchar,200,0,0,1,
dbo,SDB_TIERS,,12,type_tiers,nvarchar,100,0,0,0,
dbo,SDB_TIERS,,13,created_at,nvarchar,100,0,0,1,
dbo,SDB_TIERS,,14,updated_at,nvarchar,100,0,0,1,
dbo,SECHEANCE,,1,oid,TOID,32,0,0,0,
dbo,SECHEANCE,,2,idOTP,int,4,10,0,0,
dbo,SECHEANCE,,3,data,nvarchar,-1,0,0,1,
dbo,SECHEANCE,,4,data1,nvarchar,256,0,0,1,
dbo,SECHEANCE,,5,oid1,TOID,32,0,0,1,
dbo,SECHEANCE,,6,data2,nvarchar,256,0,0,1,
dbo,SECHEANCE,,7,oid2,TOID,32,0,0,1,
dbo,SECHEANCE,,8,data3,nvarchar,256,0,0,1,
dbo,SECHEANCE,,9,data4,nvarchar,6,0,0,1,
dbo,SECHEANCE,,10,oid4,TOID,32,0,0,1,
dbo,SECHEANCE,,11,data5,nvarchar,256,0,0,1,
dbo,SECHEANCE,,12,data6,nvarchar,256,0,0,1,
dbo,SECHEANCE,,13,oid6,TOID,32,0,0,1,
dbo,SECHEANCE,,14,data7,nvarchar,256,0,0,1,
dbo,SECHEANCE,,15,data8,datetime,8,23,3,1,
dbo,SECHEANCE,,16,oid8,TOID,32,0,0,1,
dbo,SECHEANCE,,17,data9,money,8,19,4,1,
dbo,SECHEANCE,,18,oid9,TOID,32,0,0,1,
dbo,SECHEANCE,,19,data10,money,8,19,4,1,
dbo,SECHEANCE,,20,oid10,TOID,32,0,0,1,
dbo,SECHEANCE,,21,data11,nvarchar,256,0,0,1,
dbo,SECHEANCE,,22,oid11,TOID,32,0,0,1,
dbo,SECHEANCE,,23,data12,nvarchar,256,0,0,1,
dbo,SECHEANCE,,24,oid12,TOID,32,0,0,1,
dbo,SECHEANCE,,25,data13,nvarchar,256,0,0,1,
dbo,SECHEANCE,,26,data14,nvarchar,510,0,0,1,
dbo,SECHEANCE,,27,data15,nvarchar,256,0,0,1,
dbo,SECHEANCE,,28,data16,nvarchar,510,0,0,1,
dbo,SECHEANCE,,29,oid16,TOID,32,0,0,1,
dbo,SECRITURE,,1,oid,TOID,32,0,0,0,
dbo,SECRITURE,,2,idOTP,int,4,10,0,0,
dbo,SECRITURE,,3,data,nvarchar,-1,0,0,1,
dbo,SECRITURE,,4,data1,nvarchar,256,0,0,1,
dbo,SECRITURE,,5,oid1,TOID,32,0,0,1,
dbo,SECRITURE,,6,data2,nvarchar,256,0,0,1,
dbo,SECRITURE,,7,oid2,TOID,32,0,0,1,
dbo,SECRITURE,,8,data3,nvarchar,256,0,0,1,
dbo,SECRITURE,,9,data4,nvarchar,6,0,0,1,
dbo,SECRITURE,,10,oid4,TOID,32,0,0,1,
dbo,SECRITURE,,11,data5,nvarchar,256,0,0,1,
dbo,SECRITURE,,12,data6,nvarchar,256,0,0,1,
dbo,SECRITURE,,13,oid6,TOID,32,0,0,1,
dbo,SECRITURE,,14,data7,nvarchar,256,0,0,1,
dbo,SECRITURE,,15,data8,datetime,8,23,3,1,
dbo,SECRITURE,,16,data9,money,8,19,4,1,
dbo,SECRITURE,,17,data10,money,8,19,4,1,
dbo,SECRITURE,,18,data11,nvarchar,256,0,0,1,
dbo,SECRITURE,,19,oid11,TOID,32,0,0,1,
dbo,SECRITURE,,20,data12,nvarchar,256,0,0,1,
dbo,SECRITURE,,21,oid12,TOID,32,0,0,1,
dbo,SECRITURE,,22,data13,nvarchar,256,0,0,1,
dbo,SECRITURE,,23,data14,nvarchar,510,0,0,1,
dbo,SECRITURE,,24,data15,nvarchar,256,0,0,1,
dbo,SECRITURE,,25,data16,nvarchar,510,0,0,1,
dbo,SECRITURE,,26,oid16,TOID,32,0,0,1,
dbo,SECRITUREBANCAIRE,,1,oid,TOID,32,0,0,0,
dbo,SECRITUREBANCAIRE,,2,idOTP,int,4,10,0,0,
dbo,SECRITUREBANCAIRE,,3,data,nvarchar,-1,0,0,1,
dbo,SECRITUREBANCAIRE,,4,data1,nvarchar,256,0,0,1,
dbo,SECRITUREBANCAIRE,,5,data2,nvarchar,256,0,0,1,
dbo,SECRITUREBANCAIRE,,6,data3,nvarchar,256,0,0,1,
dbo,SECRITUREBANCAIRE,,7,oid3,TOID,32,0,0,1,
dbo,SECRITUREBANCAIRE,,8,data4,datetime,8,23,3,1,
dbo,SECRITUREBANCAIRE,,9,data5,nvarchar,256,0,0,1,
dbo,SECRITUREBANCAIRE,,10,data6,money,8,19,4,1,
dbo,SECRITUREBANCAIRE,,11,data7,nvarchar,256,0,0,1,
dbo,SECRITUREBANCAIRE,,12,data8,money,8,19,4,1,
dbo,SECRITUREBANCAIRE,,13,data9,datetime,8,23,3,1,
dbo,SECRITUREBANCAIRE,,14,data10,int,4,10,0,1,
dbo,SECRITUREBANCAIRE,,15,data11,int,4,10,0,1,
dbo,SECRITUREBANCAIRE,,16,data12,nvarchar,256,0,0,1,
dbo,SECRITUREBANCAIRE,,17,data13,nvarchar,256,0,0,1,
dbo,SECRITUREBANCAIRE,,18,oid13,TOID,32,0,0,1,
dbo,SECRITUREBANCAIRE,,19,data14,nvarchar,256,0,0,1,
dbo,SECRITUREBANCAIRE,,20,data15,nvarchar,256,0,0,1,
dbo,SECRITUREBANCAIRE,,21,data17,nvarchar,256,0,0,1,
dbo,SECRITUREBANCAIRE,,22,data18,datetime,8,23,3,1,
dbo,SROLETIERS,,1,oid,TOID,32,0,0,0,
dbo,SROLETIERS,,2,idOTP,int,4,10,0,0,
dbo,SROLETIERS,,3,data,nvarchar,-1,0,0,1,
dbo,SROLETIERS,,4,data1,nvarchar,256,0,0,1,
dbo,SROLETIERS,,5,data2,nvarchar,510,0,0,1,
dbo,SROLETIERS,,6,oid2,TOID,32,0,0,1,
dbo,SROLETIERS,,7,data3,nvarchar,510,0,0,1,
dbo,SROLETIERS,,8,oid3,TOID,32,0,0,1,
dbo,SROLETIERS,,9,data4,nvarchar,256,0,0,1,
dbo,SROLETIERS,,10,oid4,TOID,32,0,0,1,
dbo,SROLETIERS,,11,data5,nvarchar,256,0,0,1,
dbo,SROLETIERS,,12,oid5,TOID,32,0,0,1,
dbo,SROLETIERS,,13,data6,nvarchar,256,0,0,1,
dbo,SROLETIERS,,14,oid6,TOID,32,0,0,1,
dbo,SROLETIERS,,15,data7,nvarchar,256,0,0,1,
dbo,SROLETIERS,,16,oid7,TOID,32,0,0,1,
dbo,SROLETIERS,,17,data8,nvarchar,256,0,0,1,
dbo,SROLETIERS,,18,oid8,TOID,32,0,0,1,
dbo,SROLETIERS,,19,data9,nvarchar,256,0,0,1,
dbo,SROLETIERS,,20,oid9,TOID,32,0,0,1,
dbo,SROLETIERS,,21,data10,nvarchar,256,0,0,1,
dbo,SROLETIERS,,22,oid10,TOID,32,0,0,1,
dbo,STIERS,,1,oid,TOID,32,0,0,0,
dbo,STIERS,,2,idOTP,int,4,10,0,0,
dbo,STIERS,,3,data,nvarchar,-1,0,0,1,
dbo,STIERS,,4,data1,nvarchar,510,0,0,1,
dbo,STIERS,,5,data2,nvarchar,256,0,0,1,
dbo,STIERS,,6,data3,nvarchar,510,0,0,1,
dbo,STIERS,,7,data4,nvarchar,256,0,0,1,
dbo,STIERS,,8,data5,nvarchar,256,0,0,1,
dbo,STIERS,,9,data6,nvarchar,256,0,0,1,
dbo,TABONNEMENT,,1,anneeComptabilisation,int,4,10,0,1,
dbo,TABONNEMENT,,2,Caption,nvarchar,256,0,0,1,
dbo,TABONNEMENT,,3,code,nvarchar,256,0,0,1,
dbo,TABONNEMENT,,4,dateDebut,datetime,8,23,3,1,
dbo,TABONNEMENT,,5,dateFin,datetime,8,23,3,1,
dbo,TABONNEMENT,,6,decadeComptabilisation,int,4,10,0,1,
dbo,TABONNEMENT,,7,finPeriode,bit,1,1,0,1,
dbo,TABONNEMENT,,8,idOTP,int,4,10,0,1,
dbo,TABONNEMENT,,9,jourComptabilisation,int,4,10,0,1,
dbo,TABONNEMENT,,10,jourSemaine,smallint,2,5,0,1,
dbo,TABONNEMENT,,11,moisComptabilisation,int,4,10,0,1,
dbo,TABONNEMENT,,12,montantDevise,money,8,19,4,1,
dbo,TABONNEMENT,,13,montantDevise_CodeDevise,nvarchar,6,0,0,1,
dbo,TABONNEMENT,,14,nombreUnites,int,4,10,0,1,
dbo,TABONNEMENT,,15,oid,TOID,32,0,0,0,
dbo,TABONNEMENT,,16,oidnatureAbonnement,TOID,32,0,0,1,
dbo,TABONNEMENT,,17,oidpieceOrigine,TOID,32,0,0,1,
dbo,TABONNEMENT,,18,quinzaineComptabilisation,int,4,10,0,1,
dbo,TABONNEMENT,,19,semaineComptabilisation,int,4,10,0,1,
dbo,TABONNEMENT,,20,uniteTemps,smallint,2,5,0,1,
dbo,TABONNEMENT,,21,UpdDate,datetime,8,23,3,1,
dbo,TABONNEMENT,,22,UpdStamp,char,16,0,0,1,
dbo,TABONNEMENT,,23,UpdUser,nvarchar,48,0,0,1,
dbo,TABONNEMENTAF,,1,actif,bit,1,1,0,1,
dbo,TABONNEMENTAF,,2,Caption,nvarchar,256,0,0,1,
dbo,TABONNEMENTAF,,3,confirme,bit,1,1,0,1,
dbo,TABONNEMENTAF,,4,dateProchainAvance,datetime,8,23,3,1,
dbo,TABONNEMENTAF,,5,idOTP,int,4,10,0,1,
dbo,TABONNEMENTAF,,6,montant,money,8,19,4,1,
dbo,TABONNEMENTAF,,7,montant_CodeDevise,nvarchar,6,0,0,1,
dbo,TABONNEMENTAF,,8,nombrePeriode,int,4,10,0,1,
dbo,TABONNEMENTAF,,9,oid,TOID,32,0,0,0,
dbo,TABONNEMENTAF,,10,oidEtablissement,TOID,32,0,0,1,
dbo,TABONNEMENTAF,,11,oidSalarie,TOID,32,0,0,1,
dbo,TABONNEMENTAF,,12,periodicite,smallint,2,5,0,1,
dbo,TABONNEMENTAF,,13,UpdDate,datetime,8,23,3,1,
dbo,TABONNEMENTAF,,14,UpdStamp,char,16,0,0,1,
dbo,TABONNEMENTAF,,15,UpdUser,nvarchar,48,0,0,1,
dbo,TABONNEMENTDETAIL,,1,Caption,nvarchar,256,0,0,1,
dbo,TABONNEMENTDETAIL,,2,dateComptabilisation,datetime,8,23,3,1,
dbo,TABONNEMENTDETAIL,,3,dateDebut,datetime,8,23,3,1,
dbo,TABONNEMENTDETAIL,,4,dateFin,datetime,8,23,3,1,
dbo,TABONNEMENTDETAIL,,5,idOTP,int,4,10,0,1,
dbo,TABONNEMENTDETAIL,,6,montantAbonnement,money,8,19,4,1,
dbo,TABONNEMENTDETAIL,,7,montantAbonnement_CodeDevise,nvarchar,6,0,0,1,
dbo,TABONNEMENTDETAIL,,8,oid,TOID,32,0,0,0,
dbo,TABONNEMENTDETAIL,,9,oidAbonnement,TOID,32,0,0,1,
dbo,TABONNEMENTDETAIL,,10,oidPiece,TOID,32,0,0,1,
dbo,TABONNEMENTDETAIL,,11,UpdDate,datetime,8,23,3,1,
dbo,TABONNEMENTDETAIL,,12,UpdStamp,char,16,0,0,1,
dbo,TABONNEMENTDETAIL,,13,UpdUser,nvarchar,48,0,0,1,
dbo,TACTIVITE,,1,Caption,nvarchar,256,0,0,1,
dbo,TACTIVITE,,2,code,nvarchar,256,0,0,1,
dbo,TACTIVITE,,3,idOTP,int,4,10,0,1,
dbo,TACTIVITE,,4,oid,TOID,32,0,0,0,
dbo,TACTIVITE,,5,UpdDate,datetime,8,23,3,1,
dbo,TACTIVITE,,6,UpdStamp,char,16,0,0,1,
dbo,TACTIVITE,,7,UpdUser,nvarchar,48,0,0,1,
dbo,TACTIVITEREGULARISATIONTVA,,1,Caption,nvarchar,256,0,0,1,
dbo,TACTIVITEREGULARISATIONTVA,,2,coefAssujettissement,float,8,53,0,1,
dbo,TACTIVITEREGULARISATIONTVA,,3,coefAssujettissement_Decimales,int,4,10,0,1,
dbo,TACTIVITEREGULARISATIONTVA,,4,coefAssuProvisoire,float,8,53,0,1,
dbo,TACTIVITEREGULARISATIONTVA,,5,coefAssuProvisoire_Decimales,int,4,10,0,1,
dbo,TACTIVITEREGULARISATIONTVA,,6,coefTaxaProvisoire,float,8,53,0,1,
dbo,TACTIVITEREGULARISATIONTVA,,7,coefTaxaProvisoire_Decimales,int,4,10,0,1,
dbo,TACTIVITEREGULARISATIONTVA,,8,coefTaxation,float,8,53,0,1,
dbo,TACTIVITEREGULARISATIONTVA,,9,coefTaxation_Decimales,int,4,10,0,1,
dbo,TACTIVITEREGULARISATIONTVA,,10,idOTP,int,4,10,0,1,
dbo,TACTIVITEREGULARISATIONTVA,,11,oid,TOID,32,0,0,0,
dbo,TACTIVITEREGULARISATIONTVA,,12,oidTRegularisationAnnuelleTVA,TOID,32,0,0,1,
dbo,TACTIVITEREGULARISATIONTVA,,13,oidTSecteurActivite,TOID,32,0,0,1,
dbo,TACTIVITEREGULARISATIONTVA,,14,regularisationCompta,bit,1,1,0,1,
dbo,TACTIVITEREGULARISATIONTVA,,15,regularisationImmoProvisoire,bit,1,1,0,1,
dbo,TACTIVITEREGULARISATIONTVA,,16,regularisationImmoReference,bit,1,1,0,1,
dbo,TACTIVITEREGULARISATIONTVA,,17,UpdDate,datetime,8,23,3,1,
dbo,TACTIVITEREGULARISATIONTVA,,18,UpdStamp,char,16,0,0,1,
dbo,TACTIVITEREGULARISATIONTVA,,19,UpdUser,nvarchar,48,0,0,1,
dbo,TACTIVITEREGULARISATIONTVA,,20,valide,bit,1,1,0,1,
dbo,TADRESSE,,1,Caption,nvarchar,256,0,0,1,
dbo,TADRESSE,,2,cedex,nvarchar,256,0,0,1,
dbo,TADRESSE,,3,codePostal,nvarchar,256,0,0,1,
dbo,TADRESSE,,4,complementAdresse,nvarchar,256,0,0,1,
dbo,TADRESSE,,5,eMail,nvarchar,510,0,0,1,
dbo,TADRESSE,,6,etatProvince,nvarchar,256,0,0,1,
dbo,TADRESSE,,7,geoloc_lat,float,8,53,0,1,
dbo,TADRESSE,,8,geoloc_long,float,8,53,0,1,
dbo,TADRESSE,,9,idOTP,int,4,10,0,1,
dbo,TADRESSE,,10,indicationDistribution,nvarchar,256,0,0,1,
dbo,TADRESSE,,11,nomRueVoie,nvarchar,256,0,0,1,
dbo,TADRESSE,,12,NPAI,bit,1,1,0,1,
dbo,TADRESSE,,13,oid,TOID,32,0,0,0,
dbo,TADRESSE,,14,oidPays,TOID,32,0,0,1,
dbo,TADRESSE,,15,siteInternet,nvarchar,256,0,0,1,
dbo,TADRESSE,,16,telecopie,nvarchar,256,0,0,1,
dbo,TADRESSE,,17,telephone1,nvarchar,256,0,0,1,
dbo,TADRESSE,,18,telephone2,nvarchar,256,0,0,1,
dbo,TADRESSE,,19,UpdDate,datetime,8,23,3,1,
dbo,TADRESSE,,20,UpdStamp,char,16,0,0,1,
dbo,TADRESSE,,21,UpdUser,nvarchar,48,0,0,1,
dbo,TADRESSE,,22,ville,nvarchar,256,0,0,1,
dbo,TAFFAIRE,,1,Caption,nvarchar,256,0,0,1,
dbo,TAFFAIRE,,2,code,nvarchar,64,0,0,1,
dbo,TAFFAIRE,,3,commentaire,nvarchar,-1,0,0,1,
dbo,TAFFAIRE,,4,dateDebut,datetime,8,23,3,1,
dbo,TAFFAIRE,,5,dateFin,datetime,8,23,3,1,
dbo,TAFFAIRE,,6,estRefusee,bit,1,1,0,1,
dbo,TAFFAIRE,,7,idOTP,int,4,10,0,1,
dbo,TAFFAIRE,,8,mDate,datetime,8,23,3,1,
dbo,TAFFAIRE,,9,oid,TOID,32,0,0,0,
dbo,TAFFAIRE,,10,oidClient,TOID,32,0,0,1,
dbo,TAFFAIRE,,11,oidDossierAffaire,TOID,32,0,0,1,
dbo,TAFFAIRE,,12,oidFournisseur,TOID,32,0,0,1,
dbo,TAFFAIRE,,13,oidInterlocuteurClient,TOID,32,0,0,1,
dbo,TAFFAIRE,,14,oidInterlocuteurFournisseur,TOID,32,0,0,1,
dbo,TAFFAIRE,,15,oidNature,TOID,32,0,0,1,
dbo,TAFFAIRE,,16,oidResponsable,TOID,32,0,0,1,
dbo,TAFFAIRE,,17,terminee,bit,1,1,0,1,
dbo,TAFFAIRE,,18,UpdDate,datetime,8,23,3,1,
dbo,TAFFAIRE,,19,UpdStamp,char,16,0,0,1,
dbo,TAFFAIRE,,20,UpdUser,nvarchar,48,0,0,1,
dbo,TAFFAIRE,,21,baseExoDeclaree,money,8,19,4,1,
dbo,TAFFAIRE,,22,baseExoDeclaree_CodeDevise,nvarchar,6,0,0,1,
dbo,TAFFAIRE,,23,baseHTDeclaree,money,8,19,4,1,
dbo,TAFFAIRE,,24,baseHTDeclaree_CodeDevise,nvarchar,6,0,0,1,
dbo,TAFFAIRE,,25,dateDerniereEcr,datetime,8,23,3,1,
dbo,TAFFAIRE,,26,montantTVADeclare,money,8,19,4,1,
dbo,TAFFAIRE,,27,montantTVADeclare_CodeDevise,nvarchar,6,0,0,1,
dbo,TAFFECTATIONEXTENSION,,1,attributExtension,nvarchar,256,0,0,1,
dbo,TAFFECTATIONEXTENSION,,2,attributImportEcritures,nvarchar,256,0,0,1,
dbo,TAFFECTATIONEXTENSION,,3,Caption,nvarchar,256,0,0,1,
dbo,TAFFECTATIONEXTENSION,,4,idOTP,int,4,10,0,1,
dbo,TAFFECTATIONEXTENSION,,5,oid,TOID,32,0,0,0,
dbo,TAFFECTATIONEXTENSION,,6,typeExtension,smallint,2,5,0,1,
dbo,TAFFECTATIONEXTENSION,,7,UpdDate,datetime,8,23,3,1,
dbo,TAFFECTATIONEXTENSION,,8,UpdStamp,char,16,0,0,1,
dbo,TAFFECTATIONEXTENSION,,9,UpdUser,nvarchar,48,0,0,1,
dbo,TAFFECTATIONIMPORTECRITURE,,1,attrImport,nvarchar,256,0,0,1,
dbo,TAFFECTATIONIMPORTECRITURE,,2,attrSource,nvarchar,256,0,0,1,
dbo,TAFFECTATIONIMPORTECRITURE,,3,Caption,nvarchar,256,0,0,1,
dbo,TAFFECTATIONIMPORTECRITURE,,4,idOTP,int,4,10,0,1,
dbo,TAFFECTATIONIMPORTECRITURE,,5,oid,TOID,32,0,0,0,
dbo,TAFFECTATIONIMPORTECRITURE,,6,oidDescImportEcriture,TOID,32,0,0,1,
dbo,TAFFECTATIONIMPORTECRITURE,,7,UpdDate,datetime,8,23,3,1,
dbo,TAFFECTATIONIMPORTECRITURE,,8,UpdStamp,char,16,0,0,1,
dbo,TAFFECTATIONIMPORTECRITURE,,9,UpdUser,nvarchar,48,0,0,1,
dbo,TAFFECTATIONIMPORTEXTENSION,,1,attributExtension,nvarchar,256,0,0,1,
dbo,TAFFECTATIONIMPORTEXTENSION,,2,attributImport,nvarchar,256,0,0,1,
dbo,TAFFECTATIONIMPORTEXTENSION,,3,Caption,nvarchar,256,0,0,1,
dbo,TAFFECTATIONIMPORTEXTENSION,,4,idOTP,int,4,10,0,1,
dbo,TAFFECTATIONIMPORTEXTENSION,,5,oid,TOID,32,0,0,0,
dbo,TAFFECTATIONIMPORTEXTENSION,,6,oidParametreImportDetail,TOID,32,0,0,1,
dbo,TAFFECTATIONIMPORTEXTENSION,,7,oidParametreImportPrincipal,TOID,32,0,0,1,
dbo,TAFFECTATIONIMPORTEXTENSION,,8,UpdDate,datetime,8,23,3,1,
dbo,TAFFECTATIONIMPORTEXTENSION,,9,UpdStamp,char,16,0,0,1,
dbo,TAFFECTATIONIMPORTEXTENSION,,10,UpdUser,nvarchar,48,0,0,1,
dbo,TAFFECTATIONIMPORTEXTENSION,,11,oidParametreImportTiers,TOID,32,0,0,1,
dbo,TAFFECTATIONINDEMNITE,,1,Caption,nvarchar,256,0,0,1,
dbo,TAFFECTATIONINDEMNITE,,2,code,nvarchar,256,0,0,1,
dbo,TAFFECTATIONINDEMNITE,,3,idOTP,int,4,10,0,1,
dbo,TAFFECTATIONINDEMNITE,,4,oid,TOID,32,0,0,0,
dbo,TAFFECTATIONINDEMNITE,,5,systeme,bit,1,1,0,1,
dbo,TAFFECTATIONINDEMNITE,,6,UpdDate,datetime,8,23,3,1,
dbo,TAFFECTATIONINDEMNITE,,7,UpdStamp,char,16,0,0,1,
dbo,TAFFECTATIONINDEMNITE,,8,UpdUser,nvarchar,48,0,0,1,
dbo,TAGENCEBANCAIRE,,1,Caption,nvarchar,256,0,0,1,
dbo,TAGENCEBANCAIRE,,2,code,nvarchar,256,0,0,1,
dbo,TAGENCEBANCAIRE,,3,codeBIC,nvarchar,256,0,0,1,
dbo,TAGENCEBANCAIRE,,4,codeGuichet,nvarchar,256,0,0,1,
dbo,TAGENCEBANCAIRE,,5,controleCle,bit,1,1,0,1,
dbo,TAGENCEBANCAIRE,,6,domiciliationBancaire,nvarchar,256,0,0,1,
dbo,TAGENCEBANCAIRE,,7,estCodeBICImporte,bit,1,1,0,1,
dbo,TAGENCEBANCAIRE,,8,idOTP,int,4,10,0,1,
dbo,TAGENCEBANCAIRE,,9,noTraitement,int,4,10,0,1,
dbo,TAGENCEBANCAIRE,,10,oid,TOID,32,0,0,0,
dbo,TAGENCEBANCAIRE,,11,oidAdresse,TOID,32,0,0,1,
dbo,TAGENCEBANCAIRE,,12,oidBanque,TOID,32,0,0,1,
dbo,TAGENCEBANCAIRE,,13,oidCalendrierJourFerie,TOID,32,0,0,1,
dbo,TAGENCEBANCAIRE,,14,oidCalendrierJourFermeture,TOID,32,0,0,1,
dbo,TAGENCEBANCAIRE,,15,oidContactAgence,TOID,32,0,0,1,
dbo,TAGENCEBANCAIRE,,16,UpdDate,datetime,8,23,3,1,
dbo,TAGENCEBANCAIRE,,17,UpdStamp,char,16,0,0,1,
dbo,TAGENCEBANCAIRE,,18,UpdUser,nvarchar,48,0,0,1,
dbo,TAGENCEBANCAIRE,,19,estAgenceSociete,bit,1,1,0,1,
dbo,TAGREGATPOSITIONGROUPE,,1,Caption,nvarchar,256,0,0,1,
dbo,TAGREGATPOSITIONGROUPE,,2,code,nvarchar,256,0,0,1,
dbo,TAGREGATPOSITIONGROUPE,,3,idOTP,int,4,10,0,1,
dbo,TAGREGATPOSITIONGROUPE,,4,memeUnite,bit,1,1,0,1,
dbo,TAGREGATPOSITIONGROUPE,,5,oid,TOID,32,0,0,0,
dbo,TAGREGATPOSITIONGROUPE,,6,oidDimensionGroupe,TOID,32,0,0,1,
dbo,TAGREGATPOSITIONGROUPE,,7,oidUnite,TOID,32,0,0,1,
dbo,TAGREGATPOSITIONGROUPE,,8,UpdDate,datetime,8,23,3,1,
dbo,TAGREGATPOSITIONGROUPE,,9,UpdStamp,char,16,0,0,1,
dbo,TAGREGATPOSITIONGROUPE,,10,UpdUser,nvarchar,48,0,0,1,
dbo,TAIDEFISCALE,,1,accordObtenu,bit,1,1,0,1,
dbo,TAIDEFISCALE,,2,accordPrealable,bit,1,1,0,1,
dbo,TAIDEFISCALE,,3,baseCalcul,smallint,2,5,0,1,
dbo,TAIDEFISCALE,,4,Caption,nvarchar,256,0,0,1,
dbo,TAIDEFISCALE,,5,code,nvarchar,256,0,0,1,
dbo,TAIDEFISCALE,,6,dateApplication,smallint,2,5,0,1,
dbo,TAIDEFISCALE,,7,debutValidite,datetime,8,23,3,1,
dbo,TAIDEFISCALE,,8,diminutionBase,bit,1,1,0,1,
dbo,TAIDEFISCALE,,9,dureeAnnee,int,4,10,0,1,
dbo,TAIDEFISCALE,,10,dureeApplication,int,4,10,0,1,
dbo,TAIDEFISCALE,,11,dureeMois,int,4,10,0,1,
dbo,TAIDEFISCALE,,12,exceptionnel,bit,1,1,0,1,
dbo,TAIDEFISCALE,,13,finValidite,datetime,8,23,3,1,
dbo,TAIDEFISCALE,,14,idOTP,int,4,10,0,1,
dbo,TAIDEFISCALE,,15,natureRegleAmortissement,smallint,2,5,0,1,
dbo,TAIDEFISCALE,,16,oid,TOID,32,0,0,0,
dbo,TAIDEFISCALE,,17,oidRegleAmortissement,TOID,32,0,0,1,
dbo,TAIDEFISCALE,,18,premierExercice,bit,1,1,0,1,
dbo,TAIDEFISCALE,,19,systeme,bit,1,1,0,1,
dbo,TAIDEFISCALE,,20,taux,float,8,53,0,1,
dbo,TAIDEFISCALE,,21,taux_Decimales,int,4,10,0,1,
dbo,TAIDEFISCALE,,22,tauxMajoration,float,8,53,0,1,
dbo,TAIDEFISCALE,,23,tauxMajoration_Decimales,int,4,10,0,1,
dbo,TAIDEFISCALE,,24,texte,nvarchar,-1,0,0,1,
dbo,TAIDEFISCALE,,25,UpdDate,datetime,8,23,3,1,
dbo,TAIDEFISCALE,,26,UpdStamp,char,16,0,0,1,
dbo,TAIDEFISCALE,,27,UpdUser,nvarchar,48,0,0,1,
dbo,TAJUSTEMENTVCOM,,1,Caption,nvarchar,256,0,0,1,
dbo,TAJUSTEMENTVCOM,,2,idOTP,int,4,10,0,1,
dbo,TAJUSTEMENTVCOM,,3,montant,money,8,19,4,1,
dbo,TAJUSTEMENTVCOM,,4,montant_CodeDevise,nvarchar,6,0,0,1,
dbo,TAJUSTEMENTVCOM,,5,oid,TOID,32,0,0,0,
dbo,TAJUSTEMENTVCOM,,6,oidDocumentCommercial,TOID,32,0,0,1,
dbo,TAJUSTEMENTVCOM,,7,oidMotifAjustement,TOID,32,0,0,1,
dbo,TAJUSTEMENTVCOM,,8,oidTypeReferenceAjustement,TOID,32,0,0,1,
dbo,TAJUSTEMENTVCOM,,9,reference,nvarchar,510,0,0,1,
dbo,TAJUSTEMENTVCOM,,10,UpdDate,datetime,8,23,3,1,
dbo,TAJUSTEMENTVCOM,,11,UpdStamp,char,16,0,0,1,
dbo,TAJUSTEMENTVCOM,,12,UpdUser,nvarchar,48,0,0,1,
dbo,TAMORTISSEMENTANALYTIQUEDETAIL,,1,Caption,nvarchar,256,0,0,1,
dbo,TAMORTISSEMENTANALYTIQUEDETAIL,,2,compte,nvarchar,256,0,0,1,
dbo,TAMORTISSEMENTANALYTIQUEDETAIL,,3,deprecReeval,bit,1,1,0,1,
dbo,TAMORTISSEMENTANALYTIQUEDETAIL,,4,extourne,bit,1,1,0,1,
dbo,TAMORTISSEMENTANALYTIQUEDETAIL,,5,idOTP,int,4,10,0,1,
dbo,TAMORTISSEMENTANALYTIQUEDETAIL,,6,idSession,nvarchar,256,0,0,1,
dbo,TAMORTISSEMENTANALYTIQUEDETAIL,,7,montant,float,8,53,0,1,
dbo,TAMORTISSEMENTANALYTIQUEDETAIL,,8,oid,TOID,32,0,0,0,
dbo,TAMORTISSEMENTANALYTIQUEDETAIL,,9,oidAmortissementPeriode,TOID,32,0,0,1,
dbo,TAMORTISSEMENTANALYTIQUEDETAIL,,10,oidDetailAnalytiqueImmo,TOID,32,0,0,1,
dbo,TAMORTISSEMENTANALYTIQUEDETAIL,,11,UpdDate,datetime,8,23,3,1,
dbo,TAMORTISSEMENTANALYTIQUEDETAIL,,12,UpdStamp,char,16,0,0,1,
dbo,TAMORTISSEMENTANALYTIQUEDETAIL,,13,UpdUser,nvarchar,48,0,0,1,
dbo,TAMORTISSEMENTBIEN,,1,Caption,nvarchar,256,0,0,1,
dbo,TAMORTISSEMENTBIEN,,2,forcage,bit,1,1,0,1,
dbo,TAMORTISSEMENTBIEN,,3,idOTP,int,4,10,0,1,
dbo,TAMORTISSEMENTBIEN,,4,oid,TOID,32,0,0,0,
dbo,TAMORTISSEMENTBIEN,,5,oiddotationDonnee,TOID,32,0,0,1,
dbo,TAMORTISSEMENTBIEN,,6,UpdDate,datetime,8,23,3,1,
dbo,TAMORTISSEMENTBIEN,,7,UpdStamp,char,16,0,0,1,
dbo,TAMORTISSEMENTBIEN,,8,UpdUser,nvarchar,48,0,0,1,
dbo,TAMORTISSEMENTBIEN,,9,aideFiscaleCompta,money,8,19,4,1,
dbo,TAMORTISSEMENTBIEN,,10,aideFiscaleCompta_CodeDevise,nvarchar,6,0,0,1,
dbo,TAMORTISSEMENTBIEN,,11,annulationDero,money,8,19,4,1,
dbo,TAMORTISSEMENTBIEN,,12,annulationDero_CodeDevise,nvarchar,6,0,0,1,
dbo,TAMORTISSEMENTBIEN,,13,coursDevise,money,8,19,4,1,
dbo,TAMORTISSEMENTBIEN,,14,coursDevise_CodeDevise,nvarchar,6,0,0,1,
dbo,TAMORTISSEMENTBIEN,,15,coursDevise_Date,datetime,8,23,3,1,
dbo,TAMORTISSEMENTBIEN,,16,coursDevise_TCConv,nvarchar,256,0,0,1,
dbo,TAMORTISSEMENTBIEN,,17,coursDevise_TCValue,money,8,19,4,1,
dbo,TAMORTISSEMENTBIEN,,18,coursDevise_RPConv,nvarchar,256,0,0,1,
dbo,TAMORTISSEMENTBIEN,,19,coursDevise_RPValue,money,8,19,4,1,
dbo,TAMORTISSEMENTBIEN,,20,cumulAideFiscale,money,8,19,4,1,
dbo,TAMORTISSEMENTBIEN,,21,cumulAideFiscale_CodeDevise,nvarchar,6,0,0,1,
dbo,TAMORTISSEMENTBIEN,,22,cumulAmorti,money,8,19,4,1,
dbo,TAMORTISSEMENTBIEN,,23,cumulAmorti_CodeDevise,nvarchar,6,0,0,1,
dbo,TAMORTISSEMENTBIEN,,24,cumulDeprecFin,money,8,19,4,1,
dbo,TAMORTISSEMENTBIEN,,25,cumulDeprecFin_CodeDevise,nvarchar,6,0,0,1,
dbo,TAMORTISSEMENTBIEN,,26,cumulDepreciation,money,8,19,4,1,
dbo,TAMORTISSEMENTBIEN,,27,cumulDepreciation_CodeDevise,nvarchar,6,0,0,1,
dbo,TAMORTISSEMENTBIEN,,28,cumulExceptionnel,money,8,19,4,1,
dbo,TAMORTISSEMENTBIEN,,29,cumulExceptionnel_CodeDevise,nvarchar,6,0,0,1,
dbo,TAMORTISSEMENTBIEN,,30,dateDebut,datetime,8,23,3,1,
dbo,TAMORTISSEMENTBIEN,,31,dateFin,datetime,8,23,3,1,
dbo,TAMORTISSEMENTBIEN,,32,dateFinPrevue,datetime,8,23,3,1,
dbo,TAMORTISSEMENTBIEN,,33,deprecie,bit,1,1,0,1,
dbo,TAMORTISSEMENTBIEN,,34,differe,money,8,19,4,1,
dbo,TAMORTISSEMENTBIEN,,35,differe_CodeDevise,nvarchar,6,0,0,1,
dbo,TAMORTISSEMENTBIEN,,36,duree,float,8,53,0,1,
dbo,TAMORTISSEMENTBIEN,,37,duree_Decimales,int,4,10,0,1,
dbo,TAMORTISSEMENTBIEN,,38,dureeAnnee,int,4,10,0,1,
dbo,TAMORTISSEMENTBIEN,,39,dureeJour,int,4,10,0,1,
dbo,TAMORTISSEMENTBIEN,,40,dureeMois,int,4,10,0,1,
dbo,TAMORTISSEMENTBIEN,,41,ecartReevaluation,money,8,19,4,1,
dbo,TAMORTISSEMENTBIEN,,42,ecartReevaluation_CodeDevise,nvarchar,6,0,0,1,
dbo,TAMORTISSEMENTBIEN,,43,exceptionnelCompta,money,8,19,4,1,
dbo,TAMORTISSEMENTBIEN,,44,exceptionnelCompta_CodeDevise,nvarchar,6,0,0,1,
dbo,TAMORTISSEMENTBIEN,,45,exceptionnelSortie,money,8,19,4,1,
dbo,TAMORTISSEMENTBIEN,,46,exceptionnelSortie_CodeDevise,nvarchar,6,0,0,1,
dbo,TAMORTISSEMENTBIEN,,47,exerciceAjustement,money,8,19,4,1,
dbo,TAMORTISSEMENTBIEN,,48,exerciceAjustement_CodeDevise,nvarchar,6,0,0,1,
dbo,TAMORTISSEMENTBIEN,,49,exerciceDepreciatio,money,8,19,4,1,
dbo,TAMORTISSEMENTBIEN,,50,exerciceDepreciatio_CodeDevise,nvarchar,6,0,0,1,
dbo,TAMORTISSEMENTBIEN,,51,exerciceException,money,8,19,4,1,
dbo,TAMORTISSEMENTBIEN,,52,exerciceException_CodeDevise,nvarchar,6,0,0,1,
dbo,TAMORTISSEMENTBIEN,,53,exerciceIntegre,money,8,19,4,1,
dbo,TAMORTISSEMENTBIEN,,54,exerciceIntegre_CodeDevise,nvarchar,6,0,0,1,
dbo,TAMORTISSEMENTBIEN,,55,exerciceRANouveau,money,8,19,4,1,
dbo,TAMORTISSEMENTBIEN,,56,exerciceRANouveau_CodeDevise,nvarchar,6,0,0,1,
dbo,TAMORTISSEMENTBIEN,,57,existeDerogatoire,bit,1,1,0,1,
dbo,TAMORTISSEMENTBIEN,,58,forcageDepreciation,bit,1,1,0,1,
dbo,TAMORTISSEMENTBIEN,,59,forcageReevaluation,bit,1,1,0,1,
dbo,TAMORTISSEMENTBIEN,,60,indiceCalcul,int,4,10,0,1,
dbo,TAMORTISSEMENTBIEN,,61,indiceEncours,int,4,10,0,1,
dbo,TAMORTISSEMENTBIEN,,62,montantForcageCpt,money,8,19,4,1,
dbo,TAMORTISSEMENTBIEN,,63,montantForcageCpt_CodeDevise,nvarchar,6,0,0,1,
dbo,TAMORTISSEMENTBIEN,,64,nonAmortissable,bit,1,1,0,1,
dbo,TAMORTISSEMENTBIEN,,65,numeroTraitement,int,4,10,0,1,
dbo,TAMORTISSEMENTBIEN,,66,oidAideFiscale,TOID,32,0,0,1,
dbo,TAMORTISSEMENTBIEN,,67,oidBienComptable,TOID,32,0,0,1,
dbo,TAMORTISSEMENTBIEN,,68,oidDotationDerogatoire,TOID,32,0,0,1,
dbo,TAMORTISSEMENTBIEN,,69,oidmouvementEncours,TOID,32,0,0,1,
dbo,TAMORTISSEMENTBIEN,,70,oidRegleAmortissement,TOID,32,0,0,1,
dbo,TAMORTISSEMENTBIEN,,71,oidSchemaAmortissement,TOID,32,0,0,1,
dbo,TAMORTISSEMENTBIEN,,72,oidSchemaComptable,TOID,32,0,0,1,
dbo,TAMORTISSEMENTBIEN,,73,oidventilationUO,TOID,32,0,0,1,
dbo,TAMORTISSEMENTBIEN,,74,operationEncours,smallint,2,5,0,1,
dbo,TAMORTISSEMENTBIEN,,75,plusValueCession,money,8,19,4,1,
dbo,TAMORTISSEMENTBIEN,,76,plusValueCession_CodeDevise,nvarchar,6,0,0,1,
dbo,TAMORTISSEMENTBIEN,,77,reevalue,bit,1,1,0,1,
dbo,TAMORTISSEMENTBIEN,,78,regularisationRattrapage,smallint,2,5,0,1,
dbo,TAMORTISSEMENTBIEN,,79,soldeDiffere,money,8,19,4,1,
dbo,TAMORTISSEMENTBIEN,,80,soldeDiffere_CodeDevise,nvarchar,6,0,0,1,
dbo,TAMORTISSEMENTBIEN,,81,taux,float,8,53,0,1,
dbo,TAMORTISSEMENTBIEN,,82,tauxMajoration,float,8,53,0,1,
dbo,TAMORTISSEMENTBIEN,,83,tauxMajoration_Decimales,int,4,10,0,1,
dbo,TAMORTISSEMENTBIEN,,84,valeurBrute,money,8,19,4,1,
dbo,TAMORTISSEMENTBIEN,,85,valeurBrute_CodeDevise,nvarchar,6,0,0,1,
dbo,TAMORTISSEMENTBIEN,,86,valeurBruteDE,money,8,19,4,1,
dbo,TAMORTISSEMENTBIEN,,87,valeurBruteDE_CodeDevise,nvarchar,6,0,0,1,
dbo,TAMORTISSEMENTBIEN,,88,valeurBruteInitiale,money,8,19,4,1,
dbo,TAMORTISSEMENTBIEN,,89,valeurBruteInitiale_CodeDevise,nvarchar,6,0,0,1,
dbo,TAMORTISSEMENTBIEN,,90,valeurResiduelle,money,8,19,4,1,
dbo,TAMORTISSEMENTBIEN,,91,valeurResiduelle_CodeDevise,nvarchar,6,0,0,1,
dbo,TAMORTISSEMENTPERIODE,,1,aideFiscale,money,8,19,4,1,
dbo,TAMORTISSEMENTPERIODE,,2,aideFiscale_CodeDevise,nvarchar,6,0,0,1,
dbo,TAMORTISSEMENTPERIODE,,3,Caption,nvarchar,256,0,0,1,
dbo,TAMORTISSEMENTPERIODE,,4,coefficient,float,8,53,0,1,
dbo,TAMORTISSEMENTPERIODE,,5,comptabilise,bit,1,1,0,1,
dbo,TAMORTISSEMENTPERIODE,,6,dateDebut,datetime,8,23,3,1,
dbo,TAMORTISSEMENTPERIODE,,7,dateFin,datetime,8,23,3,1,
dbo,TAMORTISSEMENTPERIODE,,8,derogatoire,money,8,19,4,1,
dbo,TAMORTISSEMENTPERIODE,,9,derogatoire_CodeDevise,nvarchar,6,0,0,1,
dbo,TAMORTISSEMENTPERIODE,,10,exceptionnel,money,8,19,4,1,
dbo,TAMORTISSEMENTPERIODE,,11,exceptionnel_CodeDevise,nvarchar,6,0,0,1,
dbo,TAMORTISSEMENTPERIODE,,12,exceptionnelSortie,money,8,19,4,1,
dbo,TAMORTISSEMENTPERIODE,,13,exceptionnelSortie_CodeDevise,nvarchar,6,0,0,1,
dbo,TAMORTISSEMENTPERIODE,,14,idOTP,int,4,10,0,1,
dbo,TAMORTISSEMENTPERIODE,,15,indiceExercice,int,4,10,0,1,
dbo,TAMORTISSEMENTPERIODE,,16,integDepre,money,8,19,4,1,
dbo,TAMORTISSEMENTPERIODE,,17,integDepre_CodeDevise,nvarchar,6,0,0,1,
dbo,TAMORTISSEMENTPERIODE,,18,integreDotation,money,8,19,4,1,
dbo,TAMORTISSEMENTPERIODE,,19,integreDotation_CodeDevise,nvarchar,6,0,0,1,
dbo,TAMORTISSEMENTPERIODE,,20,integReeval,money,8,19,4,1,
dbo,TAMORTISSEMENTPERIODE,,21,integReeval_CodeDevise,nvarchar,6,0,0,1,
dbo,TAMORTISSEMENTPERIODE,,22,montant,money,8,19,4,1,
dbo,TAMORTISSEMENTPERIODE,,23,montant_CodeDevise,nvarchar,6,0,0,1,
dbo,TAMORTISSEMENTPERIODE,,24,numerateur,float,8,53,0,1,
dbo,TAMORTISSEMENTPERIODE,,25,numerateur_Decimales,int,4,10,0,1,
dbo,TAMORTISSEMENTPERIODE,,26,oid,TOID,32,0,0,0,
dbo,TAMORTISSEMENTPERIODE,,27,oidAmortissementPeriodeCompta,TOID,32,0,0,1,
dbo,TAMORTISSEMENTPERIODE,,28,oidDotation,TOID,32,0,0,1,
dbo,TAMORTISSEMENTPERIODE,,29,oidRepartitionPeriode,TOID,32,0,0,1,
dbo,TAMORTISSEMENTPERIODE,,30,reportANouveau,money,8,19,4,1,
dbo,TAMORTISSEMENTPERIODE,,31,reportANouveau_CodeDevise,nvarchar,6,0,0,1,
dbo,TAMORTISSEMENTPERIODE,,32,simulation,bit,1,1,0,1,
dbo,TAMORTISSEMENTPERIODE,,33,UpdDate,datetime,8,23,3,1,
dbo,TAMORTISSEMENTPERIODE,,34,UpdStamp,char,16,0,0,1,
dbo,TAMORTISSEMENTPERIODE,,35,UpdUser,nvarchar,48,0,0,1,
dbo,TAMORTISSEMENTPERIODECOMPTA,,1,aideFiscale,money,8,19,4,1,
dbo,TAMORTISSEMENTPERIODECOMPTA,,2,Caption,nvarchar,256,0,0,1,
dbo,TAMORTISSEMENTPERIODECOMPTA,,3,derogatoire,money,8,19,4,1,
dbo,TAMORTISSEMENTPERIODECOMPTA,,4,exceptionnel,money,8,19,4,1,
dbo,TAMORTISSEMENTPERIODECOMPTA,,5,exceptionnelSortie,money,8,19,4,1,
dbo,TAMORTISSEMENTPERIODECOMPTA,,6,idOTP,int,4,10,0,1,
dbo,TAMORTISSEMENTPERIODECOMPTA,,7,integDepre,money,8,19,4,1,
dbo,TAMORTISSEMENTPERIODECOMPTA,,8,integreDotation,money,8,19,4,1,
dbo,TAMORTISSEMENTPERIODECOMPTA,,9,integReeval,money,8,19,4,1,
dbo,TAMORTISSEMENTPERIODECOMPTA,,10,montant,money,8,19,4,1,
dbo,TAMORTISSEMENTPERIODECOMPTA,,11,oid,TOID,32,0,0,0,
dbo,TAMORTISSEMENTPERIODECOMPTA,,12,reportANouveau,money,8,19,4,1,
dbo,TAMORTISSEMENTPERIODECOMPTA,,13,UpdDate,datetime,8,23,3,1,
dbo,TAMORTISSEMENTPERIODECOMPTA,,14,UpdStamp,char,16,0,0,1,
dbo,TAMORTISSEMENTPERIODECOMPTA,,15,UpdUser,nvarchar,48,0,0,1,
dbo,TAMORTISSEMENTTEMPORAIRE,,1,Caption,nvarchar,256,0,0,1,
dbo,TAMORTISSEMENTTEMPORAIRE,,2,duree,float,8,53,0,1,
dbo,TAMORTISSEMENTTEMPORAIRE,,3,duree_Decimales,int,4,10,0,1,
dbo,TAMORTISSEMENTTEMPORAIRE,,4,idOTP,int,4,10,0,1,
dbo,TAMORTISSEMENTTEMPORAIRE,,5,nonAmortissable,bit,1,1,0,1,
dbo,TAMORTISSEMENTTEMPORAIRE,,6,oid,TOID,32,0,0,0,
dbo,TAMORTISSEMENTTEMPORAIRE,,7,oidAideFiscale,TOID,32,0,0,1,
dbo,TAMORTISSEMENTTEMPORAIRE,,8,oidBienComptable,TOID,32,0,0,1,
dbo,TAMORTISSEMENTTEMPORAIRE,,9,oidRegleAmortissement,TOID,32,0,0,1,
dbo,TAMORTISSEMENTTEMPORAIRE,,10,oidSchemaAmortissement,TOID,32,0,0,1,
dbo,TAMORTISSEMENTTEMPORAIRE,,11,oidVentilationUO,TOID,32,0,0,1,
dbo,TAMORTISSEMENTTEMPORAIRE,,12,UpdDate,datetime,8,23,3,1,
dbo,TAMORTISSEMENTTEMPORAIRE,,13,UpdStamp,char,16,0,0,1,
dbo,TAMORTISSEMENTTEMPORAIRE,,14,UpdUser,nvarchar,48,0,0,1,
dbo,TAMORTISSEMENTTEMPORAIRE,,15,valeurBrute,money,8,19,4,1,
dbo,TAMORTISSEMENTTEMPORAIRE,,16,valeurBrute_CodeDevise,nvarchar,6,0,0,1,
dbo,TAMORTISSEMENTTEMPORAIRE,,17,valeurResiduelle,money,8,19,4,1,
dbo,TAMORTISSEMENTTEMPORAIRE,,18,valeurResiduelle_CodeDevise,nvarchar,6,0,0,1,
dbo,TAMORTISSEMENTTEMPORAIRE,,19,vise,bit,1,1,0,1,
dbo,TANALYSEREGLEMENTS,,1,Caption,nvarchar,256,0,0,1,
dbo,TANALYSEREGLEMENTS,,2,code,nvarchar,256,0,0,1,
dbo,TANALYSEREGLEMENTS,,3,dateAnalyse,datetime,8,23,3,1,
dbo,TANALYSEREGLEMENTS,,4,dateDebut,datetime,8,23,3,1,
dbo,TANALYSEREGLEMENTS,,5,dateFin,datetime,8,23,3,1,
dbo,TANALYSEREGLEMENTS,,6,idOTP,int,4,10,0,1,
dbo,TANALYSEREGLEMENTS,,7,oid,TOID,32,0,0,0,
dbo,TANALYSEREGLEMENTS,,8,UpdDate,datetime,8,23,3,1,
dbo,TANALYSEREGLEMENTS,,9,UpdStamp,char,16,0,0,1,
dbo,TANALYSEREGLEMENTS,,10,UpdUser,nvarchar,48,0,0,1,
dbo,TANALYTIQUEDOCUMENT,,1,Caption,nvarchar,256,0,0,1,
dbo,TANALYTIQUEDOCUMENT,,2,codeAnalytique,nvarchar,256,0,0,1,
dbo,TANALYTIQUEDOCUMENT,,3,codeSection,nvarchar,256,0,0,1,
dbo,TANALYTIQUEDOCUMENT,,4,idOTP,int,4,10,0,1,
dbo,TANALYTIQUEDOCUMENT,,5,oid,TOID,32,0,0,0,
dbo,TANALYTIQUEDOCUMENT,,6,oidaxeAnalytique,TOID,32,0,0,1,
dbo,TANALYTIQUEDOCUMENT,,7,oiddocumentDetail,TOID,32,0,0,1,
dbo,TANALYTIQUEDOCUMENT,,8,oidsectionAnalytique,TOID,32,0,0,1,
dbo,TANALYTIQUEDOCUMENT,,9,UpdDate,datetime,8,23,3,1,
dbo,TANALYTIQUEDOCUMENT,,10,UpdStamp,char,16,0,0,1,
dbo,TANALYTIQUEDOCUMENT,,11,UpdUser,nvarchar,48,0,0,1,
dbo,TANALYTIQUEEXTOURNE,,1,Caption,nvarchar,256,0,0,1,
dbo,TANALYTIQUEEXTOURNE,,2,idOTP,int,4,10,0,1,
dbo,TANALYTIQUEEXTOURNE,,3,oid,TOID,32,0,0,0,
dbo,TANALYTIQUEEXTOURNE,,4,oidTAmortissementPeriode,TOID,32,0,0,1,
dbo,TANALYTIQUEEXTOURNE,,5,oidTPieceAnalytiqueImmo,TOID,32,0,0,1,
dbo,TANALYTIQUEEXTOURNE,,6,simulation,bit,1,1,0,1,
dbo,TANALYTIQUEEXTOURNE,,7,UpdDate,datetime,8,23,3,1,
dbo,TANALYTIQUEEXTOURNE,,8,UpdStamp,char,16,0,0,1,
dbo,TANALYTIQUEEXTOURNE,,9,UpdUser,nvarchar,48,0,0,1,
dbo,TANNUAIREBICETABLISSEMENT,,1,adrLigne3,nvarchar,256,0,0,1,
dbo,TANNUAIREBICETABLISSEMENT,,2,adrLigne4,nvarchar,256,0,0,1,
dbo,TANNUAIREBICETABLISSEMENT,,3,adrLigne5,nvarchar,256,0,0,1,
dbo,TANNUAIREBICETABLISSEMENT,,4,adrLigne6,nvarchar,256,0,0,1,
dbo,TANNUAIREBICETABLISSEMENT,,5,argTri,int,4,10,0,1,
dbo,TANNUAIREBICETABLISSEMENT,,6,Caption,nvarchar,256,0,0,1,
dbo,TANNUAIREBICETABLISSEMENT,,7,codeBIC,nvarchar,256,0,0,1,
dbo,TANNUAIREBICETABLISSEMENT,,8,codeEts,nvarchar,256,0,0,1,
dbo,TANNUAIREBICETABLISSEMENT,,9,codeEtsAbsorbant,nvarchar,256,0,0,1,
dbo,TANNUAIREBICETABLISSEMENT,,10,codeNatActivite,nvarchar,256,0,0,1,
dbo,TANNUAIREBICETABLISSEMENT,,11,codeOrgRepresentatif,nvarchar,256,0,0,1,
dbo,TANNUAIREBICETABLISSEMENT,,12,codeSituation,nvarchar,256,0,0,1,
dbo,TANNUAIREBICETABLISSEMENT,,13,dateAgreement,datetime,8,23,3,1,
dbo,TANNUAIREBICETABLISSEMENT,,14,dateEffetOptionInvariant,datetime,8,23,3,1,
dbo,TANNUAIREBICETABLISSEMENT,,15,dateFinDiffusion,datetime,8,23,3,1,
dbo,TANNUAIREBICETABLISSEMENT,,16,dateRetraitAgreement,datetime,8,23,3,1,
dbo,TANNUAIREBICETABLISSEMENT,,17,denomCourte,nvarchar,256,0,0,1,
dbo,TANNUAIREBICETABLISSEMENT,,18,denomination,nvarchar,256,0,0,1,
dbo,TANNUAIREBICETABLISSEMENT,,19,idOTP,int,4,10,0,1,
dbo,TANNUAIREBICETABLISSEMENT,,20,libelleCommercial,nvarchar,256,0,0,1,
dbo,TANNUAIREBICETABLISSEMENT,,21,oid,TOID,32,0,0,0,
dbo,TANNUAIREBICETABLISSEMENT,,22,oidPays,TOID,32,0,0,1,
dbo,TANNUAIREBICETABLISSEMENT,,23,optionIdInvariant,nvarchar,256,0,0,1,
dbo,TANNUAIREBICETABLISSEMENT,,24,origine,smallint,2,5,0,1,
dbo,TANNUAIREBICETABLISSEMENT,,25,situation,smallint,2,5,0,1,
dbo,TANNUAIREBICETABLISSEMENT,,26,UpdDate,datetime,8,23,3,1,
dbo,TANNUAIREBICETABLISSEMENT,,27,UpdStamp,char,16,0,0,1,
dbo,TANNUAIREBICETABLISSEMENT,,28,UpdUser,nvarchar,48,0,0,1,
dbo,TANNUAIREBICGUICHET,,1,adrLigne3,nvarchar,256,0,0,1,
dbo,TANNUAIREBICGUICHET,,2,adrLigne4,nvarchar,256,0,0,1,
dbo,TANNUAIREBICGUICHET,,3,adrLigne5,nvarchar,256,0,0,1,
dbo,TANNUAIREBICGUICHET,,4,adrLigne6,nvarchar,256,0,0,1,
dbo,TANNUAIREBICGUICHET,,5,Caption,nvarchar,256,0,0,1,
dbo,TANNUAIREBICGUICHET,,6,codeAcheminementBdF,nvarchar,256,0,0,1,
dbo,TANNUAIREBICGUICHET,,7,codeBIC,nvarchar,256,0,0,1,
dbo,TANNUAIREBICGUICHET,,8,codeEts,nvarchar,256,0,0,1,
dbo,TANNUAIREBICGUICHET,,9,codeEtsCible,nvarchar,256,0,0,1,
dbo,TANNUAIREBICGUICHET,,10,codeGeoINSEE,nvarchar,256,0,0,1,
dbo,TANNUAIREBICGUICHET,,11,codeGuichetRepreneur,nvarchar,256,0,0,1,
dbo,TANNUAIREBICGUICHET,,12,codeImmatriculation,nvarchar,256,0,0,1,
dbo,TANNUAIREBICGUICHET,,13,codeNature,nvarchar,256,0,0,1,
dbo,TANNUAIREBICGUICHET,,14,codeRoutage,nvarchar,256,0,0,1,
dbo,TANNUAIREBICGUICHET,,15,codeSituation,nvarchar,256,0,0,1,
dbo,TANNUAIREBICGUICHET,,16,comptoirBdF,nvarchar,256,0,0,1,
dbo,TANNUAIREBICGUICHET,,17,dateFermeture,datetime,8,23,3,1,
dbo,TANNUAIREBICGUICHET,,18,dateFinDiffusion,datetime,8,23,3,1,
dbo,TANNUAIREBICGUICHET,,19,dateOuverture,datetime,8,23,3,1,
dbo,TANNUAIREBICGUICHET,,20,denomination,nvarchar,256,0,0,1,
dbo,TANNUAIREBICGUICHET,,21,idOTP,int,4,10,0,1,
dbo,TANNUAIREBICGUICHET,,22,libelDomRIB,nvarchar,256,0,0,1,
dbo,TANNUAIREBICGUICHET,,23,nature,smallint,2,5,0,1,
dbo,TANNUAIREBICGUICHET,,24,nomComptoirBdF,nvarchar,256,0,0,1,
dbo,TANNUAIREBICGUICHET,,25,nomGuichet,nvarchar,256,0,0,1,
dbo,TANNUAIREBICGUICHET,,26,oid,TOID,32,0,0,0,
dbo,TANNUAIREBICGUICHET,,27,oidAnnuaireBICEtablissement,TOID,32,0,0,1,
dbo,TANNUAIREBICGUICHET,,28,origine,smallint,2,5,0,1,
dbo,TANNUAIREBICGUICHET,,29,situation,smallint,2,5,0,1,
dbo,TANNUAIREBICGUICHET,,30,UpdDate,datetime,8,23,3,1,
dbo,TANNUAIREBICGUICHET,,31,UpdStamp,char,16,0,0,1,
dbo,TANNUAIREBICGUICHET,,32,UpdUser,nvarchar,48,0,0,1,
dbo,TARRETECOMPTE,,1,Caption,nvarchar,256,0,0,1,
dbo,TARRETECOMPTE,,2,code,nvarchar,256,0,0,1,
dbo,TARRETECOMPTE,,3,dateArrete,datetime,8,23,3,1,
dbo,TARRETECOMPTE,,4,idOTP,int,4,10,0,1,
dbo,TARRETECOMPTE,,5,oid,TOID,32,0,0,0,
dbo,TARRETECOMPTE,,6,UpdDate,datetime,8,23,3,1,
dbo,TARRETECOMPTE,,7,UpdStamp,char,16,0,0,1,
dbo,TARRETECOMPTE,,8,UpdUser,nvarchar,48,0,0,1,
dbo,TASSOCIATIONPHYSIQUECOMPTABLE,,1,Caption,nvarchar,256,0,0,1,
dbo,TASSOCIATIONPHYSIQUECOMPTABLE,,2,idOTP,int,4,10,0,1,
dbo,TASSOCIATIONPHYSIQUECOMPTABLE,,3,oid,TOID,32,0,0,0,
dbo,TASSOCIATIONPHYSIQUECOMPTABLE,,4,oidTBienComptable,TOID,32,0,0,1,
dbo,TASSOCIATIONPHYSIQUECOMPTABLE,,5,oidTBienPhysique,TOID,32,0,0,1,
dbo,TASSOCIATIONPHYSIQUECOMPTABLE,,6,UpdDate,datetime,8,23,3,1,
dbo,TASSOCIATIONPHYSIQUECOMPTABLE,,7,UpdStamp,char,16,0,0,1,
dbo,TASSOCIATIONPHYSIQUECOMPTABLE,,8,UpdUser,nvarchar,48,0,0,1,
dbo,TAVANCEFRAIS,,1,aDate,datetime,8,23,3,1,
dbo,TAVANCEFRAIS,,2,Caption,nvarchar,256,0,0,1,
dbo,TAVANCEFRAIS,,3,Commentaire,nvarchar,256,0,0,1,
dbo,TAVANCEFRAIS,,4,dateValidation,datetime,8,23,3,1,
dbo,TAVANCEFRAIS,,5,estConfirme,bit,1,1,0,1,
dbo,TAVANCEFRAIS,,6,estRefuse,bit,1,1,0,1,
dbo,TAVANCEFRAIS,,7,estRegle,bit,1,1,0,1,
dbo,TAVANCEFRAIS,,8,estValide,bit,1,1,0,1,
dbo,TAVANCEFRAIS,,9,idOTP,int,4,10,0,1,
dbo,TAVANCEFRAIS,,10,montant,money,8,19,4,1,
dbo,TAVANCEFRAIS,,11,montant_CodeDevise,nvarchar,6,0,0,1,
dbo,TAVANCEFRAIS,,12,montantRapproche,money,8,19,4,1,
dbo,TAVANCEFRAIS,,13,montantRapproche_CodeDevise,nvarchar,6,0,0,1,
dbo,TAVANCEFRAIS,,14,numero,nvarchar,64,0,0,1,
dbo,TAVANCEFRAIS,,15,numero_CounterName,nvarchar,64,0,0,1,
dbo,TAVANCEFRAIS,,16,numeroTraitement,int,4,10,0,1,
dbo,TAVANCEFRAIS,,17,oid,TOID,32,0,0,0,
dbo,TAVANCEFRAIS,,18,oidAbonnementAF,TOID,32,0,0,1,
dbo,TAVANCEFRAIS,,19,oidAffaire,TOID,32,0,0,1,
dbo,TAVANCEFRAIS,,20,oiddernierValideur,TOID,32,0,0,1,
dbo,TAVANCEFRAIS,,21,oidetablissement,TOID,32,0,0,1,
dbo,TAVANCEFRAIS,,22,oidEtatNF,TOID,32,0,0,1,
dbo,TAVANCEFRAIS,,23,oidNatureValidationNF,TOID,32,0,0,1,
dbo,TAVANCEFRAIS,,24,oidReglement,TOID,32,0,0,1,
dbo,TAVANCEFRAIS,,25,oidRegleValidationDetail,TOID,32,0,0,1,
dbo,TAVANCEFRAIS,,26,oidSalarie,TOID,32,0,0,1,
dbo,TAVANCEFRAIS,,27,oidService,TOID,32,0,0,1,
dbo,TAVANCEFRAIS,,28,permanente,bit,1,1,0,1,
dbo,TAVANCEFRAIS,,29,solde,bit,1,1,0,1,
dbo,TAVANCEFRAIS,,30,statut,smallint,2,5,0,1,
dbo,TAVANCEFRAIS,,31,UpdDate,datetime,8,23,3,1,
dbo,TAVANCEFRAIS,,32,UpdStamp,char,16,0,0,1,
dbo,TAVANCEFRAIS,,33,UpdUser,nvarchar,48,0,0,1,
dbo,TAVANTAGENATURE,,1,Caption,nvarchar,256,0,0,1,
dbo,TAVANTAGENATURE,,2,commentaire,nvarchar,-1,0,0,1,
dbo,TAVANTAGENATURE,,3,idOTP,int,4,10,0,1,
dbo,TAVANTAGENATURE,,4,montant,money,8,19,4,1,
dbo,TAVANTAGENATURE,,5,montant_CodeDevise,nvarchar,6,0,0,1,
dbo,TAVANTAGENATURE,,6,oid,TOID,32,0,0,0,
dbo,TAVANTAGENATURE,,7,oidRoleTiersRemuneration,TOID,32,0,0,1,
dbo,TAVANTAGENATURE,,8,oidTypeAvantage,TOID,32,0,0,1,
dbo,TAVANTAGENATURE,,9,UpdDate,datetime,8,23,3,1,
dbo,TAVANTAGENATURE,,10,UpdStamp,char,16,0,0,1,
dbo,TAVANTAGENATURE,,11,UpdUser,nvarchar,48,0,0,1,
dbo,TAXE,,1,Caption,nvarchar,256,0,0,1,
dbo,TAXE,,2,code,nvarchar,256,0,0,1,
dbo,TAXE,,3,idOTP,int,4,10,0,1,
dbo,TAXE,,4,oid,TOID,32,0,0,0,
dbo,TAXE,,5,UpdDate,datetime,8,23,3,1,
dbo,TAXE,,6,UpdStamp,char,16,0,0,1,
dbo,TAXE,,7,UpdUser,nvarchar,48,0,0,1,
dbo,TAXE,,8,typeAxe,smallint,2,5,0,1,
dbo,TAXE,,9,estGroupe,bit,1,1,0,1,
dbo,TAXE,,10,oidAxeAnalytique,TOID,32,0,0,1,
dbo,TAXE,,11,SansPosteAna,bit,1,1,0,1,
dbo,TBALISEFORMAT,,1,AttributIdentite,nvarchar,256,0,0,1,
dbo,TBALISEFORMAT,,2,AttributReciproque,nvarchar,256,0,0,1,
dbo,TBALISEFORMAT,,3,Caption,nvarchar,256,0,0,1,
dbo,TBALISEFORMAT,,4,carFinDeBalise,nvarchar,256,0,0,1,
dbo,TBALISEFORMAT,,5,estBloc,bit,1,1,0,1,
dbo,TBALISEFORMAT,,6,estFinDeBloc,bit,1,1,0,1,
dbo,TBALISEFORMAT,,7,estInactif,bit,1,1,0,1,
dbo,TBALISEFORMAT,,8,finDeBalise,smallint,2,5,0,1,
dbo,TBALISEFORMAT,,9,formule,nvarchar,-1,0,0,1,
dbo,TBALISEFORMAT,,10,idOTP,int,4,10,0,1,
dbo,TBALISEFORMAT,,11,infoBaliseFormule,nvarchar,-1,0,0,1,
dbo,TBALISEFORMAT,,12,infoModeCalcul,smallint,2,5,0,1,
dbo,TBALISEFORMAT,,13,infosTechnique,nvarchar,-1,0,0,1,
dbo,TBALISEFORMAT,,14,motifRecherche,nvarchar,256,0,0,1,
dbo,TBALISEFORMAT,,15,nomBalise,nvarchar,256,0,0,1,
dbo,TBALISEFORMAT,,16,nomClasse,nvarchar,256,0,0,1,
dbo,TBALISEFORMAT,,17,noOrdre,int,4,10,0,1,
dbo,TBALISEFORMAT,,18,oid,TOID,32,0,0,0,
dbo,TBALISEFORMAT,,19,oidFormatDefinition,TOID,32,0,0,1,
dbo,TBALISEFORMAT,,20,oidParent,TOID,32,0,0,1,
dbo,TBALISEFORMAT,,21,oidRacineArbre,TOID,32,0,0,1,
dbo,TBALISEFORMAT,,22,roleIteration,nvarchar,256,0,0,1,
dbo,TBALISEFORMAT,,23,roleNavigation,nvarchar,256,0,0,1,
dbo,TBALISEFORMAT,,24,stockageBalise,nvarchar,256,0,0,1,
dbo,TBALISEFORMAT,,25,typeCondition,smallint,2,5,0,1,
dbo,TBALISEFORMAT,,26,typeIteration,smallint,2,5,0,1,
dbo,TBALISEFORMAT,,27,UpdDate,datetime,8,23,3,1,
dbo,TBALISEFORMAT,,28,UpdStamp,char,16,0,0,1,
dbo,TBALISEFORMAT,,29,UpdUser,nvarchar,48,0,0,1,
dbo,TBALISEFORMAT,,30,xmlTypeDefName,nvarchar,256,0,0,1,
dbo,TBALISEFORMAT,,31,xsdChoice,bit,1,1,0,1,
dbo,TBALISEFORMAT,,32,xsdList,bit,1,1,0,1,
dbo,TBALISEFORMAT,,33,xsdMandatory,bit,1,1,0,1,
dbo,TBANQUE,,1,Caption,nvarchar,256,0,0,1,
dbo,TBANQUE,,2,idOTP,int,4,10,0,1,
dbo,TBANQUE,,3,oid,TOID,32,0,0,0,
dbo,TBANQUE,,4,oidpays,TOID,32,0,0,1,
dbo,TBANQUE,,5,oidStructureCompte,TOID,32,0,0,1,
dbo,TBANQUE,,6,UpdDate,datetime,8,23,3,1,
dbo,TBANQUE,,7,UpdStamp,char,16,0,0,1,
dbo,TBANQUE,,8,UpdUser,nvarchar,48,0,0,1,
dbo,TBANQUE,,9,active,bit,1,1,0,1,
dbo,TBANQUE,,10,adresseURL,nvarchar,256,0,0,1,
dbo,TBANQUE,,11,code,nvarchar,510,0,0,1,
dbo,TBANQUE,,12,codeEtablissement,nvarchar,256,0,0,1,
dbo,TBANQUE,,13,estBICRequis,bit,1,1,0,1,
dbo,TBANQUE,,14,gestionCFNOB,bit,1,1,0,1,
dbo,TBANQUE,,15,IdClientTRANSF,nvarchar,256,0,0,1,
dbo,TBANQUE,,16,IDCpteADebiter,smallint,2,5,0,1,
dbo,TBANQUE,,17,IDCpteEmetteur,smallint,2,5,0,1,
dbo,TBANQUE,,18,IDCpteFraisReg,smallint,2,5,0,1,
dbo,TBANQUE,,19,IDCpteFraisRem,smallint,2,5,0,1,
dbo,TBANQUE,,20,IDCpteTiers,smallint,2,5,0,1,
dbo,TBANQUE,,21,estBanqueSociete,bit,1,1,0,1,
dbo,TBANQUE,,22,blocageAlerte,bit,1,1,0,1,
dbo,TBANQUE,,23,cheminReleves,nvarchar,512,0,0,1,
dbo,TBANQUE,,24,codeSIRET,nvarchar,256,0,0,1,
dbo,TBANQUE,,25,ControlRIBInexistant,smallint,2,5,0,1,
dbo,TBANQUE,,26,CRLF_LCR,bit,1,1,0,1,
dbo,TBANQUE,,27,CRLF_PRLV,bit,1,1,0,1,
dbo,TBANQUE,,28,CRLF_TRANSF,bit,1,1,0,1,
dbo,TBANQUE,,29,CRLF_VIR,bit,1,1,0,1,
dbo,TBANQUE,,30,descriptifImport,nvarchar,256,0,0,1,
dbo,TBANQUE,,31,EnrgCompPRLV,bit,1,1,0,1,
dbo,TBANQUE,,32,EnrgCompVIR,bit,1,1,0,1,
dbo,TBANQUE,,33,FichierLCR,nvarchar,256,0,0,1,
dbo,TBANQUE,,34,FichierPRLV,nvarchar,256,0,0,1,
dbo,TBANQUE,,35,FichierTRANSF,nvarchar,256,0,0,1,
dbo,TBANQUE,,36,FichierVIR,nvarchar,256,0,0,1,
dbo,TBANQUE,,37,GestionRemTRANSF,smallint,2,5,0,1,
dbo,TBANQUE,,38,noEmetteurLCRBOR,nvarchar,256,0,0,1,
dbo,TBANQUE,,39,noEmetteurVIR,nvarchar,256,0,0,1,
dbo,TBANQUE,,40,oidFormatIntegrationFichier,TOID,32,0,0,1,
dbo,TBANQUE,,41,origineRC,smallint,2,5,0,1,
dbo,TBANQUE,,42,typeConventionLCRBOR,nvarchar,256,0,0,1,
dbo,TBANQUE,,43,useSAX,bit,1,1,0,1,
dbo,TBANQUE,,44,oidLCR_BOR,TOID,32,0,0,1,
dbo,TBANQUE,,45,oidPrelevement,TOID,32,0,0,1,
dbo,TBANQUE,,46,oidPrelevementSEPA,TOID,32,0,0,1,
dbo,TBANQUE,,47,oidVCOM,TOID,32,0,0,1,
dbo,TBANQUE,,48,oidVirementDeplace,TOID,32,0,0,1,
dbo,TBANQUE,,49,oidVirementDomestique,TOID,32,0,0,1,
dbo,TBANQUE,,50,oidVirementEspaceMonetaire,TOID,32,0,0,1,
dbo,TBANQUE,,51,oidVirementInternational,TOID,32,0,0,1,
dbo,TBANQUE,,52,oidVirementTresorerie,TOID,32,0,0,1,
dbo,TBANQUE,,53,oidModeRapproPrivilegie,TOID,32,0,0,1,
dbo,TBANQUE,,54,oidCompteDeFrais,TOID,32,0,0,1,
dbo,TBANQUE,,55,oidDeviseFrais,TOID,32,0,0,1,
dbo,TBANQUEFAMILLE,,1,Caption,nvarchar,256,0,0,1,
dbo,TBANQUEFAMILLE,,2,idOTP,int,4,10,0,1,
dbo,TBANQUEFAMILLE,,3,oid,TOID,32,0,0,0,
dbo,TBANQUEFAMILLE,,4,oidBanque,TOID,32,0,0,1,
dbo,TBANQUEFAMILLE,,5,oidFamilleBanque,TOID,32,0,0,1,
dbo,TBANQUEFAMILLE,,6,UpdDate,datetime,8,23,3,1,
dbo,TBANQUEFAMILLE,,7,UpdStamp,char,16,0,0,1,
dbo,TBANQUEFAMILLE,,8,UpdUser,nvarchar,48,0,0,1,
dbo,TBANQUEGROUPEREMISE,,1,Caption,nvarchar,256,0,0,1,
dbo,TBANQUEGROUPEREMISE,,2,idOTP,int,4,10,0,1,
dbo,TBANQUEGROUPEREMISE,,3,oid,TOID,32,0,0,0,
dbo,TBANQUEGROUPEREMISE,,4,oidTBanque,TOID,32,0,0,1,
dbo,TBANQUEGROUPEREMISE,,5,oidTGroupeRTValidation,TOID,32,0,0,1,
dbo,TBANQUEGROUPEREMISE,,6,oidTypeRemiseBanque,TOID,32,0,0,1,
dbo,TBANQUEGROUPEREMISE,,7,UpdDate,datetime,8,23,3,1,
dbo,TBANQUEGROUPEREMISE,,8,UpdStamp,char,16,0,0,1,
dbo,TBANQUEGROUPEREMISE,,9,UpdUser,nvarchar,48,0,0,1,
dbo,TBANQUEMODERAPPROAUTOMATIQUE,,1,Caption,nvarchar,256,0,0,1,
dbo,TBANQUEMODERAPPROAUTOMATIQUE,,2,idOTP,int,4,10,0,1,
dbo,TBANQUEMODERAPPROAUTOMATIQUE,,3,noOrdre,int,4,10,0,1,
dbo,TBANQUEMODERAPPROAUTOMATIQUE,,4,oid,TOID,32,0,0,0,
dbo,TBANQUEMODERAPPROAUTOMATIQUE,,5,oidBanque,TOID,32,0,0,1,
dbo,TBANQUEMODERAPPROAUTOMATIQUE,,6,oidModeRapproAutomatique,TOID,32,0,0,1,
dbo,TBANQUEMODERAPPROAUTOMATIQUE,,7,UpdDate,datetime,8,23,3,1,
dbo,TBANQUEMODERAPPROAUTOMATIQUE,,8,UpdStamp,char,16,0,0,1,
dbo,TBANQUEMODERAPPROAUTOMATIQUE,,9,UpdUser,nvarchar,48,0,0,1,
dbo,TBAREMECO2,,1,Caption,nvarchar,256,0,0,1,
dbo,TBAREMECO2,,2,idOTP,int,4,10,0,1,
dbo,TBAREMECO2,,3,oid,TOID,32,0,0,0,
dbo,TBAREMECO2,,4,oidBaremeTVS,TOID,32,0,0,1,
dbo,TBAREMECO2,,5,seuilTaux,int,4,10,0,1,
dbo,TBAREMECO2,,6,tarif,money,8,19,4,1,
dbo,TBAREMECO2,,7,tarif_CodeDevise,nvarchar,6,0,0,1,
dbo,TBAREMECO2,,8,UpdDate,datetime,8,23,3,1,
dbo,TBAREMECO2,,9,UpdStamp,char,16,0,0,1,
dbo,TBAREMECO2,,10,UpdUser,nvarchar,48,0,0,1,
dbo,TBAREMECV,,1,Caption,nvarchar,256,0,0,1,
dbo,TBAREMECV,,2,idOTP,int,4,10,0,1,
dbo,TBAREMECV,,3,oid,TOID,32,0,0,0,
dbo,TBAREMECV,,4,oidBaremeTVS,TOID,32,0,0,1,
dbo,TBAREMECV,,5,seuil,int,4,10,0,1,
dbo,TBAREMECV,,6,tarif,money,8,19,4,1,
dbo,TBAREMECV,,7,tarif_CodeDevise,nvarchar,6,0,0,1,
dbo,TBAREMECV,,8,UpdDate,datetime,8,23,3,1,
dbo,TBAREMECV,,9,UpdStamp,char,16,0,0,1,
dbo,TBAREMECV,,10,UpdUser,nvarchar,48,0,0,1,
dbo,TBAREMEKILOMETRIQUE,,1,bDate,datetime,8,23,3,1,
dbo,TBAREMEKILOMETRIQUE,,2,Caption,nvarchar,256,0,0,1,
dbo,TBAREMEKILOMETRIQUE,,3,idOTP,int,4,10,0,1,
dbo,TBAREMEKILOMETRIQUE,,4,oid,TOID,32,0,0,0,
dbo,TBAREMEKILOMETRIQUE,,5,oidCategorieVehicule,TOID,32,0,0,1,
dbo,TBAREMEKILOMETRIQUE,,6,UpdDate,datetime,8,23,3,1,
dbo,TBAREMEKILOMETRIQUE,,7,UpdStamp,char,16,0,0,1,
dbo,TBAREMEKILOMETRIQUE,,8,UpdUser,nvarchar,48,0,0,1,
dbo,TBAREMESOURCEENERGIE,,1,Caption,nvarchar,256,0,0,1,
dbo,TBAREMESOURCEENERGIE,,2,coefficient,float,8,53,0,1,
dbo,TBAREMESOURCEENERGIE,,3,coefficient_Decimales,int,4,10,0,1,
dbo,TBAREMESOURCEENERGIE,,4,idOTP,int,4,10,0,1,
dbo,TBAREMESOURCEENERGIE,,5,oid,TOID,32,0,0,0,
dbo,TBAREMESOURCEENERGIE,,6,oidTBaremeTVS,TOID,32,0,0,1,
dbo,TBAREMESOURCEENERGIE,,7,oidTSourceEnergie,TOID,32,0,0,1,
dbo,TBAREMESOURCEENERGIE,,8,UpdDate,datetime,8,23,3,1,
dbo,TBAREMESOURCEENERGIE,,9,UpdStamp,char,16,0,0,1,
dbo,TBAREMESOURCEENERGIE,,10,UpdUser,nvarchar,48,0,0,1,
dbo,TBAREMETVS,,1,Caption,nvarchar,256,0,0,1,
dbo,TBAREMETVS,,2,code,nvarchar,256,0,0,1,
dbo,TBAREMETVS,,3,dateApplication,datetime,8,23,3,1,
dbo,TBAREMETVS,,4,dureeUtilisation,int,4,10,0,1,
dbo,TBAREMETVS,,5,idOTP,int,4,10,0,1,
dbo,TBAREMETVS,,6,oid,TOID,32,0,0,0,
dbo,TBAREMETVS,,7,UpdDate,datetime,8,23,3,1,
dbo,TBAREMETVS,,8,UpdStamp,char,16,0,0,1,
dbo,TBAREMETVS,,9,UpdUser,nvarchar,48,0,0,1,
dbo,TBASEHT,,1,Caption,nvarchar,256,0,0,1,
dbo,TBASEHT,,2,idOTP,int,4,10,0,1,
dbo,TBASEHT,,3,oid,TOID,32,0,0,0,
dbo,TBASEHT,,4,oidEcritureFictiveContrepar,TOID,32,0,0,1,
dbo,TBASEHT,,5,oidecritureTVA,TOID,32,0,0,1,
dbo,TBASEHT,,6,oidpiece,TOID,32,0,0,1,
dbo,TBASEHT,,7,oidprofilTVA,TOID,32,0,0,1,
dbo,TBASEHT,,8,oidtvaAPayerCEE,TOID,32,0,0,1,
dbo,TBASEHT,,9,tauxTVA,float,8,53,0,1,
dbo,TBASEHT,,10,tauxTVA_Decimales,int,4,10,0,1,
dbo,TBASEHT,,11,UpdDate,datetime,8,23,3,1,
dbo,TBASEHT,,12,UpdStamp,char,16,0,0,1,
dbo,TBASEHT,,13,UpdUser,nvarchar,48,0,0,1,
dbo,TBIENCOMPTABLE,,1,annule,bit,1,1,0,1,
dbo,TBIENCOMPTABLE,,2,autoriserMouvement,bit,1,1,0,1,
dbo,TBIENCOMPTABLE,,3,bienFoncier,bit,1,1,0,1,
dbo,TBIENCOMPTABLE,,4,Caption,nvarchar,256,0,0,1,
dbo,TBIENCOMPTABLE,,5,categorieBien,smallint,2,5,0,1,
dbo,TBIENCOMPTABLE,,6,changementEtablissement,datetime,8,23,3,1,
dbo,TBIENCOMPTABLE,,7,commentaire,nvarchar,-1,0,0,1,
dbo,TBIENCOMPTABLE,,8,dateAcquisition,datetime,8,23,3,1,
dbo,TBIENCOMPTABLE,,9,dateMiseEnService,datetime,8,23,3,1,
dbo,TBIENCOMPTABLE,,10,dateSortie,datetime,8,23,3,1,
dbo,TBIENCOMPTABLE,,11,etatAchat,smallint,2,5,0,1,
dbo,TBIENCOMPTABLE,,12,existeChangementCompte,bit,1,1,0,1,
dbo,TBIENCOMPTABLE,,13,forcageDateAcquisition,bit,1,1,0,1,
dbo,TBIENCOMPTABLE,,14,idOTP,int,4,10,0,1,
dbo,TBIENCOMPTABLE,,15,idSchemaAmortissement,nvarchar,256,0,0,1,
dbo,TBIENCOMPTABLE,,16,libelle2,nvarchar,256,0,0,1,
dbo,TBIENCOMPTABLE,,17,montantAcquisition,money,8,19,4,1,
dbo,TBIENCOMPTABLE,,18,montantAcquisition_CodeDevise,nvarchar,6,0,0,1,
dbo,TBIENCOMPTABLE,,19,montantAcquisition_Date,datetime,8,23,3,1,
dbo,TBIENCOMPTABLE,,20,montantAcquisition_TCConv,nvarchar,256,0,0,1,
dbo,TBIENCOMPTABLE,,21,montantAcquisition_TCValue,money,8,19,4,1,
dbo,TBIENCOMPTABLE,,22,montantAcquisition_RPConv,nvarchar,256,0,0,1,
dbo,TBIENCOMPTABLE,,23,montantAcquisition_RPValue,money,8,19,4,1,
dbo,TBIENCOMPTABLE,,24,natureEntree,smallint,2,5,0,1,
dbo,TBIENCOMPTABLE,,25,numero,nvarchar,64,0,0,1,
dbo,TBIENCOMPTABLE,,26,numero_CounterName,nvarchar,64,0,0,1,
dbo,TBIENCOMPTABLE,,27,numeroTraitement,int,4,10,0,1,
dbo,TBIENCOMPTABLE,,28,oid,TOID,32,0,0,0,
dbo,TBIENCOMPTABLE,,29,oidAdresse,TOID,32,0,0,1,
dbo,TBIENCOMPTABLE,,30,oidBienSpecial,TOID,32,0,0,1,
dbo,TBIENCOMPTABLE,,31,oidCompteGeneral,TOID,32,0,0,1,
dbo,TBIENCOMPTABLE,,32,oiddonneeBienTVA,TOID,32,0,0,1,
dbo,TBIENCOMPTABLE,,33,oidEclatementComposant,TOID,32,0,0,1,
dbo,TBIENCOMPTABLE,,34,oidEclatementStandardDetail,TOID,32,0,0,1,
dbo,TBIENCOMPTABLE,,35,oidEtablissement,TOID,32,0,0,1,
dbo,TBIENCOMPTABLE,,36,oidFamilleBien,TOID,32,0,0,1,
dbo,TBIENCOMPTABLE,,37,oidNatureBien,TOID,32,0,0,1,
dbo,TBIENCOMPTABLE,,38,oidNumeroEnsembleImmo,TOID,32,0,0,1,
dbo,TBIENCOMPTABLE,,39,oidPieceCessionBien,TOID,32,0,0,1,
dbo,TBIENCOMPTABLE,,40,oidTypeBien,TOID,32,0,0,1,
dbo,TBIENCOMPTABLE,,41,oidUniteGeneratriceTresorerie,TOID,32,0,0,1,
dbo,TBIENCOMPTABLE,,42,operationEnCours,smallint,2,5,0,1,
dbo,TBIENCOMPTABLE,,43,quantite,float,8,53,0,1,
dbo,TBIENCOMPTABLE,,44,quantite_Decimales,int,4,10,0,1,
dbo,TBIENCOMPTABLE,,45,quantite_CodeUnit,nvarchar,64,0,0,1,
dbo,TBIENCOMPTABLE,,46,referenceExterne,nvarchar,256,0,0,1,
dbo,TBIENCOMPTABLE,,47,sorti,bit,1,1,0,1,
dbo,TBIENCOMPTABLE,,48,statutComposant,smallint,2,5,0,1,
dbo,TBIENCOMPTABLE,,49,statutComposantDE,smallint,2,5,0,1,
dbo,TBIENCOMPTABLE,,50,suiviPhysique,bit,1,1,0,1,
dbo,TBIENCOMPTABLE,,51,UpdDate,datetime,8,23,3,1,
dbo,TBIENCOMPTABLE,,52,UpdStamp,char,16,0,0,1,
dbo,TBIENCOMPTABLE,,53,UpdUser,nvarchar,48,0,0,1,
dbo,TBIENCOMPTABLE,,54,valeurResiduelle,money,8,19,4,1,
dbo,TBIENCOMPTABLE,,55,valeurResiduelle_CodeDevise,nvarchar,6,0,0,1,
dbo,TBIENCOMPTABLE,,56,valide,bit,1,1,0,1,
dbo,TBIENCOMPTABLE,,57,vehicule,bit,1,1,0,1,
dbo,TBIENCOMPTABLE,,58,referenceRegroupement,nvarchar,256,0,0,1,
dbo,TBIENCOMPTABLE,,59,regroupement,nvarchar,256,0,0,1,
dbo,TBIENCOMPTABLE,,60,dateCreation,datetime,8,23,3,1,
dbo,TBIENCOMPTABLE,,61,montantTVA,money,8,19,4,1,
dbo,TBIENCOMPTABLE,,62,montantTVA_CodeDevise,nvarchar,6,0,0,1,
dbo,TBIENCOMPTABLE,,63,oidPieceBienMiseEnService,TOID,32,0,0,1,
dbo,TBIENMODELE,,1,bienFoncier,bit,1,1,0,1,
dbo,TBIENMODELE,,2,Caption,nvarchar,256,0,0,1,
dbo,TBIENMODELE,,3,code,nvarchar,256,0,0,1,
dbo,TBIENMODELE,,4,idOTP,int,4,10,0,1,
dbo,TBIENMODELE,,5,oid,TOID,32,0,0,0,
dbo,TBIENMODELE,,6,oidnatureBien,TOID,32,0,0,1,
dbo,TBIENMODELE,,7,UpdDate,datetime,8,23,3,1,
dbo,TBIENMODELE,,8,UpdStamp,char,16,0,0,1,
dbo,TBIENMODELE,,9,UpdUser,nvarchar,48,0,0,1,
dbo,TBIENMODELE,,10,vehicule,bit,1,1,0,1,
dbo,TBIENMODELECATEGORIE,,1,Caption,nvarchar,256,0,0,1,
dbo,TBIENMODELECATEGORIE,,2,categorieBien,smallint,2,5,0,1,
dbo,TBIENMODELECATEGORIE,,3,idOTP,int,4,10,0,1,
dbo,TBIENMODELECATEGORIE,,4,oid,TOID,32,0,0,0,
dbo,TBIENMODELECATEGORIE,,5,oidBienModele,TOID,32,0,0,1,
dbo,TBIENMODELECATEGORIE,,6,oidTypeBien,TOID,32,0,0,1,
dbo,TBIENMODELECATEGORIE,,7,UpdDate,datetime,8,23,3,1,
dbo,TBIENMODELECATEGORIE,,8,UpdStamp,char,16,0,0,1,
dbo,TBIENMODELECATEGORIE,,9,UpdUser,nvarchar,48,0,0,1,
dbo,TBORDEREAUREGLEMENT,,1,Caption,nvarchar,256,0,0,1,
dbo,TBORDEREAUREGLEMENT,,2,comptabilise,bit,1,1,0,1,
dbo,TBORDEREAUREGLEMENT,,3,confirme,bit,1,1,0,1,
dbo,TBORDEREAUREGLEMENT,,4,dateOperation,datetime,8,23,3,1,
dbo,TBORDEREAUREGLEMENT,,5,dateReglement,datetime,8,23,3,1,
dbo,TBORDEREAUREGLEMENT,,6,edite,datetime,8,23,3,1,
dbo,TBORDEREAUREGLEMENT,,7,export,bit,1,1,0,1,
dbo,TBORDEREAUREGLEMENT,,8,idOTP,int,4,10,0,1,
dbo,TBORDEREAUREGLEMENT,,9,montant,money,8,19,4,1,
dbo,TBORDEREAUREGLEMENT,,10,montant_CodeDevise,nvarchar,6,0,0,1,
dbo,TBORDEREAUREGLEMENT,,11,montant_Date,datetime,8,23,3,1,
dbo,TBORDEREAUREGLEMENT,,12,montant_TCConv,nvarchar,256,0,0,1,
dbo,TBORDEREAUREGLEMENT,,13,montant_TCValue,money,8,19,4,1,
dbo,TBORDEREAUREGLEMENT,,14,montant_RPConv,nvarchar,256,0,0,1,
dbo,TBORDEREAUREGLEMENT,,15,montant_RPValue,money,8,19,4,1,
dbo,TBORDEREAUREGLEMENT,,16,montantBancaire,money,8,19,4,1,
dbo,TBORDEREAUREGLEMENT,,17,montantBancaire_CodeDevise,nvarchar,6,0,0,1,
dbo,TBORDEREAUREGLEMENT,,18,numero,int,4,10,0,1,
dbo,TBORDEREAUREGLEMENT,,19,numeroEdition,int,4,10,0,1,
dbo,TBORDEREAUREGLEMENT,,20,oid,TOID,32,0,0,0,
dbo,TBORDEREAUREGLEMENT,,21,oidcompteBancaireEts,TOID,32,0,0,1,
dbo,TBORDEREAUREGLEMENT,,22,oiddeviseReglement,TOID,32,0,0,1,
dbo,TBORDEREAUREGLEMENT,,23,oidetablissement,TOID,32,0,0,1,
dbo,TBORDEREAUREGLEMENT,,24,oidetapeEvolution,TOID,32,0,0,1,
dbo,TBORDEREAUREGLEMENT,,25,oidjournalFrais,TOID,32,0,0,1,
dbo,TBORDEREAUREGLEMENT,,26,oidmodeReglement,TOID,32,0,0,1,
dbo,TBORDEREAUREGLEMENT,,27,oidoperateur,TOID,32,0,0,1,
dbo,TBORDEREAUREGLEMENT,,28,oidPeriodeQuotas,TOID,32,0,0,1,
dbo,TBORDEREAUREGLEMENT,,29,origine,smallint,2,5,0,1,
dbo,TBORDEREAUREGLEMENT,,30,reference,nvarchar,256,0,0,1,
dbo,TBORDEREAUREGLEMENT,,31,transmis,bit,1,1,0,1,
dbo,TBORDEREAUREGLEMENT,,32,UpdDate,datetime,8,23,3,1,
dbo,TBORDEREAUREGLEMENT,,33,UpdStamp,char,16,0,0,1,
dbo,TBORDEREAUREGLEMENT,,34,UpdUser,nvarchar,48,0,0,1,
dbo,TBORDEREAUREGLEMENT,,35,oidlot,TOID,32,0,0,1,
dbo,TBORDEREAUREGLEMENT,,36,oidRemiseBancaire,TOID,32,0,0,1,
dbo,TBUDGET,,1,Caption,nvarchar,256,0,0,1,
dbo,TBUDGET,,2,idOTP,int,4,10,0,1,
dbo,TBUDGET,,3,oid,TOID,32,0,0,0,
dbo,TBUDGET,,4,oidAxeBudgetaire,TOID,32,0,0,1,
dbo,TBUDGET,,5,oidPerimetreBudgetaire,TOID,32,0,0,1,
dbo,TBUDGET,,6,UpdDate,datetime,8,23,3,1,
dbo,TBUDGET,,7,UpdStamp,char,16,0,0,1,
dbo,TBUDGET,,8,UpdUser,nvarchar,48,0,0,1,
dbo,TBUDGETEXERCICE,,1,Caption,nvarchar,256,0,0,1,
dbo,TBUDGETEXERCICE,,2,creditTVADebutExe,money,8,19,4,1,
dbo,TBUDGETEXERCICE,,3,creditTVADebutExe_CodeDevise,nvarchar,6,0,0,1,
dbo,TBUDGETEXERCICE,,4,idOTP,int,4,10,0,1,
dbo,TBUDGETEXERCICE,,5,InitCreditTVA,bit,1,1,0,1,
dbo,TBUDGETEXERCICE,,6,oid,TOID,32,0,0,0,
dbo,TBUDGETEXERCICE,,7,oidBudget,TOID,32,0,0,1,
dbo,TBUDGETEXERCICE,,8,oidExerciceBudgetaire,TOID,32,0,0,1,
dbo,TBUDGETEXERCICE,,9,oidHypotheseBudgetaireN1,TOID,32,0,0,1,
dbo,TBUDGETEXERCICE,,10,soldeInitial,money,8,19,4,1,
dbo,TBUDGETEXERCICE,,11,soldeInitial_CodeDevise,nvarchar,6,0,0,1,
dbo,TBUDGETEXERCICE,,12,soldeRealise,money,8,19,4,1,
dbo,TBUDGETEXERCICE,,13,soldeRealise_CodeDevise,nvarchar,6,0,0,1,
dbo,TBUDGETEXERCICE,,14,UpdDate,datetime,8,23,3,1,
dbo,TBUDGETEXERCICE,,15,UpdStamp,char,16,0,0,1,
dbo,TBUDGETEXERCICE,,16,UpdUser,nvarchar,48,0,0,1,
dbo,TB_RUBRIQUE,,1,Caption,nvarchar,256,0,0,1,
dbo,TB_RUBRIQUE,,2,CPT,float,8,53,0,1,
dbo,TB_RUBRIQUE,,3,CPT_Decimales,int,4,10,0,1,
dbo,TB_RUBRIQUE,,4,idOTP,int,4,10,0,1,
dbo,TB_RUBRIQUE,,5,oid,TOID,32,0,0,0,
dbo,TB_RUBRIQUE,,6,RUB,nvarchar,256,0,0,1,
dbo,TB_RUBRIQUE,,7,UpdDate,datetime,8,23,3,1,
dbo,TB_RUBRIQUE,,8,UpdStamp,char,16,0,0,1,
dbo,TB_RUBRIQUE,,9,UpdUser,nvarchar,48,0,0,1,
dbo,TCALCULCOLONNEETAT,,1,Caption,nvarchar,256,0,0,1,
dbo,TCALCULCOLONNEETAT,,2,comparateur,smallint,2,5,0,1,
dbo,TCALCULCOLONNEETAT,,3,idOTP,int,4,10,0,1,
dbo,TCALCULCOLONNEETAT,,4,oid,TOID,32,0,0,0,
dbo,TCALCULCOLONNEETAT,,5,oidTColonneEtat,TOID,32,0,0,1,
dbo,TCALCULCOLONNEETAT,,6,oidTColonneEtatCalcul,TOID,32,0,0,1,
dbo,TCALCULCOLONNEETAT,,7,operateur,smallint,2,5,0,1,
dbo,TCALCULCOLONNEETAT,,8,UpdDate,datetime,8,23,3,1,
dbo,TCALCULCOLONNEETAT,,9,UpdStamp,char,16,0,0,1,
dbo,TCALCULCOLONNEETAT,,10,UpdUser,nvarchar,48,0,0,1,
dbo,TCALCULLIASSE,,1,Caption,nvarchar,256,0,0,1,
dbo,TCALCULLIASSE,,2,commentaire,nvarchar,-1,0,0,1,
dbo,TCALCULLIASSE,,3,dateCalcul,datetime,8,23,3,1,
dbo,TCALCULLIASSE,,4,idOTP,int,4,10,0,1,
dbo,TCALCULLIASSE,,5,oid,TOID,32,0,0,0,
dbo,TCALCULLIASSE,,6,oidPeriode,TOID,32,0,0,1,
dbo,TCALCULLIASSE,,7,UpdDate,datetime,8,23,3,1,
dbo,TCALCULLIASSE,,8,UpdStamp,char,16,0,0,1,
dbo,TCALCULLIASSE,,9,UpdUser,nvarchar,48,0,0,1,
dbo,TCALCULRUBRIQUE,,1,Caption,nvarchar,256,0,0,1,
dbo,TCALCULRUBRIQUE,,2,comparateur,smallint,2,5,0,1,
dbo,TCALCULRUBRIQUE,,3,idOTP,int,4,10,0,1,
dbo,TCALCULRUBRIQUE,,4,oid,TOID,32,0,0,0,
dbo,TCALCULRUBRIQUE,,5,oidTRubriqueCalcul,TOID,32,0,0,1,
dbo,TCALCULRUBRIQUE,,6,oidTRubriqueEtat,TOID,32,0,0,1,
dbo,TCALCULRUBRIQUE,,7,operateur,smallint,2,5,0,1,
dbo,TCALCULRUBRIQUE,,8,UpdDate,datetime,8,23,3,1,
dbo,TCALCULRUBRIQUE,,9,UpdStamp,char,16,0,0,1,
dbo,TCALCULRUBRIQUE,,10,UpdUser,nvarchar,48,0,0,1,
dbo,TCALCULTVS,,1,Caption,nvarchar,256,0,0,1,
dbo,TCALCULTVS,,2,dateDebut,datetime,8,23,3,1,
dbo,TCALCULTVS,,3,dateFin,datetime,8,23,3,1,
dbo,TCALCULTVS,,4,dateTraitement,datetime,8,23,3,1,
dbo,TCALCULTVS,,5,idOTP,int,4,10,0,1,
dbo,TCALCULTVS,,6,oid,TOID,32,0,0,0,
dbo,TCALCULTVS,,7,oidBaremeTVS,TOID,32,0,0,1,
dbo,TCALCULTVS,,8,oidTiersSociete,TOID,32,0,0,1,
dbo,TCALCULTVS,,9,UpdDate,datetime,8,23,3,1,
dbo,TCALCULTVS,,10,UpdStamp,char,16,0,0,1,
dbo,TCALCULTVS,,11,UpdUser,nvarchar,48,0,0,1,
dbo,TCALCULTVSDETAIL,,1,Caption,nvarchar,256,0,0,1,
dbo,TCALCULTVSDETAIL,,2,coefExonerartion,float,8,53,0,1,
dbo,TCALCULTVSDETAIL,,3,coefExonerartion_Decimales,int,4,10,0,1,
dbo,TCALCULTVSDETAIL,,4,coefPonderateur,float,8,53,0,1,
dbo,TCALCULTVSDETAIL,,5,coefPonderateur_Decimales,int,4,10,0,1,
dbo,TCALCULTVSDETAIL,,6,dateDebut,datetime,8,23,3,1,
dbo,TCALCULTVSDETAIL,,7,dateFin,datetime,8,23,3,1,
dbo,TCALCULTVSDETAIL,,8,dureeEnJours,int,4,10,0,1,
dbo,TCALCULTVSDETAIL,,9,idOTP,int,4,10,0,1,
dbo,TCALCULTVSDETAIL,,10,kilometrage,int,4,10,0,1,
dbo,TCALCULTVSDETAIL,,11,nombreTrimestre,int,4,10,0,1,
dbo,TCALCULTVSDETAIL,,12,oid,TOID,32,0,0,0,
dbo,TCALCULTVSDETAIL,,13,oidCalculTVS,TOID,32,0,0,1,
dbo,TCALCULTVSDETAIL,,14,oidVehicule,TOID,32,0,0,1,
dbo,TCALCULTVSDETAIL,,15,tarif,money,8,19,4,1,
dbo,TCALCULTVSDETAIL,,16,tarif_CodeDevise,nvarchar,6,0,0,1,
dbo,TCALCULTVSDETAIL,,17,tarifAir,money,8,19,4,1,
dbo,TCALCULTVSDETAIL,,18,tarifAir_CodeDevise,nvarchar,6,0,0,1,
dbo,TCALCULTVSDETAIL,,19,taxationCO2,bit,1,1,0,1,
dbo,TCALCULTVSDETAIL,,20,taxeAVerser,money,8,19,4,1,
dbo,TCALCULTVSDETAIL,,21,taxeAVerser_CodeDevise,nvarchar,6,0,0,1,
dbo,TCALCULTVSDETAIL,,22,taxeBrute,money,8,19,4,1,
dbo,TCALCULTVSDETAIL,,23,taxeBrute_CodeDevise,nvarchar,6,0,0,1,
dbo,TCALCULTVSDETAIL,,24,taxePondere,money,8,19,4,1,
dbo,TCALCULTVSDETAIL,,25,taxePondere_CodeDevise,nvarchar,6,0,0,1,
dbo,TCALCULTVSDETAIL,,26,UpdDate,datetime,8,23,3,1,
dbo,TCALCULTVSDETAIL,,27,UpdStamp,char,16,0,0,1,
dbo,TCALCULTVSDETAIL,,28,UpdUser,nvarchar,48,0,0,1,
dbo,TCALCULTVSDETAIL,,29,vehiculeSociete,smallint,2,5,0,1,
dbo,TCALENDRIERJOURFERIE,,1,Caption,nvarchar,256,0,0,1,
dbo,TCALENDRIERJOURFERIE,,2,code,nvarchar,256,0,0,1,
dbo,TCALENDRIERJOURFERIE,,3,idOTP,int,4,10,0,1,
dbo,TCALENDRIERJOURFERIE,,4,oid,TOID,32,0,0,0,
dbo,TCALENDRIERJOURFERIE,,5,UpdDate,datetime,8,23,3,1,
dbo,TCALENDRIERJOURFERIE,,6,UpdStamp,char,16,0,0,1,
dbo,TCALENDRIERJOURFERIE,,7,UpdUser,nvarchar,48,0,0,1,
dbo,TCALENDRIERJOURFERMETURE,,1,Caption,nvarchar,256,0,0,1,
dbo,TCALENDRIERJOURFERMETURE,,2,code,nvarchar,256,0,0,1,
dbo,TCALENDRIERJOURFERMETURE,,3,dimanche,bit,1,1,0,1,
dbo,TCALENDRIERJOURFERMETURE,,4,idOTP,int,4,10,0,1,
dbo,TCALENDRIERJOURFERMETURE,,5,jeudi,bit,1,1,0,1,
dbo,TCALENDRIERJOURFERMETURE,,6,lundi,bit,1,1,0,1,
dbo,TCALENDRIERJOURFERMETURE,,7,mardi,bit,1,1,0,1,
dbo,TCALENDRIERJOURFERMETURE,,8,mercredi,bit,1,1,0,1,
dbo,TCALENDRIERJOURFERMETURE,,9,oid,TOID,32,0,0,0,
dbo,TCALENDRIERJOURFERMETURE,,10,samedi,bit,1,1,0,1,
dbo,TCALENDRIERJOURFERMETURE,,11,UpdDate,datetime,8,23,3,1,
dbo,TCALENDRIERJOURFERMETURE,,12,UpdStamp,char,16,0,0,1,
dbo,TCALENDRIERJOURFERMETURE,,13,UpdUser,nvarchar,48,0,0,1,
dbo,TCALENDRIERJOURFERMETURE,,14,vendredi,bit,1,1,0,1,
dbo,TCARTECONTACT,,1,Caption,nvarchar,256,0,0,1,
dbo,TCARTECONTACT,,2,idOTP,int,4,10,0,1,
dbo,TCARTECONTACT,,3,oid,TOID,32,0,0,0,
dbo,TCARTECONTACT,,4,oidTCarteSecuriteBancaire,TOID,32,0,0,1,
dbo,TCARTECONTACT,,5,oidTContactEtablissement,TOID,32,0,0,1,
dbo,TCARTECONTACT,,6,UpdDate,datetime,8,23,3,1,
dbo,TCARTECONTACT,,7,UpdStamp,char,16,0,0,1,
dbo,TCARTECONTACT,,8,UpdUser,nvarchar,48,0,0,1,
dbo,TCARTESECURITEBANCAIRE,,1,Caption,nvarchar,256,0,0,1,
dbo,TCARTESECURITEBANCAIRE,,2,datePersonnalisation,datetime,8,23,3,1,
dbo,TCARTESECURITEBANCAIRE,,3,dispositif,smallint,2,5,0,1,
dbo,TCARTESECURITEBANCAIRE,,4,idOTP,int,4,10,0,1,
dbo,TCARTESECURITEBANCAIRE,,5,natureCarte,smallint,2,5,0,1,
dbo,TCARTESECURITEBANCAIRE,,6,numero,nvarchar,256,0,0,1,
dbo,TCARTESECURITEBANCAIRE,,7,oid,TOID,32,0,0,0,
dbo,TCARTESECURITEBANCAIRE,,8,oidporteur,TOID,32,0,0,1,
dbo,TCARTESECURITEBANCAIRE,,9,UpdDate,datetime,8,23,3,1,
dbo,TCARTESECURITEBANCAIRE,,10,UpdStamp,char,16,0,0,1,
dbo,TCARTESECURITEBANCAIRE,,11,UpdUser,nvarchar,48,0,0,1,
dbo,TCATEGORIEBIENPHYSIQUE,,1,Caption,nvarchar,256,0,0,1,
dbo,TCATEGORIEBIENPHYSIQUE,,2,code,nvarchar,256,0,0,1,
dbo,TCATEGORIEBIENPHYSIQUE,,3,codeBarre,nvarchar,4096,0,0,1,
dbo,TCATEGORIEBIENPHYSIQUE,,4,codeBarre_code,int,4,10,0,1,
dbo,TCATEGORIEBIENPHYSIQUE,,5,collecte,smallint,2,5,0,1,
dbo,TCATEGORIEBIENPHYSIQUE,,6,denombrement,smallint,2,5,0,1,
dbo,TCATEGORIEBIENPHYSIQUE,,7,identifiant,smallint,2,5,0,1,
dbo,TCATEGORIEBIENPHYSIQUE,,8,idOTP,int,4,10,0,1,
dbo,TCATEGORIEBIENPHYSIQUE,,9,inventoriable,bit,1,1,0,1,
dbo,TCATEGORIEBIENPHYSIQUE,,10,oid,TOID,32,0,0,0,
dbo,TCATEGORIEBIENPHYSIQUE,,11,oidCompteComptable,TOID,32,0,0,1,
dbo,TCATEGORIEBIENPHYSIQUE,,12,oidParent,TOID,32,0,0,1,
dbo,TCATEGORIEBIENPHYSIQUE,,13,oidUniteCommerciale,TOID,32,0,0,1,
dbo,TCATEGORIEBIENPHYSIQUE,,14,typeCodeBarre,smallint,2,5,0,1,
dbo,TCATEGORIEBIENPHYSIQUE,,15,UpdDate,datetime,8,23,3,1,
dbo,TCATEGORIEBIENPHYSIQUE,,16,UpdStamp,char,16,0,0,1,
dbo,TCATEGORIEBIENPHYSIQUE,,17,UpdUser,nvarchar,48,0,0,1,
dbo,TCATEGORIECOLLECTIF,,1,Caption,nvarchar,256,0,0,1,
dbo,TCATEGORIECOLLECTIF,,2,code,nvarchar,256,0,0,1,
dbo,TCATEGORIECOLLECTIF,,3,idOTP,int,4,10,0,1,
dbo,TCATEGORIECOLLECTIF,,4,oid,TOID,32,0,0,0,
dbo,TCATEGORIECOLLECTIF,,5,typeCollectif,smallint,2,5,0,1,
dbo,TCATEGORIECOLLECTIF,,6,UpdDate,datetime,8,23,3,1,
dbo,TCATEGORIECOLLECTIF,,7,UpdStamp,char,16,0,0,1,
dbo,TCATEGORIECOLLECTIF,,8,UpdUser,nvarchar,48,0,0,1,
dbo,TCATEGORIECOMMERCIALE,,1,Caption,nvarchar,256,0,0,1,
dbo,TCATEGORIECOMMERCIALE,,2,code,nvarchar,256,0,0,1,
dbo,TCATEGORIECOMMERCIALE,,3,idOTP,int,4,10,0,1,
dbo,TCATEGORIECOMMERCIALE,,4,oid,TOID,32,0,0,0,
dbo,TCATEGORIECOMMERCIALE,,5,UpdDate,datetime,8,23,3,1,
dbo,TCATEGORIECOMMERCIALE,,6,UpdStamp,char,16,0,0,1,
dbo,TCATEGORIECOMMERCIALE,,7,UpdUser,nvarchar,48,0,0,1,
dbo,TCATEGORIECOMMERCIALTIERS,,1,Caption,nvarchar,256,0,0,1,
dbo,TCATEGORIECOMMERCIALTIERS,,2,code,nvarchar,256,0,0,1,
dbo,TCATEGORIECOMMERCIALTIERS,,3,existAffectRoleContact,bit,1,1,0,1,
dbo,TCATEGORIECOMMERCIALTIERS,,4,idOTP,int,4,10,0,1,
dbo,TCATEGORIECOMMERCIALTIERS,,5,oid,TOID,32,0,0,0,
dbo,TCATEGORIECOMMERCIALTIERS,,6,oidParent,TOID,32,0,0,1,
dbo,TCATEGORIECOMMERCIALTIERS,,7,UpdDate,datetime,8,23,3,1,
dbo,TCATEGORIECOMMERCIALTIERS,,8,UpdStamp,char,16,0,0,1,
dbo,TCATEGORIECOMMERCIALTIERS,,9,UpdUser,nvarchar,48,0,0,1,
dbo,TCATEGORIECOMPTATIERS,,1,Caption,nvarchar,256,0,0,1,
dbo,TCATEGORIECOMPTATIERS,,2,code,nvarchar,256,0,0,1,
dbo,TCATEGORIECOMPTATIERS,,3,idOTP,int,4,10,0,1,
dbo,TCATEGORIECOMPTATIERS,,4,oid,TOID,32,0,0,0,
dbo,TCATEGORIECOMPTATIERS,,5,oidCompteGeneralBS,TOID,32,0,0,1,
dbo,TCATEGORIECOMPTATIERS,,6,oidCompteGeneralImmo,TOID,32,0,0,1,
dbo,TCATEGORIECOMPTATIERS,,7,oidCompteHTAcompteDebit,TOID,32,0,0,1,
dbo,TCATEGORIECOMPTATIERS,,8,oidCompteHTAcompteEnc,TOID,32,0,0,1,
dbo,TCATEGORIECOMPTATIERS,,9,oidCompteProvisionCCAPCA,TOID,32,0,0,1,
dbo,TCATEGORIECOMPTATIERS,,10,oidCompteProvisionFAEFAR,TOID,32,0,0,1,
dbo,TCATEGORIECOMPTATIERS,,11,oidCompteTTCAcompte,TOID,32,0,0,1,
dbo,TCATEGORIECOMPTATIERS,,12,UpdDate,datetime,8,23,3,1,
dbo,TCATEGORIECOMPTATIERS,,13,UpdStamp,char,16,0,0,1,
dbo,TCATEGORIECOMPTATIERS,,14,UpdUser,nvarchar,48,0,0,1,
dbo,TCATEGORIECOMPTATIERS,,15,comptaFactureBSetImmo,bit,1,1,0,1,
dbo,TCATEGORIECOMPTATIERS,,16,oidCompteHTAcompteDebitImmo,TOID,32,0,0,1,
dbo,TCATEGORIECOMPTATIERS,,17,oidCompteHTAcompteEncImmo,TOID,32,0,0,1,
dbo,TCATEGORIEEDITIONCOMMERCIAL,,1,Caption,nvarchar,256,0,0,1,
dbo,TCATEGORIEEDITIONCOMMERCIAL,,2,code,nvarchar,256,0,0,1,
dbo,TCATEGORIEEDITIONCOMMERCIAL,,3,formatCommande,nvarchar,256,0,0,1,
dbo,TCATEGORIEEDITIONCOMMERCIAL,,4,formatFacture,nvarchar,256,0,0,1,
dbo,TCATEGORIEEDITIONCOMMERCIAL,,5,formatLivraison,nvarchar,256,0,0,1,
dbo,TCATEGORIEEDITIONCOMMERCIAL,,6,formatRetour,nvarchar,256,0,0,1,
dbo,TCATEGORIEEDITIONCOMMERCIAL,,7,idOTP,int,4,10,0,1,
dbo,TCATEGORIEEDITIONCOMMERCIAL,,8,nbExemplaireCommande,int,4,10,0,1,
dbo,TCATEGORIEEDITIONCOMMERCIAL,,9,nbExemplaireFacture,int,4,10,0,1,
dbo,TCATEGORIEEDITIONCOMMERCIAL,,10,nbExemplaireLivraison,int,4,10,0,1,
dbo,TCATEGORIEEDITIONCOMMERCIAL,,11,nbExemplaireRetour,int,4,10,0,1,
dbo,TCATEGORIEEDITIONCOMMERCIAL,,12,oid,TOID,32,0,0,0,
dbo,TCATEGORIEEDITIONCOMMERCIAL,,13,UpdDate,datetime,8,23,3,1,
dbo,TCATEGORIEEDITIONCOMMERCIAL,,14,UpdStamp,char,16,0,0,1,
dbo,TCATEGORIEEDITIONCOMMERCIAL,,15,UpdUser,nvarchar,48,0,0,1,
dbo,TCATEGORIEEDITIONCOMMERCIAL,,16,formatDevis,nvarchar,256,0,0,1,
dbo,TCATEGORIEEDITIONCOMMERCIAL,,17,nbExemplaireDevis,int,4,10,0,1,
dbo,TCATEGORIEESCOMPTEREGLEMENT,,1,Caption,nvarchar,256,0,0,1,
dbo,TCATEGORIEESCOMPTEREGLEMENT,,2,code,nvarchar,256,0,0,1,
dbo,TCATEGORIEESCOMPTEREGLEMENT,,3,idOTP,int,4,10,0,1,
dbo,TCATEGORIEESCOMPTEREGLEMENT,,4,oid,TOID,32,0,0,0,
dbo,TCATEGORIEESCOMPTEREGLEMENT,,5,UpdDate,datetime,8,23,3,1,
dbo,TCATEGORIEESCOMPTEREGLEMENT,,6,UpdStamp,char,16,0,0,1,
dbo,TCATEGORIEESCOMPTEREGLEMENT,,7,UpdUser,nvarchar,48,0,0,1,
dbo,TCATEGORIEFRAISSALARIE,,1,Caption,nvarchar,256,0,0,1,
dbo,TCATEGORIEFRAISSALARIE,,2,code,nvarchar,256,0,0,1,
dbo,TCATEGORIEFRAISSALARIE,,3,commentaire,nvarchar,-1,0,0,1,
dbo,TCATEGORIEFRAISSALARIE,,4,idOTP,int,4,10,0,1,
dbo,TCATEGORIEFRAISSALARIE,,5,oid,TOID,32,0,0,0,
dbo,TCATEGORIEFRAISSALARIE,,6,UpdDate,datetime,8,23,3,1,
dbo,TCATEGORIEFRAISSALARIE,,7,UpdStamp,char,16,0,0,1,
dbo,TCATEGORIEFRAISSALARIE,,8,UpdUser,nvarchar,48,0,0,1,
dbo,TCATEGORIELIBELLEAUTO,,1,Caption,nvarchar,256,0,0,1,
dbo,TCATEGORIELIBELLEAUTO,,2,Code,nvarchar,256,0,0,1,
dbo,TCATEGORIELIBELLEAUTO,,3,idOTP,int,4,10,0,1,
dbo,TCATEGORIELIBELLEAUTO,,4,Module,int,4,10,0,1,
dbo,TCATEGORIELIBELLEAUTO,,5,oid,TOID,32,0,0,0,
dbo,TCATEGORIELIBELLEAUTO,,6,Systeme,bit,1,1,0,1,
dbo,TCATEGORIELIBELLEAUTO,,7,UpdDate,datetime,8,23,3,1,
dbo,TCATEGORIELIBELLEAUTO,,8,UpdStamp,char,16,0,0,1,
dbo,TCATEGORIELIBELLEAUTO,,9,UpdUser,nvarchar,48,0,0,1,
dbo,TCATEGORIESTATISTIQUE,,1,Caption,nvarchar,256,0,0,1,
dbo,TCATEGORIESTATISTIQUE,,2,code,nvarchar,256,0,0,1,
dbo,TCATEGORIESTATISTIQUE,,3,idOTP,int,4,10,0,1,
dbo,TCATEGORIESTATISTIQUE,,4,oid,TOID,32,0,0,0,
dbo,TCATEGORIESTATISTIQUE,,5,UpdDate,datetime,8,23,3,1,
dbo,TCATEGORIESTATISTIQUE,,6,UpdStamp,char,16,0,0,1,
dbo,TCATEGORIESTATISTIQUE,,7,UpdUser,nvarchar,48,0,0,1,
dbo,TCATEGORIETYPE,,1,Caption,nvarchar,256,0,0,1,
dbo,TCATEGORIETYPE,,2,depassementAutorise,bit,1,1,0,1,
dbo,TCATEGORIETYPE,,3,idOTP,int,4,10,0,1,
dbo,TCATEGORIETYPE,,4,modeRemboursement,smallint,2,5,0,1,
dbo,TCATEGORIETYPE,,5,montantPlafond,money,8,19,4,1,
dbo,TCATEGORIETYPE,,6,montantPlafond_CodeDevise,nvarchar,6,0,0,1,
dbo,TCATEGORIETYPE,,7,oid,TOID,32,0,0,0,
dbo,TCATEGORIETYPE,,8,oidTCategorieFraisSalarie,TOID,32,0,0,1,
dbo,TCATEGORIETYPE,,9,oidTFraisSalarie,TOID,32,0,0,1,
dbo,TCATEGORIETYPE,,10,saisieUnitaire,bit,1,1,0,1,
dbo,TCATEGORIETYPE,,11,UpdDate,datetime,8,23,3,1,
dbo,TCATEGORIETYPE,,12,UpdStamp,char,16,0,0,1,
dbo,TCATEGORIETYPE,,13,UpdUser,nvarchar,48,0,0,1,
dbo,TCATEGORIEVEHICULE,,1,Caption,nvarchar,256,0,0,1,
dbo,TCATEGORIEVEHICULE,,2,code,nvarchar,256,0,0,1,
dbo,TCATEGORIEVEHICULE,,3,idOTP,int,4,10,0,1,
dbo,TCATEGORIEVEHICULE,,4,oid,TOID,32,0,0,0,
dbo,TCATEGORIEVEHICULE,,5,UpdDate,datetime,8,23,3,1,
dbo,TCATEGORIEVEHICULE,,6,UpdStamp,char,16,0,0,1,
dbo,TCATEGORIEVEHICULE,,7,UpdUser,nvarchar,48,0,0,1,
dbo,TCATEGPRIXTIERS,,1,Caption,nvarchar,256,0,0,1,
dbo,TCATEGPRIXTIERS,,2,code,nvarchar,256,0,0,1,
dbo,TCATEGPRIXTIERS,,3,idOTP,int,4,10,0,1,
dbo,TCATEGPRIXTIERS,,4,oid,TOID,32,0,0,0,
dbo,TCATEGPRIXTIERS,,5,oidParent,TOID,32,0,0,1,
dbo,TCATEGPRIXTIERS,,6,UpdDate,datetime,8,23,3,1,
dbo,TCATEGPRIXTIERS,,7,UpdStamp,char,16,0,0,1,
dbo,TCATEGPRIXTIERS,,8,UpdUser,nvarchar,48,0,0,1,
dbo,TCATEGREMISETIERS,,1,Caption,nvarchar,256,0,0,1,
dbo,TCATEGREMISETIERS,,2,code,nvarchar,256,0,0,1,
dbo,TCATEGREMISETIERS,,3,idOTP,int,4,10,0,1,
dbo,TCATEGREMISETIERS,,4,oid,TOID,32,0,0,0,
dbo,TCATEGREMISETIERS,,5,oidParent,TOID,32,0,0,1,
dbo,TCATEGREMISETIERS,,6,UpdDate,datetime,8,23,3,1,
dbo,TCATEGREMISETIERS,,7,UpdStamp,char,16,0,0,1,
dbo,TCATEGREMISETIERS,,8,UpdUser,nvarchar,48,0,0,1,
dbo,TCCBS_OBJETREPLIQUE,,1,Caption,nvarchar,256,0,0,1,
dbo,TCCBS_OBJETREPLIQUE,,2,flowType,smallint,2,5,0,1,
dbo,TCCBS_OBJETREPLIQUE,,3,id,nvarchar,256,0,0,1,
dbo,TCCBS_OBJETREPLIQUE,,4,idOTP,int,4,10,0,1,
dbo,TCCBS_OBJETREPLIQUE,,5,oid,TOID,32,0,0,0,
dbo,TCCBS_OBJETREPLIQUE,,6,UpdDate,datetime,8,23,3,1,
dbo,TCCBS_OBJETREPLIQUE,,7,UpdStamp,char,16,0,0,1,
dbo,TCCBS_OBJETREPLIQUE,,8,UpdUser,nvarchar,48,0,0,1,
dbo,TCENTRALE,,1,Caption,nvarchar,256,0,0,1,
dbo,TCENTRALE,,2,code,nvarchar,256,0,0,1,
dbo,TCENTRALE,,3,idOTP,int,4,10,0,1,
dbo,TCENTRALE,,4,oid,TOID,32,0,0,0,
dbo,TCENTRALE,,5,UpdDate,datetime,8,23,3,1,
dbo,TCENTRALE,,6,UpdStamp,char,16,0,0,1,
dbo,TCENTRALE,,7,UpdUser,nvarchar,48,0,0,1,
dbo,TCESSIONBIENDETAIL,,1,Caption,nvarchar,256,0,0,1,
dbo,TCESSIONBIENDETAIL,,2,comptabilise,bit,1,1,0,1,
dbo,TCESSIONBIENDETAIL,,3,deductionTva,money,8,19,4,1,
dbo,TCESSIONBIENDETAIL,,4,deductionTva_CodeDevise,nvarchar,6,0,0,1,
dbo,TCESSIONBIENDETAIL,,5,exporte,datetime,8,23,3,1,
dbo,TCESSIONBIENDETAIL,,6,gestionComposantFaite,bit,1,1,0,1,
dbo,TCESSIONBIENDETAIL,,7,idOTP,int,4,10,0,1,
dbo,TCESSIONBIENDETAIL,,8,oid,TOID,32,0,0,0,
dbo,TCESSIONBIENDETAIL,,9,oidBienComptable,TOID,32,0,0,1,
dbo,TCESSIONBIENDETAIL,,10,oidPieceCessionBien,TOID,32,0,0,1,
dbo,TCESSIONBIENDETAIL,,11,prixCession,money,8,19,4,1,
dbo,TCESSIONBIENDETAIL,,12,prixCession_CodeDevise,nvarchar,6,0,0,1,
dbo,TCESSIONBIENDETAIL,,13,statutCompAvantCession,smallint,2,5,0,1,
dbo,TCESSIONBIENDETAIL,,14,tvaCession,money,8,19,4,1,
dbo,TCESSIONBIENDETAIL,,15,tvaCession_CodeDevise,nvarchar,6,0,0,1,
dbo,TCESSIONBIENDETAIL,,16,tvaReversee,money,8,19,4,1,
dbo,TCESSIONBIENDETAIL,,17,tvaReversee_CodeDevise,nvarchar,6,0,0,1,
dbo,TCESSIONBIENDETAIL,,18,UpdDate,datetime,8,23,3,1,
dbo,TCESSIONBIENDETAIL,,19,UpdStamp,char,16,0,0,1,
dbo,TCESSIONBIENDETAIL,,20,UpdUser,nvarchar,48,0,0,1,
dbo,TCHANGEMENTCOMPTEBIEN,,1,Caption,nvarchar,256,0,0,1,
dbo,TCHANGEMENTCOMPTEBIEN,,2,idOTP,int,4,10,0,1,
dbo,TCHANGEMENTCOMPTEBIEN,,3,oid,TOID,32,0,0,0,
dbo,TCHANGEMENTCOMPTEBIEN,,4,oidBienComptable,TOID,32,0,0,1,
dbo,TCHANGEMENTCOMPTEBIEN,,5,oidCompteGeneralOrigine,TOID,32,0,0,1,
dbo,TCHANGEMENTCOMPTEBIEN,,6,oidPieceChangementCompte,TOID,32,0,0,1,
dbo,TCHANGEMENTCOMPTEBIEN,,7,UpdDate,datetime,8,23,3,1,
dbo,TCHANGEMENTCOMPTEBIEN,,8,UpdStamp,char,16,0,0,1,
dbo,TCHANGEMENTCOMPTEBIEN,,9,UpdUser,nvarchar,48,0,0,1,
dbo,TCHANGEMENTCOMPTESCHEMA,,1,Caption,nvarchar,256,0,0,1,
dbo,TCHANGEMENTCOMPTESCHEMA,,2,idOTP,int,4,10,0,1,
dbo,TCHANGEMENTCOMPTESCHEMA,,3,mtExtourneDero,money,8,19,4,1,
dbo,TCHANGEMENTCOMPTESCHEMA,,4,mtExtourneDero_CodeDevise,nvarchar,6,0,0,1,
dbo,TCHANGEMENTCOMPTESCHEMA,,5,mtExtourneDotation,money,8,19,4,1,
dbo,TCHANGEMENTCOMPTESCHEMA,,6,mtExtourneDotation_CodeDevise,nvarchar,6,0,0,1,
dbo,TCHANGEMENTCOMPTESCHEMA,,7,oid,TOID,32,0,0,0,
dbo,TCHANGEMENTCOMPTESCHEMA,,8,oidAmortissementBien,TOID,32,0,0,1,
dbo,TCHANGEMENTCOMPTESCHEMA,,9,oidChangementCompteBien,TOID,32,0,0,1,
dbo,TCHANGEMENTCOMPTESCHEMA,,10,oidSchemaComptableImmo,TOID,32,0,0,1,
dbo,TCHANGEMENTCOMPTESCHEMA,,11,UpdDate,datetime,8,23,3,1,
dbo,TCHANGEMENTCOMPTESCHEMA,,12,UpdStamp,char,16,0,0,1,
dbo,TCHANGEMENTCOMPTESCHEMA,,13,UpdUser,nvarchar,48,0,0,1,
dbo,TCHANGEMENTCOMPTESCHEMA,,14,valeurBruteOrigine,money,8,19,4,1,
dbo,TCHANGEMENTCOMPTESCHEMA,,15,valeurBruteOrigine_CodeDevise,nvarchar,6,0,0,1,
dbo,TCHANGEMENTETABLISSEMENTBIEN,,1,Caption,nvarchar,256,0,0,1,
dbo,TCHANGEMENTETABLISSEMENTBIEN,,2,idOTP,int,4,10,0,1,
dbo,TCHANGEMENTETABLISSEMENTBIEN,,3,oid,TOID,32,0,0,0,
dbo,TCHANGEMENTETABLISSEMENTBIEN,,4,oidBienComptable,TOID,32,0,0,1,
dbo,TCHANGEMENTETABLISSEMENTBIEN,,5,oidEtablissementOrigine,TOID,32,0,0,1,
dbo,TCHANGEMENTETABLISSEMENTBIEN,,6,oidPieceChgtEtablissement,TOID,32,0,0,1,
dbo,TCHANGEMENTETABLISSEMENTBIEN,,7,UpdDate,datetime,8,23,3,1,
dbo,TCHANGEMENTETABLISSEMENTBIEN,,8,UpdStamp,char,16,0,0,1,
dbo,TCHANGEMENTETABLISSEMENTBIEN,,9,UpdUser,nvarchar,48,0,0,1,
dbo,TCHANGEMENTETABLISSEMENTDETAIL,,1,Caption,nvarchar,256,0,0,1,
dbo,TCHANGEMENTETABLISSEMENTDETAIL,,2,codeEtablissement,nvarchar,256,0,0,1,
dbo,TCHANGEMENTETABLISSEMENTDETAIL,,3,idOTP,int,4,10,0,1,
dbo,TCHANGEMENTETABLISSEMENTDETAIL,,4,montantDerogatoire,money,8,19,4,1,
dbo,TCHANGEMENTETABLISSEMENTDETAIL,,5,montantDerogatoire_CodeDevise,nvarchar,6,0,0,1,
dbo,TCHANGEMENTETABLISSEMENTDETAIL,,6,montantExceptionnel,money,8,19,4,1,
dbo,TCHANGEMENTETABLISSEMENTDETAIL,,7,montantExceptionnel_CodeDevise,nvarchar,6,0,0,1,
dbo,TCHANGEMENTETABLISSEMENTDETAIL,,8,montantExploitation,money,8,19,4,1,
dbo,TCHANGEMENTETABLISSEMENTDETAIL,,9,montantExploitation_CodeDevise,nvarchar,6,0,0,1,
dbo,TCHANGEMENTETABLISSEMENTDETAIL,,10,montantExtourne,money,8,19,4,1,
dbo,TCHANGEMENTETABLISSEMENTDETAIL,,11,montantExtourne_CodeDevise,nvarchar,6,0,0,1,
dbo,TCHANGEMENTETABLISSEMENTDETAIL,,12,montantExtourneDero,money,8,19,4,1,
dbo,TCHANGEMENTETABLISSEMENTDETAIL,,13,montantExtourneDero_CodeDevise,nvarchar,6,0,0,1,
dbo,TCHANGEMENTETABLISSEMENTDETAIL,,14,oid,TOID,32,0,0,0,
dbo,TCHANGEMENTETABLISSEMENTDETAIL,,15,oidAmortissementBien,TOID,32,0,0,1,
dbo,TCHANGEMENTETABLISSEMENTDETAIL,,16,oidChangementEtablissementBien,TOID,32,0,0,1,
dbo,TCHANGEMENTETABLISSEMENTDETAIL,,17,UpdDate,datetime,8,23,3,1,
dbo,TCHANGEMENTETABLISSEMENTDETAIL,,18,UpdStamp,char,16,0,0,1,
dbo,TCHANGEMENTETABLISSEMENTDETAIL,,19,UpdUser,nvarchar,48,0,0,1,
dbo,TCHANGEMENTETABLISSEMENTDETAIL,,20,valeurBruteOrigine,money,8,19,4,1,
dbo,TCHANGEMENTETABLISSEMENTDETAIL,,21,valeurBruteOrigine_CodeDevise,nvarchar,6,0,0,1,
dbo,TCHANGEMENTMETHODEDETAIL,,1,Caption,nvarchar,256,0,0,1,
dbo,TCHANGEMENTMETHODEDETAIL,,2,idOTP,int,4,10,0,1,
dbo,TCHANGEMENTMETHODEDETAIL,,3,oid,TOID,32,0,0,0,
dbo,TCHANGEMENTMETHODEDETAIL,,4,UpdDate,datetime,8,23,3,1,
dbo,TCHANGEMENTMETHODEDETAIL,,5,UpdStamp,char,16,0,0,1,
dbo,TCHANGEMENTMETHODEDETAIL,,6,UpdUser,nvarchar,48,0,0,1,
dbo,TCIRCUITVALIDATION,,1,Caption,nvarchar,256,0,0,1,
dbo,TCIRCUITVALIDATION,,2,code,nvarchar,256,0,0,1,
dbo,TCIRCUITVALIDATION,,3,estTraitementAutomatique,bit,1,1,0,1,
dbo,TCIRCUITVALIDATION,,4,idOTP,int,4,10,0,1,
dbo,TCIRCUITVALIDATION,,5,oid,TOID,32,0,0,0,
dbo,TCIRCUITVALIDATION,,6,oidEtatFinal,TOID,32,0,0,1,
dbo,TCIRCUITVALIDATION,,7,oidEtatFinalRefus,TOID,32,0,0,1,
dbo,TCIRCUITVALIDATION,,8,oidEtatInitial,TOID,32,0,0,1,
dbo,TCIRCUITVALIDATION,,9,UpdDate,datetime,8,23,3,1,
dbo,TCIRCUITVALIDATION,,10,UpdStamp,char,16,0,0,1,
dbo,TCIRCUITVALIDATION,,11,UpdUser,nvarchar,48,0,0,1,
dbo,TCIVILITE,,1,Caption,nvarchar,256,0,0,1,
dbo,TCIVILITE,,2,code,nvarchar,48,0,0,1,
dbo,TCIVILITE,,3,idOTP,int,4,10,0,1,
dbo,TCIVILITE,,4,oid,TOID,32,0,0,0,
dbo,TCIVILITE,,5,UpdDate,datetime,8,23,3,1,
dbo,TCIVILITE,,6,UpdStamp,char,16,0,0,1,
dbo,TCIVILITE,,7,UpdUser,nvarchar,48,0,0,1,
dbo,TCLASSEMENT,,1,borneDroite,int,4,10,0,1,
dbo,TCLASSEMENT,,2,borneGauche,int,4,10,0,1,
dbo,TCLASSEMENT,,3,Caption,nvarchar,256,0,0,1,
dbo,TCLASSEMENT,,4,ecartBornes,int,4,10,0,1,
dbo,TCLASSEMENT,,5,idOTP,int,4,10,0,1,
dbo,TCLASSEMENT,,6,niveauArbre,int,4,10,0,1,
dbo,TCLASSEMENT,,7,oid,TOID,32,0,0,0,
dbo,TCLASSEMENT,,8,oidParent,TOID,32,0,0,1,
dbo,TCLASSEMENT,,9,oidRacineArbre,TOID,32,0,0,1,
dbo,TCLASSEMENT,,10,ordre,int,4,10,0,1,
dbo,TCLASSEMENT,,11,UpdDate,datetime,8,23,3,1,
dbo,TCLASSEMENT,,12,UpdStamp,char,16,0,0,1,
dbo,TCLASSEMENT,,13,UpdUser,nvarchar,48,0,0,1,
dbo,TCLASSEMENT,,14,code,nvarchar,256,0,0,1,
dbo,TCLASSEMENT,,15,oidPlanAnalyse,TOID,32,0,0,1,
dbo,TCLASSIFICATIONSTATCOMMERCIALE,,1,Caption,nvarchar,256,0,0,1,
dbo,TCLASSIFICATIONSTATCOMMERCIALE,,2,code,nvarchar,256,0,0,1,
dbo,TCLASSIFICATIONSTATCOMMERCIALE,,3,idOTP,int,4,10,0,1,
dbo,TCLASSIFICATIONSTATCOMMERCIALE,,4,oid,TOID,32,0,0,0,
dbo,TCLASSIFICATIONSTATCOMMERCIALE,,5,oidClassificationsAPlat,TOID,32,0,0,1,
dbo,TCLASSIFICATIONSTATCOMMERCIALE,,6,oidParent,TOID,32,0,0,1,
dbo,TCLASSIFICATIONSTATCOMMERCIALE,,7,UpdDate,datetime,8,23,3,1,
dbo,TCLASSIFICATIONSTATCOMMERCIALE,,8,UpdStamp,char,16,0,0,1,
dbo,TCLASSIFICATIONSTATCOMMERCIALE,,9,UpdUser,nvarchar,48,0,0,1,
dbo,TCLASSIFSTATCOMMERCIALAPLAT,,1,Caption,nvarchar,256,0,0,1,
dbo,TCLASSIFSTATCOMMERCIALAPLAT,,2,categRTNiv1,nvarchar,256,0,0,1,
dbo,TCLASSIFSTATCOMMERCIALAPLAT,,3,categRTNiv2,nvarchar,256,0,0,1,
dbo,TCLASSIFSTATCOMMERCIALAPLAT,,4,categRTNiv3,nvarchar,256,0,0,1,
dbo,TCLASSIFSTATCOMMERCIALAPLAT,,5,categRTNiv4,nvarchar,256,0,0,1,
dbo,TCLASSIFSTATCOMMERCIALAPLAT,,6,categRTNiv5,nvarchar,256,0,0,1,
dbo,TCLASSIFSTATCOMMERCIALAPLAT,,7,idOTP,int,4,10,0,1,
dbo,TCLASSIFSTATCOMMERCIALAPLAT,,8,niveauArbre,int,4,10,0,1,
dbo,TCLASSIFSTATCOMMERCIALAPLAT,,9,oid,TOID,32,0,0,0,
dbo,TCLASSIFSTATCOMMERCIALAPLAT,,10,oidNiv1,TOID,32,0,0,1,
dbo,TCLASSIFSTATCOMMERCIALAPLAT,,11,oidNiv2,TOID,32,0,0,1,
dbo,TCLASSIFSTATCOMMERCIALAPLAT,,12,oidNiv3,TOID,32,0,0,1,
dbo,TCLASSIFSTATCOMMERCIALAPLAT,,13,oidNiv4,TOID,32,0,0,1,
dbo,TCLASSIFSTATCOMMERCIALAPLAT,,14,oidNiv5,TOID,32,0,0,1,
dbo,TCLASSIFSTATCOMMERCIALAPLAT,,15,UpdDate,datetime,8,23,3,1,
dbo,TCLASSIFSTATCOMMERCIALAPLAT,,16,UpdStamp,char,16,0,0,1,
dbo,TCLASSIFSTATCOMMERCIALAPLAT,,17,UpdUser,nvarchar,48,0,0,1,
dbo,TCLEFDEVERSEMENTASSURANCE,,1,Caption,nvarchar,256,0,0,1,
dbo,TCLEFDEVERSEMENTASSURANCE,,2,code,nvarchar,256,0,0,1,
dbo,TCLEFDEVERSEMENTASSURANCE,,3,idOTP,int,4,10,0,1,
dbo,TCLEFDEVERSEMENTASSURANCE,,4,oid,TOID,32,0,0,0,
dbo,TCLEFDEVERSEMENTASSURANCE,,5,typePourcentageQuantite,smallint,2,5,0,1,
dbo,TCLEFDEVERSEMENTASSURANCE,,6,UpdDate,datetime,8,23,3,1,
dbo,TCLEFDEVERSEMENTASSURANCE,,7,UpdStamp,char,16,0,0,1,
dbo,TCLEFDEVERSEMENTASSURANCE,,8,UpdUser,nvarchar,48,0,0,1,
dbo,TCLEFDEVERSEMENTCOMPTE,,1,Caption,nvarchar,256,0,0,1,
dbo,TCLEFDEVERSEMENTCOMPTE,,2,idOTP,int,4,10,0,1,
dbo,TCLEFDEVERSEMENTCOMPTE,,3,oid,TOID,32,0,0,0,
dbo,TCLEFDEVERSEMENTCOMPTE,,4,oidClefDeversementAssurance,TOID,32,0,0,1,
dbo,TCLEFDEVERSEMENTCOMPTE,,5,oidCompteGeneral,TOID,32,0,0,1,
dbo,TCLEFDEVERSEMENTCOMPTE,,6,pourcentage,float,8,53,0,1,
dbo,TCLEFDEVERSEMENTCOMPTE,,7,pourcentage_Decimales,int,4,10,0,1,
dbo,TCLEFDEVERSEMENTCOMPTE,,8,quantite,float,8,53,0,1,
dbo,TCLEFDEVERSEMENTCOMPTE,,9,quantite_Decimales,int,4,10,0,1,
dbo,TCLEFDEVERSEMENTCOMPTE,,10,UpdDate,datetime,8,23,3,1,
dbo,TCLEFDEVERSEMENTCOMPTE,,11,UpdStamp,char,16,0,0,1,
dbo,TCLEFDEVERSEMENTCOMPTE,,12,UpdUser,nvarchar,48,0,0,1,
dbo,TCLEINTERLOCUTEURSALARIE,,1,actif,bit,1,1,0,1,
dbo,TCLEINTERLOCUTEURSALARIE,,2,Caption,nvarchar,256,0,0,1,
dbo,TCLEINTERLOCUTEURSALARIE,,3,critereIS1,nvarchar,256,0,0,1,
dbo,TCLEINTERLOCUTEURSALARIE,,4,critereIS2,nvarchar,256,0,0,1,
dbo,TCLEINTERLOCUTEURSALARIE,,5,critereIS3,nvarchar,256,0,0,1,
dbo,TCLEINTERLOCUTEURSALARIE,,6,critereIS4,nvarchar,256,0,0,1,
dbo,TCLEINTERLOCUTEURSALARIE,,7,critereIS5,nvarchar,256,0,0,1,
dbo,TCLEINTERLOCUTEURSALARIE,,8,critereIS6,nvarchar,256,0,0,1,
dbo,TCLEINTERLOCUTEURSALARIE,,9,critereIS7,nvarchar,256,0,0,1,
dbo,TCLEINTERLOCUTEURSALARIE,,10,critereSalarie1,nvarchar,256,0,0,1,
dbo,TCLEINTERLOCUTEURSALARIE,,11,critereSalarie2,nvarchar,256,0,0,1,
dbo,TCLEINTERLOCUTEURSALARIE,,12,critereSalarie3,nvarchar,256,0,0,1,
dbo,TCLEINTERLOCUTEURSALARIE,,13,critereSalarie4,nvarchar,256,0,0,1,
dbo,TCLEINTERLOCUTEURSALARIE,,14,critereSalarie5,nvarchar,256,0,0,1,
dbo,TCLEINTERLOCUTEURSALARIE,,15,critereSalarie6,nvarchar,256,0,0,1,
dbo,TCLEINTERLOCUTEURSALARIE,,16,critereSalarie7,nvarchar,256,0,0,1,
dbo,TCLEINTERLOCUTEURSALARIE,,17,idOTP,int,4,10,0,1,
dbo,TCLEINTERLOCUTEURSALARIE,,18,oid,TOID,32,0,0,0,
dbo,TCLEINTERLOCUTEURSALARIE,,19,pasContinuerApresCritere1,bit,1,1,0,1,
dbo,TCLEINTERLOCUTEURSALARIE,,20,pasContinuerApresCritere2,bit,1,1,0,1,
dbo,TCLEINTERLOCUTEURSALARIE,,21,pasContinuerApresCritere3,bit,1,1,0,1,
dbo,TCLEINTERLOCUTEURSALARIE,,22,pasContinuerApresCritere4,bit,1,1,0,1,
dbo,TCLEINTERLOCUTEURSALARIE,,23,pasContinuerApresCritere5,bit,1,1,0,1,
dbo,TCLEINTERLOCUTEURSALARIE,,24,pasContinuerApresCritere6,bit,1,1,0,1,
dbo,TCLEINTERLOCUTEURSALARIE,,25,pasContinuerApresCritere7,bit,1,1,0,1,
dbo,TCLEINTERLOCUTEURSALARIE,,26,UpdDate,datetime,8,23,3,1,
dbo,TCLEINTERLOCUTEURSALARIE,,27,UpdStamp,char,16,0,0,1,
dbo,TCLEINTERLOCUTEURSALARIE,,28,UpdUser,nvarchar,48,0,0,1,
dbo,TCLEOPERATEURUTILISATEUR,,1,actif,bit,1,1,0,1,
dbo,TCLEOPERATEURUTILISATEUR,,2,Caption,nvarchar,256,0,0,1,
dbo,TCLEOPERATEURUTILISATEUR,,3,critereIS1,nvarchar,256,0,0,1,
dbo,TCLEOPERATEURUTILISATEUR,,4,critereIS2,nvarchar,256,0,0,1,
dbo,TCLEOPERATEURUTILISATEUR,,5,critereIS3,nvarchar,256,0,0,1,
dbo,TCLEOPERATEURUTILISATEUR,,6,critereIS4,nvarchar,256,0,0,1,
dbo,TCLEOPERATEURUTILISATEUR,,7,critereIS5,nvarchar,256,0,0,1,
dbo,TCLEOPERATEURUTILISATEUR,,8,critereIS6,nvarchar,256,0,0,1,
dbo,TCLEOPERATEURUTILISATEUR,,9,critereIS7,nvarchar,256,0,0,1,
dbo,TCLEOPERATEURUTILISATEUR,,10,critereSalarie1,nvarchar,256,0,0,1,
dbo,TCLEOPERATEURUTILISATEUR,,11,critereSalarie2,nvarchar,256,0,0,1,
dbo,TCLEOPERATEURUTILISATEUR,,12,critereSalarie3,nvarchar,256,0,0,1,
dbo,TCLEOPERATEURUTILISATEUR,,13,critereSalarie4,nvarchar,256,0,0,1,
dbo,TCLEOPERATEURUTILISATEUR,,14,critereSalarie5,nvarchar,256,0,0,1,
dbo,TCLEOPERATEURUTILISATEUR,,15,critereSalarie6,nvarchar,256,0,0,1,
dbo,TCLEOPERATEURUTILISATEUR,,16,critereSalarie7,nvarchar,256,0,0,1,
dbo,TCLEOPERATEURUTILISATEUR,,17,idOTP,int,4,10,0,1,
dbo,TCLEOPERATEURUTILISATEUR,,18,oid,TOID,32,0,0,0,
dbo,TCLEOPERATEURUTILISATEUR,,19,pasContinuerApresCritere1,bit,1,1,0,1,
dbo,TCLEOPERATEURUTILISATEUR,,20,pasContinuerApresCritere2,bit,1,1,0,1,
dbo,TCLEOPERATEURUTILISATEUR,,21,pasContinuerApresCritere3,bit,1,1,0,1,
dbo,TCLEOPERATEURUTILISATEUR,,22,pasContinuerApresCritere4,bit,1,1,0,1,
dbo,TCLEOPERATEURUTILISATEUR,,23,pasContinuerApresCritere5,bit,1,1,0,1,
dbo,TCLEOPERATEURUTILISATEUR,,24,pasContinuerApresCritere6,bit,1,1,0,1,
dbo,TCLEOPERATEURUTILISATEUR,,25,pasContinuerApresCritere7,bit,1,1,0,1,
dbo,TCLEOPERATEURUTILISATEUR,,26,UpdDate,datetime,8,23,3,1,
dbo,TCLEOPERATEURUTILISATEUR,,27,UpdStamp,char,16,0,0,1,
dbo,TCLEOPERATEURUTILISATEUR,,28,UpdUser,nvarchar,48,0,0,1,
dbo,TCLIENTCLASSIFICATION,,1,Caption,nvarchar,256,0,0,1,
dbo,TCLIENTCLASSIFICATION,,2,idOTP,int,4,10,0,1,
dbo,TCLIENTCLASSIFICATION,,3,oid,TOID,32,0,0,0,
dbo,TCLIENTCLASSIFICATION,,4,oidParent,TOID,32,0,0,1,
dbo,TCLIENTCLASSIFICATION,,5,UpdDate,datetime,8,23,3,1,
dbo,TCLIENTCLASSIFICATION,,6,UpdStamp,char,16,0,0,1,
dbo,TCLIENTCLASSIFICATION,,7,UpdUser,nvarchar,48,0,0,1,
dbo,TCLIENTSLIVRES,,1,Caption,nvarchar,256,0,0,1,
dbo,TCLIENTSLIVRES,,2,idOTP,int,4,10,0,1,
dbo,TCLIENTSLIVRES,,3,oid,TOID,32,0,0,0,
dbo,TCLIENTSLIVRES,,4,oidClient_L,TOID,32,0,0,1,
dbo,TCLIENTSLIVRES,,5,oidClient_R,TOID,32,0,0,1,
dbo,TCLIENTSLIVRES,,6,UpdDate,datetime,8,23,3,1,
dbo,TCLIENTSLIVRES,,7,UpdStamp,char,16,0,0,1,
dbo,TCLIENTSLIVRES,,8,UpdUser,nvarchar,48,0,0,1,
dbo,TCODEFAMILLEOPINTERBANCAIRE,,1,Caption,nvarchar,256,0,0,1,
dbo,TCODEFAMILLEOPINTERBANCAIRE,,2,code,nvarchar,256,0,0,1,
dbo,TCODEFAMILLEOPINTERBANCAIRE,,3,idOTP,int,4,10,0,1,
dbo,TCODEFAMILLEOPINTERBANCAIRE,,4,oid,TOID,32,0,0,0,
dbo,TCODEFAMILLEOPINTERBANCAIRE,,5,UpdDate,datetime,8,23,3,1,
dbo,TCODEFAMILLEOPINTERBANCAIRE,,6,UpdStamp,char,16,0,0,1,
dbo,TCODEFAMILLEOPINTERBANCAIRE,,7,UpdUser,nvarchar,48,0,0,1,
dbo,TCODEINTERNEBANQUE,,1,Caption,nvarchar,256,0,0,1,
dbo,TCODEINTERNEBANQUE,,2,code,nvarchar,256,0,0,1,
dbo,TCODEINTERNEBANQUE,,3,credit,bit,1,1,0,1,
dbo,TCODEINTERNEBANQUE,,4,debit,bit,1,1,0,1,
dbo,TCODEINTERNEBANQUE,,5,idOTP,int,4,10,0,1,
dbo,TCODEINTERNEBANQUE,,6,oid,TOID,32,0,0,0,
dbo,TCODEINTERNEBANQUE,,7,oidBanque,TOID,32,0,0,1,
dbo,TCODEINTERNEBANQUE,,8,oidModeReglement,TOID,32,0,0,1,
dbo,TCODEINTERNEBANQUE,,9,UpdDate,datetime,8,23,3,1,
dbo,TCODEINTERNEBANQUE,,10,UpdStamp,char,16,0,0,1,
dbo,TCODEINTERNEBANQUE,,11,UpdUser,nvarchar,48,0,0,1,
dbo,TCODELIMITATIONECHEANCE,,1,Caption,nvarchar,256,0,0,1,
dbo,TCODELIMITATIONECHEANCE,,2,code,nvarchar,256,0,0,1,
dbo,TCODELIMITATIONECHEANCE,,3,idOTP,int,4,10,0,1,
dbo,TCODELIMITATIONECHEANCE,,4,oid,TOID,32,0,0,0,
dbo,TCODELIMITATIONECHEANCE,,5,UpdDate,datetime,8,23,3,1,
dbo,TCODELIMITATIONECHEANCE,,6,UpdStamp,char,16,0,0,1,
dbo,TCODELIMITATIONECHEANCE,,7,UpdUser,nvarchar,48,0,0,1,
dbo,TCODEMOTIFREJET,,1,ApTipTelepaiements,bit,1,1,0,1,
dbo,TCODEMOTIFREJET,,2,Caption,nvarchar,256,0,0,1,
dbo,TCODEMOTIFREJET,,3,code,nvarchar,256,0,0,1,
dbo,TCODEMOTIFREJET,,4,idOTP,int,4,10,0,1,
dbo,TCODEMOTIFREJET,,5,LCRaPayer,bit,1,1,0,1,
dbo,TCODEMOTIFREJET,,6,LcrBor,bit,1,1,0,1,
dbo,TCODEMOTIFREJET,,7,oid,TOID,32,0,0,0,
dbo,TCODEMOTIFREJET,,8,ReglesUtilisation,nvarchar,256,0,0,1,
dbo,TCODEMOTIFREJET,,9,SDD,bit,1,1,0,1,
dbo,TCODEMOTIFREJET,,10,typeCodification,smallint,2,5,0,1,
dbo,TCODEMOTIFREJET,,11,UpdDate,datetime,8,23,3,1,
dbo,TCODEMOTIFREJET,,12,UpdStamp,char,16,0,0,1,
dbo,TCODEMOTIFREJET,,13,UpdUser,nvarchar,48,0,0,1,
dbo,TCODEMOTIFREJET,,14,Virements,bit,1,1,0,1,
dbo,TCODEOPERATIONINTERBANCAIRE,,1,Caption,nvarchar,256,0,0,1,
dbo,TCODEOPERATIONINTERBANCAIRE,,2,code,nvarchar,256,0,0,1,
dbo,TCODEOPERATIONINTERBANCAIRE,,3,credit,bit,1,1,0,1,
dbo,TCODEOPERATIONINTERBANCAIRE,,4,debit,bit,1,1,0,1,
dbo,TCODEOPERATIONINTERBANCAIRE,,5,generique,nvarchar,256,0,0,1,
dbo,TCODEOPERATIONINTERBANCAIRE,,6,idOTP,int,4,10,0,1,
dbo,TCODEOPERATIONINTERBANCAIRE,,7,natureReglement,smallint,2,5,0,1,
dbo,TCODEOPERATIONINTERBANCAIRE,,8,oid,TOID,32,0,0,0,
dbo,TCODEOPERATIONINTERBANCAIRE,,9,oidDomaineISO,TOID,32,0,0,1,
dbo,TCODEOPERATIONINTERBANCAIRE,,10,oidFamilleISO,TOID,32,0,0,1,
dbo,TCODEOPERATIONINTERBANCAIRE,,11,oidFamilleOpInterbancaire,TOID,32,0,0,1,
dbo,TCODEOPERATIONINTERBANCAIRE,,12,oidModeReglement,TOID,32,0,0,1,
dbo,TCODEOPERATIONINTERBANCAIRE,,13,oidSousFamilleISO,TOID,32,0,0,1,
dbo,TCODEOPERATIONINTERBANCAIRE,,14,typeCodification,smallint,2,5,0,1,
dbo,TCODEOPERATIONINTERBANCAIRE,,15,UpdDate,datetime,8,23,3,1,
dbo,TCODEOPERATIONINTERBANCAIRE,,16,UpdStamp,char,16,0,0,1,
dbo,TCODEOPERATIONINTERBANCAIRE,,17,UpdUser,nvarchar,48,0,0,1,
dbo,TCODEOPERATIONINTERBANCAIRE,,18,oidModeRapproManuel,TOID,32,0,0,1,
dbo,TCODEPERIODEAPPLICATIONTVA,,1,Caption,nvarchar,256,0,0,1,
dbo,TCODEPERIODEAPPLICATIONTVA,,2,code,nvarchar,256,0,0,1,
dbo,TCODEPERIODEAPPLICATIONTVA,,3,idOTP,int,4,10,0,1,
dbo,TCODEPERIODEAPPLICATIONTVA,,4,oid,TOID,32,0,0,0,
dbo,TCODEPERIODEAPPLICATIONTVA,,5,UpdDate,datetime,8,23,3,1,
dbo,TCODEPERIODEAPPLICATIONTVA,,6,UpdStamp,char,16,0,0,1,
dbo,TCODEPERIODEAPPLICATIONTVA,,7,UpdUser,nvarchar,48,0,0,1,
dbo,TCODEPOSTAL,,1,Caption,nvarchar,256,0,0,1,
dbo,TCODEPOSTAL,,2,codePostal,nvarchar,256,0,0,1,
dbo,TCODEPOSTAL,,3,idOTP,int,4,10,0,1,
dbo,TCODEPOSTAL,,4,oid,TOID,32,0,0,0,
dbo,TCODEPOSTAL,,5,UpdDate,datetime,8,23,3,1,
dbo,TCODEPOSTAL,,6,UpdStamp,char,16,0,0,1,
dbo,TCODEPOSTAL,,7,UpdUser,nvarchar,48,0,0,1,
dbo,TCODEPOSTAL,,8,Ville,nvarchar,256,0,0,1,
dbo,TCODERUBRIQUEIMMO,,1,alias,nvarchar,256,0,0,1,
dbo,TCODERUBRIQUEIMMO,,2,Caption,nvarchar,256,0,0,1,
dbo,TCODERUBRIQUEIMMO,,3,code,nvarchar,256,0,0,1,
dbo,TCODERUBRIQUEIMMO,,4,idOTP,int,4,10,0,1,
dbo,TCODERUBRIQUEIMMO,,5,issuCalcul,bit,1,1,0,1,
dbo,TCODERUBRIQUEIMMO,,6,oid,TOID,32,0,0,0,
dbo,TCODERUBRIQUEIMMO,,7,oidEtatPreparatoire,TOID,32,0,0,1,
dbo,TCODERUBRIQUEIMMO,,8,oidTColonneEtatImmo,TOID,32,0,0,1,
dbo,TCODERUBRIQUEIMMO,,9,oidTRegroupementCptImmo,TOID,32,0,0,1,
dbo,TCODERUBRIQUEIMMO,,10,systeme,bit,1,1,0,1,
dbo,TCODERUBRIQUEIMMO,,11,UpdDate,datetime,8,23,3,1,
dbo,TCODERUBRIQUEIMMO,,12,UpdStamp,char,16,0,0,1,
dbo,TCODERUBRIQUEIMMO,,13,UpdUser,nvarchar,48,0,0,1,
dbo,TCODESEUILECARTREGLEMENT,,1,Caption,nvarchar,256,0,0,1,
dbo,TCODESEUILECARTREGLEMENT,,2,code,nvarchar,256,0,0,1,
dbo,TCODESEUILECARTREGLEMENT,,3,idOTP,int,4,10,0,1,
dbo,TCODESEUILECARTREGLEMENT,,4,oid,TOID,32,0,0,0,
dbo,TCODESEUILECARTREGLEMENT,,5,UpdDate,datetime,8,23,3,1,
dbo,TCODESEUILECARTREGLEMENT,,6,UpdStamp,char,16,0,0,1,
dbo,TCODESEUILECARTREGLEMENT,,7,UpdUser,nvarchar,48,0,0,1,
dbo,TCODIFICATIONAPE,,1,Caption,nvarchar,256,0,0,1,
dbo,TCODIFICATIONAPE,,2,code,nvarchar,256,0,0,1,
dbo,TCODIFICATIONAPE,,3,idOTP,int,4,10,0,1,
dbo,TCODIFICATIONAPE,,4,oid,TOID,32,0,0,0,
dbo,TCODIFICATIONAPE,,5,UpdDate,datetime,8,23,3,1,
dbo,TCODIFICATIONAPE,,6,UpdStamp,char,16,0,0,1,
dbo,TCODIFICATIONAPE,,7,UpdUser,nvarchar,48,0,0,1,
dbo,TCODIFICATIONQUALIFIANT,,1,Caption,nvarchar,256,0,0,1,
dbo,TCODIFICATIONQUALIFIANT,,2,code,nvarchar,256,0,0,1,
dbo,TCODIFICATIONQUALIFIANT,,3,idOTP,int,4,10,0,1,
dbo,TCODIFICATIONQUALIFIANT,,4,oid,TOID,32,0,0,0,
dbo,TCODIFICATIONQUALIFIANT,,5,UpdDate,datetime,8,23,3,1,
dbo,TCODIFICATIONQUALIFIANT,,6,UpdStamp,char,16,0,0,1,
dbo,TCODIFICATIONQUALIFIANT,,7,UpdUser,nvarchar,48,0,0,1,
dbo,TCOEFFICIENTADMISSION,,1,Caption,nvarchar,256,0,0,1,
dbo,TCOEFFICIENTADMISSION,,2,code,nvarchar,256,0,0,1,
dbo,TCOEFFICIENTADMISSION,,3,coefficient,float,8,53,0,1,
dbo,TCOEFFICIENTADMISSION,,4,coefficient_Decimales,int,4,10,0,1,
dbo,TCOEFFICIENTADMISSION,,5,idOTP,int,4,10,0,1,
dbo,TCOEFFICIENTADMISSION,,6,oid,TOID,32,0,0,0,
dbo,TCOEFFICIENTADMISSION,,7,UpdDate,datetime,8,23,3,1,
dbo,TCOEFFICIENTADMISSION,,8,UpdStamp,char,16,0,0,1,
dbo,TCOEFFICIENTADMISSION,,9,UpdUser,nvarchar,48,0,0,1,
dbo,TCOEFFICIENTTAXATIONASSU,,1,anneeProvisoire,int,4,10,0,1,
dbo,TCOEFFICIENTTAXATIONASSU,,2,Caption,nvarchar,256,0,0,1,
dbo,TCOEFFICIENTTAXATIONASSU,,3,idOTP,int,4,10,0,1,
dbo,TCOEFFICIENTTAXATIONASSU,,4,oid,TOID,32,0,0,0,
dbo,TCOEFFICIENTTAXATIONASSU,,5,oidderniereRegularisation,TOID,32,0,0,1,
dbo,TCOEFFICIENTTAXATIONASSU,,6,RAPartiel,bit,1,1,0,1,
dbo,TCOEFFICIENTTAXATIONASSU,,7,UpdDate,datetime,8,23,3,1,
dbo,TCOEFFICIENTTAXATIONASSU,,8,UpdStamp,char,16,0,0,1,
dbo,TCOEFFICIENTTAXATIONASSU,,9,UpdUser,nvarchar,48,0,0,1,
dbo,TCOEFPONDERATEURTVS,,1,Caption,nvarchar,256,0,0,1,
dbo,TCOEFPONDERATEURTVS,,2,idOTP,int,4,10,0,1,
dbo,TCOEFPONDERATEURTVS,,3,oid,TOID,32,0,0,0,
dbo,TCOEFPONDERATEURTVS,,4,oidBaremeTVS,TOID,32,0,0,1,
dbo,TCOEFPONDERATEURTVS,,5,pourcentage,float,8,53,0,1,
dbo,TCOEFPONDERATEURTVS,,6,pourcentage_Decimales,int,4,10,0,1,
dbo,TCOEFPONDERATEURTVS,,7,seuilKM,int,4,10,0,1,
dbo,TCOEFPONDERATEURTVS,,8,UpdDate,datetime,8,23,3,1,
dbo,TCOEFPONDERATEURTVS,,9,UpdStamp,char,16,0,0,1,
dbo,TCOEFPONDERATEURTVS,,10,UpdUser,nvarchar,48,0,0,1,
dbo,TCOHERENCEANALYTIQUEGROUPE,,1,Caption,nvarchar,256,0,0,1,
dbo,TCOHERENCEANALYTIQUEGROUPE,,2,dateDetection,datetime,8,23,3,1,
dbo,TCOHERENCEANALYTIQUEGROUPE,,3,estSupprimable,bit,1,1,0,1,
dbo,TCOHERENCEANALYTIQUEGROUPE,,4,estTraiteGeneration,bit,1,1,0,1,
dbo,TCOHERENCEANALYTIQUEGROUPE,,5,idOTP,int,4,10,0,1,
dbo,TCOHERENCEANALYTIQUEGROUPE,,6,oid,TOID,32,0,0,0,
dbo,TCOHERENCEANALYTIQUEGROUPE,,7,oidpositionAnaCoherence,TOID,32,0,0,1,
dbo,TCOHERENCEANALYTIQUEGROUPE,,8,oidpositionGroupeCoherence,TOID,32,0,0,1,
dbo,TCOHERENCEANALYTIQUEGROUPE,,9,UpdDate,datetime,8,23,3,1,
dbo,TCOHERENCEANALYTIQUEGROUPE,,10,UpdStamp,char,16,0,0,1,
dbo,TCOHERENCEANALYTIQUEGROUPE,,11,UpdUser,nvarchar,48,0,0,1,
dbo,TCOHERENCEANALYTIQUES,,1,Caption,nvarchar,256,0,0,1,
dbo,TCOHERENCEANALYTIQUES,,2,dateDetection,datetime,8,23,3,1,
dbo,TCOHERENCEANALYTIQUES,,3,estSupprimable,bit,1,1,0,1,
dbo,TCOHERENCEANALYTIQUES,,4,estTraiteGeneration,bit,1,1,0,1,
dbo,TCOHERENCEANALYTIQUES,,5,idOTP,int,4,10,0,1,
dbo,TCOHERENCEANALYTIQUES,,6,oid,TOID,32,0,0,0,
dbo,TCOHERENCEANALYTIQUES,,7,oidpositionAnalytique1,TOID,32,0,0,1,
dbo,TCOHERENCEANALYTIQUES,,8,oidpositionAnalytique2,TOID,32,0,0,1,
dbo,TCOHERENCEANALYTIQUES,,9,UpdDate,datetime,8,23,3,1,
dbo,TCOHERENCEANALYTIQUES,,10,UpdStamp,char,16,0,0,1,
dbo,TCOHERENCEANALYTIQUES,,11,UpdUser,nvarchar,48,0,0,1,
dbo,TCOLONNECALCULCOLONNE,,1,Caption,nvarchar,256,0,0,1,
dbo,TCOLONNECALCULCOLONNE,,2,comparateur,smallint,2,5,0,1,
dbo,TCOLONNECALCULCOLONNE,,3,idOTP,int,4,10,0,1,
dbo,TCOLONNECALCULCOLONNE,,4,oid,TOID,32,0,0,0,
dbo,TCOLONNECALCULCOLONNE,,5,oidTColonneCalcul,TOID,32,0,0,1,
dbo,TCOLONNECALCULCOLONNE,,6,oidTColonneEtatImmo,TOID,32,0,0,1,
dbo,TCOLONNECALCULCOLONNE,,7,operateur,smallint,2,5,0,1,
dbo,TCOLONNECALCULCOLONNE,,8,UpdDate,datetime,8,23,3,1,
dbo,TCOLONNECALCULCOLONNE,,9,UpdStamp,char,16,0,0,1,
dbo,TCOLONNECALCULCOLONNE,,10,UpdUser,nvarchar,48,0,0,1,
dbo,TCOLONNEETAT,,1,arrondi,bit,1,1,0,1,
dbo,TCOLONNEETAT,,2,attribut,nvarchar,256,0,0,1,
dbo,TCOLONNEETAT,,3,Caption,nvarchar,256,0,0,1,
dbo,TCOLONNEETAT,,4,classe,nvarchar,256,0,0,1,
dbo,TCOLONNEETAT,,5,code,nvarchar,256,0,0,1,
dbo,TCOLONNEETAT,,6,idOTP,int,4,10,0,1,
dbo,TCOLONNEETAT,,7,oid,TOID,32,0,0,0,
dbo,TCOLONNEETAT,,8,selecteur,nvarchar,-1,0,0,1,
dbo,TCOLONNEETAT,,9,signeMontant,smallint,2,5,0,1,
dbo,TCOLONNEETAT,,10,systeme,bit,1,1,0,1,
dbo,TCOLONNEETAT,,11,typeAttribut,smallint,2,5,0,1,
dbo,TCOLONNEETAT,,12,UpdDate,datetime,8,23,3,1,
dbo,TCOLONNEETAT,,13,UpdStamp,char,16,0,0,1,
dbo,TCOLONNEETAT,,14,UpdUser,nvarchar,48,0,0,1,
dbo,TCOLONNEETAT,,15,valeurAbsolue,bit,1,1,0,1,
dbo,TCOLONNEETAT,,16,natureLigneTVA,smallint,2,5,0,1,
dbo,TCOLONNEETATIMMO,,1,Caption,nvarchar,256,0,0,1,
dbo,TCOLONNEETATIMMO,,2,code,nvarchar,256,0,0,1,
dbo,TCOLONNEETATIMMO,,3,idOTP,int,4,10,0,1,
dbo,TCOLONNEETATIMMO,,4,nomecran,nvarchar,256,0,0,1,
dbo,TCOLONNEETATIMMO,,5,oid,TOID,32,0,0,0,
dbo,TCOLONNEETATIMMO,,6,systeme,bit,1,1,0,1,
dbo,TCOLONNEETATIMMO,,7,texte,nvarchar,-1,0,0,1,
dbo,TCOLONNEETATIMMO,,8,typeMontant,smallint,2,5,0,1,
dbo,TCOLONNEETATIMMO,,9,UpdDate,datetime,8,23,3,1,
dbo,TCOLONNEETATIMMO,,10,UpdStamp,char,16,0,0,1,
dbo,TCOLONNEETATIMMO,,11,UpdUser,nvarchar,48,0,0,1,
dbo,TCOLONNEETATIMMO,,12,valeurAbsolue,bit,1,1,0,1,
dbo,TCOMMENTAIREECRITURE,,1,Caption,nvarchar,256,0,0,1,
dbo,TCOMMENTAIREECRITURE,,2,dateCommentaire,datetime,8,23,3,1,
dbo,TCOMMENTAIREECRITURE,,3,idOTP,int,4,10,0,1,
dbo,TCOMMENTAIREECRITURE,,4,numero,int,4,10,0,1,
dbo,TCOMMENTAIREECRITURE,,5,oid,TOID,32,0,0,0,
dbo,TCOMMENTAIREECRITURE,,6,oidAuteur,TOID,32,0,0,1,
dbo,TCOMMENTAIREECRITURE,,7,oidEcritureBancaire,TOID,32,0,0,1,
dbo,TCOMMENTAIREECRITURE,,8,oidEcritureRappro,TOID,32,0,0,1,
dbo,TCOMMENTAIREECRITURE,,9,texteChaine,nvarchar,256,0,0,1,
dbo,TCOMMENTAIREECRITURE,,10,texteCommentaire,nvarchar,-1,0,0,1,
dbo,TCOMMENTAIREECRITURE,,11,UpdDate,datetime,8,23,3,1,
dbo,TCOMMENTAIREECRITURE,,12,UpdStamp,char,16,0,0,1,
dbo,TCOMMENTAIREECRITURE,,13,UpdUser,nvarchar,48,0,0,1,
dbo,TCOMPLEXDATE,,1,annee,int,4,10,0,1,
dbo,TCOMPLEXDATE,,2,Caption,nvarchar,256,0,0,1,
dbo,TCOMPLEXDATE,,3,dateReference,datetime,8,23,3,1,
dbo,TCOMPLEXDATE,,4,debutAnnee,datetime,8,23,3,1,
dbo,TCOMPLEXDATE,,5,debutDecade,datetime,8,23,3,1,
dbo,TCOMPLEXDATE,,6,debutMois,datetime,8,23,3,1,
dbo,TCOMPLEXDATE,,7,debutQuinzaine,datetime,8,23,3,1,
dbo,TCOMPLEXDATE,,8,debutSemaine,datetime,8,23,3,1,
dbo,TCOMPLEXDATE,,9,debutSemestre,datetime,8,23,3,1,
dbo,TCOMPLEXDATE,,10,debutTrimestre,datetime,8,23,3,1,
dbo,TCOMPLEXDATE,,11,dizaine,int,4,10,0,1,
dbo,TCOMPLEXDATE,,12,finAnnee,datetime,8,23,3,1,
dbo,TCOMPLEXDATE,,13,finDecade,datetime,8,23,3,1,
dbo,TCOMPLEXDATE,,14,finMois,datetime,8,23,3,1,
dbo,TCOMPLEXDATE,,15,finQuinzaine,datetime,8,23,3,1,
dbo,TCOMPLEXDATE,,16,finSemaine,datetime,8,23,3,1,
dbo,TCOMPLEXDATE,,17,finSemestre,datetime,8,23,3,1,
dbo,TCOMPLEXDATE,,18,finTrimestre,datetime,8,23,3,1,
dbo,TCOMPLEXDATE,,19,idOTP,int,4,10,0,1,
dbo,TCOMPLEXDATE,,20,jourAnnee,int,4,10,0,1,
dbo,TCOMPLEXDATE,,21,jourMois,int,4,10,0,1,
dbo,TCOMPLEXDATE,,22,jourSemaine,int,4,10,0,1,
dbo,TCOMPLEXDATE,,23,mois,int,4,10,0,1,
dbo,TCOMPLEXDATE,,24,oid,TOID,32,0,0,0,
dbo,TCOMPLEXDATE,,25,quinzaine,int,4,10,0,1,
dbo,TCOMPLEXDATE,,26,semaine,int,4,10,0,1,
dbo,TCOMPLEXDATE,,27,semestre,int,4,10,0,1,
dbo,TCOMPLEXDATE,,28,trimestre,int,4,10,0,1,
dbo,TCOMPLEXDATE,,29,UpdDate,datetime,8,23,3,1,
dbo,TCOMPLEXDATE,,30,UpdStamp,char,16,0,0,1,
dbo,TCOMPLEXDATE,,31,UpdUser,nvarchar,48,0,0,1,
dbo,TCOMPTEAUXILIAIRE,,1,Caption,nvarchar,256,0,0,1,
dbo,TCOMPTEAUXILIAIRE,,2,idOTP,int,4,10,0,1,
dbo,TCOMPTEAUXILIAIRE,,3,oid,TOID,32,0,0,0,
dbo,TCOMPTEAUXILIAIRE,,4,oidcompteGeneral,TOID,32,0,0,1,
dbo,TCOMPTEAUXILIAIRE,,5,oidroleTiers,TOID,32,0,0,1,
dbo,TCOMPTEAUXILIAIRE,,6,UpdDate,datetime,8,23,3,1,
dbo,TCOMPTEAUXILIAIRE,,7,UpdStamp,char,16,0,0,1,
dbo,TCOMPTEAUXILIAIRE,,8,UpdUser,nvarchar,48,0,0,1,
dbo,TCOMPTEBANCAIRE,,1,actif,bit,1,1,0,1,
dbo,TCOMPTEBANCAIRE,,2,Caption,nvarchar,256,0,0,1,
dbo,TCOMPTEBANCAIRE,,3,cleIBAN,nvarchar,256,0,0,1,
dbo,TCOMPTEBANCAIRE,,4,cleRIB,nvarchar,256,0,0,1,
dbo,TCOMPTEBANCAIRE,,5,code,nvarchar,256,0,0,1,
dbo,TCOMPTEBANCAIRE,,6,codeRoutage,nvarchar,256,0,0,1,
dbo,TCOMPTEBANCAIRE,,7,idOTP,int,4,10,0,1,
dbo,TCOMPTEBANCAIRE,,8,noTraitement,int,4,10,0,1,
dbo,TCOMPTEBANCAIRE,,9,numeroBBAN,nvarchar,256,0,0,1,
dbo,TCOMPTEBANCAIRE,,10,numeroCompte,nvarchar,256,0,0,1,
dbo,TCOMPTEBANCAIRE,,11,oid,TOID,32,0,0,0,
dbo,TCOMPTEBANCAIRE,,12,oidAgenceBancaire,TOID,32,0,0,1,
dbo,TCOMPTEBANCAIRE,,13,oidCorrespondanceCFONB,TOID,32,0,0,1,
dbo,TCOMPTEBANCAIRE,,14,oidTiersBIC,TOID,32,0,0,1,
dbo,TCOMPTEBANCAIRE,,15,UpdDate,datetime,8,23,3,1,
dbo,TCOMPTEBANCAIRE,,16,UpdStamp,char,16,0,0,1,
dbo,TCOMPTEBANCAIRE,,17,UpdUser,nvarchar,48,0,0,1,
dbo,TCOMPTEBANCAIRE,,18,upperIBAN,nvarchar,256,0,0,1,
dbo,TCOMPTEBANCAIRE,,19,codeEtablis,nvarchar,256,0,0,1,
dbo,TCOMPTEBANCAIRE,,20,compteComptable,nvarchar,256,0,0,1,
dbo,TCOMPTEBANCAIRE,,21,journal,nvarchar,256,0,0,1,
dbo,TCOMPTEBANCAIRE,,22,oidEtablissement,TOID,32,0,0,1,
dbo,TCOMPTEBANCAIRE,,23,oidSocieteTresorerie,TOID,32,0,0,1,
dbo,TCOMPTEBANCAIRE,,24,typePiece,nvarchar,256,0,0,1,
dbo,TCOMPTEBANCAIRE,,25,dateSolde,datetime,8,23,3,1,
dbo,TCOMPTEBANCAIRE,,26,dateSoldeDV,datetime,8,23,3,1,
dbo,TCOMPTEBANCAIRE,,27,estCompteSociete,bit,1,1,0,1,
dbo,TCOMPTEBANCAIRE,,28,niveauInitial,int,4,10,0,1,
dbo,TCOMPTEBANCAIRE,,29,oiddevise,TOID,32,0,0,1,
dbo,TCOMPTEBANCAIRE,,30,oidTiers,TOID,32,0,0,1,
dbo,TCOMPTEBANCAIRE,,31,soldeInitial,money,8,19,4,1,
dbo,TCOMPTEBANCAIRE,,32,soldeInitial_CodeDevise,nvarchar,6,0,0,1,
dbo,TCOMPTEBANCAIRE,,33,soldeInitialDV,money,8,19,4,1,
dbo,TCOMPTEBANCAIRE,,34,soldeInitialDV_CodeDevise,nvarchar,6,0,0,1,
dbo,TCOMPTEBANCAIRE,,35,jourSolde,int,4,10,0,1,
dbo,TCOMPTEBANCAIRE,,36,jourValeur,int,4,10,0,1,
dbo,TCOMPTEBANCAIRE,,37,moisSolde,datetime,8,23,3,1,
dbo,TCOMPTEBANCAIRE,,38,moisValeur,datetime,8,23,3,1,
dbo,TCOMPTEBANCAIRE,,39,oidCompteGeneral,TOID,32,0,0,1,
dbo,TCOMPTEBANCAIRE,,40,estAbonneReleveCpte,bit,1,1,0,1,
dbo,TCOMPTEBANCAIRE,,41,estAbonneReleveLCR,bit,1,1,0,1,
dbo,TCOMPTEBANCAIRE,,42,dateSoldeComptable,datetime,8,23,3,1,
dbo,TCOMPTEBANCAIRE,,43,dateValidation,datetime,8,23,3,1,
dbo,TCOMPTEBANCAIRE,,44,oidArreteCompteBancaire,TOID,32,0,0,1,
dbo,TCOMPTEBANCAIRE,,45,precedenteDateValidation,datetime,8,23,3,1,
dbo,TCOMPTEBANCAIRE,,46,soldeComptableDO,money,8,19,4,1,
dbo,TCOMPTEBANCAIRE,,47,soldeComptableDO_CodeDevise,nvarchar,6,0,0,1,
dbo,TCOMPTEBANCAIRE,,48,soldeComptableDV,money,8,19,4,1,
dbo,TCOMPTEBANCAIRE,,49,soldeComptableDV_CodeDevise,nvarchar,6,0,0,1,
dbo,TCOMPTEBANCAIRE,,50,CRLF_LCR,bit,1,1,0,1,
dbo,TCOMPTEBANCAIRE,,51,CRLF_PRLV,bit,1,1,0,1,
dbo,TCOMPTEBANCAIRE,,52,CRLF_VIR,bit,1,1,0,1,
dbo,TCOMPTEBANCAIRE,,53,EnrgCompPRLV,bit,1,1,0,1,
dbo,TCOMPTEBANCAIRE,,54,EnrgCompVIR,bit,1,1,0,1,
dbo,TCOMPTEBANCAIRE,,55,FichierLCR,nvarchar,256,0,0,1,
dbo,TCOMPTEBANCAIRE,,56,FichierPRLV,nvarchar,256,0,0,1,
dbo,TCOMPTEBANCAIRE,,57,FichierVIR,nvarchar,256,0,0,1,
dbo,TCOMPTEBANCAIRE,,58,noEmetteurLCRBOR,nvarchar,256,0,0,1,
dbo,TCOMPTEBANCAIRE,,59,noEmetteurVIR,nvarchar,256,0,0,1,
dbo,TCOMPTEBANCAIRE,,60,typeConventionLCRBOR,nvarchar,256,0,0,1,
dbo,TCOMPTEBANCAIRECREDITE,,1,Caption,nvarchar,256,0,0,1,
dbo,TCOMPTEBANCAIRECREDITE,,2,code,nvarchar,256,0,0,1,
dbo,TCOMPTEBANCAIRECREDITE,,3,idOTP,int,4,10,0,1,
dbo,TCOMPTEBANCAIRECREDITE,,4,oid,TOID,32,0,0,0,
dbo,TCOMPTEBANCAIRECREDITE,,5,oidCompteBancaire,TOID,32,0,0,1,
dbo,TCOMPTEBANCAIRECREDITE,,6,UpdDate,datetime,8,23,3,1,
dbo,TCOMPTEBANCAIRECREDITE,,7,UpdStamp,char,16,0,0,1,
dbo,TCOMPTEBANCAIRECREDITE,,8,UpdUser,nvarchar,48,0,0,1,
dbo,TCOMPTEBANCAIREFAMILLE,,1,Caption,nvarchar,256,0,0,1,
dbo,TCOMPTEBANCAIREFAMILLE,,2,idOTP,int,4,10,0,1,
dbo,TCOMPTEBANCAIREFAMILLE,,3,oid,TOID,32,0,0,0,
dbo,TCOMPTEBANCAIREFAMILLE,,4,oidCompteBancaireEtablissement,TOID,32,0,0,1,
dbo,TCOMPTEBANCAIREFAMILLE,,5,oidFamilleCompte,TOID,32,0,0,1,
dbo,TCOMPTEBANCAIREFAMILLE,,6,UpdDate,datetime,8,23,3,1,
dbo,TCOMPTEBANCAIREFAMILLE,,7,UpdStamp,char,16,0,0,1,
dbo,TCOMPTEBANCAIREFAMILLE,,8,UpdUser,nvarchar,48,0,0,1,
dbo,TCOMPTECATEGORIECOLLECTIF,,1,Caption,nvarchar,256,0,0,1,
dbo,TCOMPTECATEGORIECOLLECTIF,,2,idOTP,int,4,10,0,1,
dbo,TCOMPTECATEGORIECOLLECTIF,,3,oid,TOID,32,0,0,0,
dbo,TCOMPTECATEGORIECOLLECTIF,,4,oidCategorieCollectif,TOID,32,0,0,1,
dbo,TCOMPTECATEGORIECOLLECTIF,,5,oidCompteGeneral,TOID,32,0,0,1,
dbo,TCOMPTECATEGORIECOLLECTIF,,6,UpdDate,datetime,8,23,3,1,
dbo,TCOMPTECATEGORIECOLLECTIF,,7,UpdStamp,char,16,0,0,1,
dbo,TCOMPTECATEGORIECOLLECTIF,,8,UpdUser,nvarchar,48,0,0,1,
dbo,TCOMPTECI,,1,Caption,nvarchar,256,0,0,1,
dbo,TCOMPTECI,,2,idOTP,int,4,10,0,1,
dbo,TCOMPTECI,,3,oid,TOID,32,0,0,0,
dbo,TCOMPTECI,,4,oidSchemaComptableCrediteur,TOID,32,0,0,1,
dbo,TCOMPTECI,,5,oidSchemaComptableDebiteur,TOID,32,0,0,1,
dbo,TCOMPTECI,,6,oidTCodeInterneBanque,TOID,32,0,0,1,
dbo,TCOMPTECI,,7,oidTCompteGeneral,TOID,32,0,0,1,
dbo,TCOMPTECI,,8,UpdDate,datetime,8,23,3,1,
dbo,TCOMPTECI,,9,UpdStamp,char,16,0,0,1,
dbo,TCOMPTECI,,10,UpdUser,nvarchar,48,0,0,1,
dbo,TCOMPTECIB,,1,Caption,nvarchar,256,0,0,1,
dbo,TCOMPTECIB,,2,idOTP,int,4,10,0,1,
dbo,TCOMPTECIB,,3,oid,TOID,32,0,0,0,
dbo,TCOMPTECIB,,4,oidSchemaComptableCrediteur,TOID,32,0,0,1,
dbo,TCOMPTECIB,,5,oidSchemaComptableDebiteur,TOID,32,0,0,1,
dbo,TCOMPTECIB,,6,oidTCodeOperationInterbancaire,TOID,32,0,0,1,
dbo,TCOMPTECIB,,7,oidTCompteGeneral,TOID,32,0,0,1,
dbo,TCOMPTECIB,,8,UpdDate,datetime,8,23,3,1,
dbo,TCOMPTECIB,,9,UpdStamp,char,16,0,0,1,
dbo,TCOMPTECIB,,10,UpdUser,nvarchar,48,0,0,1,
dbo,TCOMPTEFAMILLEBIEN,,1,Caption,nvarchar,256,0,0,1,
dbo,TCOMPTEFAMILLEBIEN,,2,idOTP,int,4,10,0,1,
dbo,TCOMPTEFAMILLEBIEN,,3,oid,TOID,32,0,0,0,
dbo,TCOMPTEFAMILLEBIEN,,4,oidBienModele,TOID,32,0,0,1,
dbo,TCOMPTEFAMILLEBIEN,,5,oidTCompteGeneral,TOID,32,0,0,1,
dbo,TCOMPTEFAMILLEBIEN,,6,oidTFamilleBien,TOID,32,0,0,1,
dbo,TCOMPTEFAMILLEBIEN,,7,UpdDate,datetime,8,23,3,1,
dbo,TCOMPTEFAMILLEBIEN,,8,UpdStamp,char,16,0,0,1,
dbo,TCOMPTEFAMILLEBIEN,,9,UpdUser,nvarchar,48,0,0,1,
dbo,TCOMPTEGENERAL,,1,acompteDAS2,bit,1,1,0,1,
dbo,TCOMPTEGENERAL,,2,baseTVA,smallint,2,5,0,1,
dbo,TCOMPTEGENERAL,,3,Caption,nvarchar,256,0,0,1,
dbo,TCOMPTEGENERAL,,4,codeCompte,nvarchar,256,0,0,1,
dbo,TCOMPTEGENERAL,,5,commentaire,nvarchar,-1,0,0,1,
dbo,TCOMPTEGENERAL,,6,compteCaisse,bit,1,1,0,1,
dbo,TCOMPTEGENERAL,,7,CompteLiaisonDevise,bit,1,1,0,1,
dbo,TCOMPTEGENERAL,,8,convertible,bit,1,1,0,1,
dbo,TCOMPTEGENERAL,,9,dateGroupe,datetime,8,23,3,1,
dbo,TCOMPTEGENERAL,,10,DateLettrable,datetime,8,23,3,1,
dbo,TCOMPTEGENERAL,,11,DatePointable,datetime,8,23,3,1,
dbo,TCOMPTEGENERAL,,12,detailEcritureControle,smallint,2,5,0,1,
dbo,TCOMPTEGENERAL,,13,detailEcritureGestion,bit,1,1,0,1,
dbo,TCOMPTEGENERAL,,14,detailEcriturePeriodique,bit,1,1,0,1,
dbo,TCOMPTEGENERAL,,15,editionDetaillee,bit,1,1,0,1,
dbo,TCOMPTEGENERAL,,16,enActivite,bit,1,1,0,1,
dbo,TCOMPTEGENERAL,,17,EstGroupe,bit,1,1,0,1,
dbo,TCOMPTEGENERAL,,18,estMouvemente,bit,1,1,0,1,
dbo,TCOMPTEGENERAL,,19,estMouvementeCloture,bit,1,1,0,1,
dbo,TCOMPTEGENERAL,,20,estMouvementeNegatif,bit,1,1,0,1,
dbo,TCOMPTEGENERAL,,21,estMouvementeTVA,bit,1,1,0,1,
dbo,TCOMPTEGENERAL,,22,idOTP,int,4,10,0,1,
dbo,TCOMPTEGENERAL,,23,Immobilisation,bit,1,1,0,1,
dbo,TCOMPTEGENERAL,,24,lettrable,bit,1,1,0,1,
dbo,TCOMPTEGENERAL,,25,lieAImmobilisation,bit,1,1,0,1,
dbo,TCOMPTEGENERAL,,26,Modifiable,bit,1,1,0,1,
dbo,TCOMPTEGENERAL,,27,montantNegatif,bit,1,1,0,1,
dbo,TCOMPTEGENERAL,,28,natureCompte,smallint,2,5,0,1,
dbo,TCOMPTEGENERAL,,29,oid,TOID,32,0,0,0,
dbo,TCOMPTEGENERAL,,30,oidcompteBancaireEts,TOID,32,0,0,1,
dbo,TCOMPTEGENERAL,,31,oidCompteType,TOID,32,0,0,1,
dbo,TCOMPTEGENERAL,,32,oidCorrespondanceGroupe,TOID,32,0,0,1,
dbo,TCOMPTEGENERAL,,33,oiddevise,TOID,32,0,0,1,
dbo,TCOMPTEGENERAL,,34,oidModeReglement,TOID,32,0,0,1,
dbo,TCOMPTEGENERAL,,35,oidnumeroPointage,TOID,32,0,0,1,
dbo,TCOMPTEGENERAL,,36,oidprofilTVAPrivilegie,TOID,32,0,0,1,
dbo,TCOMPTEGENERAL,,37,oidrubriqueCredit,TOID,32,0,0,1,
dbo,TCOMPTEGENERAL,,38,oidrubriqueDebit,TOID,32,0,0,1,
dbo,TCOMPTEGENERAL,,39,oidunite,TOID,32,0,0,1,
dbo,TCOMPTEGENERAL,,40,pointableEcr,bit,1,1,0,1,
dbo,TCOMPTEGENERAL,,41,reportANouveau,smallint,2,5,0,1,
dbo,TCOMPTEGENERAL,,42,sensPrivilegie,smallint,2,5,0,1,
dbo,TCOMPTEGENERAL,,43,statutImmo,smallint,2,5,0,1,
dbo,TCOMPTEGENERAL,,44,Supprimable,bit,1,1,0,1,
dbo,TCOMPTEGENERAL,,45,taxeAssimile_CA3,bit,1,1,0,1,
dbo,TCOMPTEGENERAL,,46,typeCollectif,smallint,2,5,0,1,
dbo,TCOMPTEGENERAL,,47,typeCompte,smallint,2,5,0,1,
dbo,TCOMPTEGENERAL,,48,TypeImmobilisation,smallint,2,5,0,1,
dbo,TCOMPTEGENERAL,,49,typePointage,smallint,2,5,0,1,
dbo,TCOMPTEGENERAL,,50,TypeTVA,smallint,2,5,0,1,
dbo,TCOMPTEGENERAL,,51,UpdDate,datetime,8,23,3,1,
dbo,TCOMPTEGENERAL,,52,UpdStamp,char,16,0,0,1,
dbo,TCOMPTEGENERAL,,53,UpdUser,nvarchar,48,0,0,1,
dbo,TCOMPTEGENERAL,,54,ventilable,bit,1,1,0,1,
dbo,TCOMPTEGENERAL,,55,familleObligatoire,bit,1,1,0,1,
dbo,TCOMPTEGENERAL,,56,oidBienModele,TOID,32,0,0,1,
dbo,TCOMPTEGENERAL,,57,oidFamilleBien,TOID,32,0,0,1,
dbo,TCOMPTEGENERAL,,58,Deversable,bit,1,1,0,1,
dbo,TCOMPTEGENERAL,,59,oidClefDeversementAssurance,TOID,32,0,0,1,
dbo,TCOMPTEGENERAL,,60,oidCompteDeversAssurance,TOID,32,0,0,1,
dbo,TCOMPTEGENERAL,,61,soldeDate,datetime,8,23,3,1,
dbo,TCOMPTEGENERAL,,62,soldeDO,money,8,19,4,1,
dbo,TCOMPTEGENERAL,,63,soldeDO_CodeDevise,nvarchar,6,0,0,1,
dbo,TCOMPTEGENERAL,,64,soldeDV,money,8,19,4,1,
dbo,TCOMPTEGENERAL,,65,soldeDV_CodeDevise,nvarchar,6,0,0,1,
dbo,TCOMPTEGENERALORIGINE,,1,Caption,nvarchar,256,0,0,1,
dbo,TCOMPTEGENERALORIGINE,,2,idOTP,int,4,10,0,1,
dbo,TCOMPTEGENERALORIGINE,,3,oid,TOID,32,0,0,0,
dbo,TCOMPTEGENERALORIGINE,,4,oidCompteGeneral,TOID,32,0,0,1,
dbo,TCOMPTEGENERALORIGINE,,5,oidEtape,TOID,32,0,0,1,
dbo,TCOMPTEGENERALORIGINE,,6,UpdDate,datetime,8,23,3,1,
dbo,TCOMPTEGENERALORIGINE,,7,UpdStamp,char,16,0,0,1,
dbo,TCOMPTEGENERALORIGINE,,8,UpdUser,nvarchar,48,0,0,1,
dbo,TCOMPTEGENERALPERIMETRE,,1,Caption,nvarchar,256,0,0,1,
dbo,TCOMPTEGENERALPERIMETRE,,2,idOTP,int,4,10,0,1,
dbo,TCOMPTEGENERALPERIMETRE,,3,oid,TOID,32,0,0,0,
dbo,TCOMPTEGENERALPERIMETRE,,4,oidCompteGeneral,TOID,32,0,0,1,
dbo,TCOMPTEGENERALPERIMETRE,,5,oidPerimetreGroupe,TOID,32,0,0,1,
dbo,TCOMPTEGENERALPERIMETRE,,6,UpdDate,datetime,8,23,3,1,
dbo,TCOMPTEGENERALPERIMETRE,,7,UpdStamp,char,16,0,0,1,
dbo,TCOMPTEGENERALPERIMETRE,,8,UpdUser,nvarchar,48,0,0,1,
dbo,TCOMPTEGENERALPROFILTVA,,1,Caption,nvarchar,256,0,0,1,
dbo,TCOMPTEGENERALPROFILTVA,,2,idOTP,int,4,10,0,1,
dbo,TCOMPTEGENERALPROFILTVA,,3,oid,TOID,32,0,0,0,
dbo,TCOMPTEGENERALPROFILTVA,,4,oidCompteGeneral,TOID,32,0,0,1,
dbo,TCOMPTEGENERALPROFILTVA,,5,oidProfilTVA,TOID,32,0,0,1,
dbo,TCOMPTEGENERALPROFILTVA,,6,UpdDate,datetime,8,23,3,1,
dbo,TCOMPTEGENERALPROFILTVA,,7,UpdStamp,char,16,0,0,1,
dbo,TCOMPTEGENERALPROFILTVA,,8,UpdUser,nvarchar,48,0,0,1,
dbo,TCOMPTEPARAMETRE,,1,Caption,nvarchar,256,0,0,1,
dbo,TCOMPTEPARAMETRE,,2,code,nvarchar,256,0,0,1,
dbo,TCOMPTEPARAMETRE,,3,idOTP,int,4,10,0,1,
dbo,TCOMPTEPARAMETRE,,4,oid,TOID,32,0,0,0,
dbo,TCOMPTEPARAMETRE,,5,oidCompteGeneral,TOID,32,0,0,1,
dbo,TCOMPTEPARAMETRE,,6,systeme,bit,1,1,0,1,
dbo,TCOMPTEPARAMETRE,,7,UpdDate,datetime,8,23,3,1,
dbo,TCOMPTEPARAMETRE,,8,UpdStamp,char,16,0,0,1,
dbo,TCOMPTEPARAMETRE,,9,UpdUser,nvarchar,48,0,0,1,
dbo,TCOMPTEPROFIL,,1,Caption,nvarchar,256,0,0,1,
dbo,TCOMPTEPROFIL,,2,EstVisibleTypeImmo,bit,1,1,0,1,
dbo,TCOMPTEPROFIL,,3,idOTP,int,4,10,0,1,
dbo,TCOMPTEPROFIL,,4,mBaseTVA,bit,1,1,0,1,
dbo,TCOMPTEPROFIL,,5,mCompteType,bit,1,1,0,1,
dbo,TCOMPTEPROFIL,,6,mConvertible,bit,1,1,0,1,
dbo,TCOMPTEPROFIL,,7,mDevise,bit,1,1,0,1,
dbo,TCOMPTEPROFIL,,8,mEditionDetaillee,bit,1,1,0,1,
dbo,TCOMPTEPROFIL,,9,mEnActivite,bit,1,1,0,1,
dbo,TCOMPTEPROFIL,,10,mImmobilisation,bit,1,1,0,1,
dbo,TCOMPTEPROFIL,,11,mLettrable,bit,1,1,0,1,
dbo,TCOMPTEPROFIL,,12,mLieAImmobilisation,bit,1,1,0,1,
dbo,TCOMPTEPROFIL,,13,mModeReglement,bit,1,1,0,1,
dbo,TCOMPTEPROFIL,,14,mMontantNegatif,bit,1,1,0,1,
dbo,TCOMPTEPROFIL,,15,mNatureCompte,bit,1,1,0,1,
dbo,TCOMPTEPROFIL,,16,mPointableEcr,bit,1,1,0,1,
dbo,TCOMPTEPROFIL,,17,mProfilTVA,bit,1,1,0,1,
dbo,TCOMPTEPROFIL,,18,mReportANouveau,bit,1,1,0,1,
dbo,TCOMPTEPROFIL,,19,mRubriqueCredit,bit,1,1,0,1,
dbo,TCOMPTEPROFIL,,20,mRubriqueDebit,bit,1,1,0,1,
dbo,TCOMPTEPROFIL,,21,mSensPrivilegie,bit,1,1,0,1,
dbo,TCOMPTEPROFIL,,22,mTypeCollectif,bit,1,1,0,1,
dbo,TCOMPTEPROFIL,,23,mTypeCompte,bit,1,1,0,1,
dbo,TCOMPTEPROFIL,,24,mTypeTVA,bit,1,1,0,1,
dbo,TCOMPTEPROFIL,,25,mUnite,bit,1,1,0,1,
dbo,TCOMPTEPROFIL,,26,mVentilable,bit,1,1,0,1,
dbo,TCOMPTEPROFIL,,27,oid,TOID,32,0,0,0,
dbo,TCOMPTEPROFIL,,28,oidcompteModele,TOID,32,0,0,1,
dbo,TCOMPTEPROFIL,,29,oidFourchetteCompteProfil,TOID,32,0,0,1,
dbo,TCOMPTEPROFIL,,30,UpdDate,datetime,8,23,3,1,
dbo,TCOMPTEPROFIL,,31,UpdStamp,char,16,0,0,1,
dbo,TCOMPTEPROFIL,,32,UpdUser,nvarchar,48,0,0,1,
dbo,TCOMPTESOCIETEANEPASCREER,,1,Caption,nvarchar,256,0,0,1,
dbo,TCOMPTESOCIETEANEPASCREER,,2,cleRib,nvarchar,256,0,0,1,
dbo,TCOMPTESOCIETEANEPASCREER,,3,codeEtablissement,nvarchar,256,0,0,1,
dbo,TCOMPTESOCIETEANEPASCREER,,4,codeGuichet,nvarchar,256,0,0,1,
dbo,TCOMPTESOCIETEANEPASCREER,,5,idOTP,int,4,10,0,1,
dbo,TCOMPTESOCIETEANEPASCREER,,6,numeroCompte,nvarchar,256,0,0,1,
dbo,TCOMPTESOCIETEANEPASCREER,,7,oid,TOID,32,0,0,0,
dbo,TCOMPTESOCIETEANEPASCREER,,8,UpdDate,datetime,8,23,3,1,
dbo,TCOMPTESOCIETEANEPASCREER,,9,UpdStamp,char,16,0,0,1,
dbo,TCOMPTESOCIETEANEPASCREER,,10,UpdUser,nvarchar,48,0,0,1,
dbo,TCOMPTETYPE,,1,Caption,nvarchar,256,0,0,1,
dbo,TCOMPTETYPE,,2,code,nvarchar,256,0,0,1,
dbo,TCOMPTETYPE,,3,idOTP,int,4,10,0,1,
dbo,TCOMPTETYPE,,4,oid,TOID,32,0,0,0,
dbo,TCOMPTETYPE,,5,oidParent,TOID,32,0,0,1,
dbo,TCOMPTETYPE,,6,UpdDate,datetime,8,23,3,1,
dbo,TCOMPTETYPE,,7,UpdStamp,char,16,0,0,1,
dbo,TCOMPTETYPE,,8,UpdUser,nvarchar,48,0,0,1,
dbo,TCONDITIONREGLEMENT,,1,Caption,nvarchar,256,0,0,1,
dbo,TCONDITIONREGLEMENT,,2,code,nvarchar,256,0,0,1,
dbo,TCONDITIONREGLEMENT,,3,decalage,smallint,2,5,0,1,
dbo,TCONDITIONREGLEMENT,,4,idOTP,int,4,10,0,1,
dbo,TCONDITIONREGLEMENT,,5,jourEcheance,int,4,10,0,1,
dbo,TCONDITIONREGLEMENT,,6,jourLimite,int,4,10,0,1,
dbo,TCONDITIONREGLEMENT,,7,jourReport,int,4,10,0,1,
dbo,TCONDITIONREGLEMENT,,8,jourSemaine,smallint,2,5,0,1,
dbo,TCONDITIONREGLEMENT,,9,nombreJours,int,4,10,0,1,
dbo,TCONDITIONREGLEMENT,,10,nombreMois,int,4,10,0,1,
dbo,TCONDITIONREGLEMENT,,11,oid,TOID,32,0,0,0,
dbo,TCONDITIONREGLEMENT,,12,UpdDate,datetime,8,23,3,1,
dbo,TCONDITIONREGLEMENT,,13,UpdStamp,char,16,0,0,1,
dbo,TCONDITIONREGLEMENT,,14,UpdUser,nvarchar,48,0,0,1,
dbo,TCONSTITUTIONESPACE,,1,Caption,nvarchar,256,0,0,1,
dbo,TCONSTITUTIONESPACE,,2,centreAttenteAuto,bit,1,1,0,1,
dbo,TCONSTITUTIONESPACE,,3,identificationCentre,nvarchar,256,0,0,1,
dbo,TCONSTITUTIONESPACE,,4,idOTP,int,4,10,0,1,
dbo,TCONSTITUTIONESPACE,,5,nbCaractSection,int,4,10,0,1,
dbo,TCONSTITUTIONESPACE,,6,numero,int,4,10,0,1,
dbo,TCONSTITUTIONESPACE,,7,oid,TOID,32,0,0,0,
dbo,TCONSTITUTIONESPACE,,8,oidDimensionAnalytique,TOID,32,0,0,1,
dbo,TCONSTITUTIONESPACE,,9,oidEspaceAnalytique,TOID,32,0,0,1,
dbo,TCONSTITUTIONESPACE,,10,oidPositionAnalytique,TOID,32,0,0,1,
dbo,TCONSTITUTIONESPACE,,11,UpdDate,datetime,8,23,3,1,
dbo,TCONSTITUTIONESPACE,,12,UpdStamp,char,16,0,0,1,
dbo,TCONSTITUTIONESPACE,,13,UpdUser,nvarchar,48,0,0,1,
dbo,TCONSTITUTIONFRAISSALARIE,,1,Caption,nvarchar,256,0,0,1,
dbo,TCONSTITUTIONFRAISSALARIE,,2,idOTP,int,4,10,0,1,
dbo,TCONSTITUTIONFRAISSALARIE,,3,oid,TOID,32,0,0,0,
dbo,TCONSTITUTIONFRAISSALARIE,,4,oidTConstitutionSectionGC,TOID,32,0,0,1,
dbo,TCONSTITUTIONFRAISSALARIE,,5,oidTFraisSalarie,TOID,32,0,0,1,
dbo,TCONSTITUTIONFRAISSALARIE,,6,UpdDate,datetime,8,23,3,1,
dbo,TCONSTITUTIONFRAISSALARIE,,7,UpdStamp,char,16,0,0,1,
dbo,TCONSTITUTIONFRAISSALARIE,,8,UpdUser,nvarchar,48,0,0,1,
dbo,TCONSTITUTIONSECTION,,1,Caption,nvarchar,256,0,0,1,
dbo,TCONSTITUTIONSECTION,,2,idOTP,int,4,10,0,1,
dbo,TCONSTITUTIONSECTION,,3,numero,int,4,10,0,1,
dbo,TCONSTITUTIONSECTION,,4,oid,TOID,32,0,0,0,
dbo,TCONSTITUTIONSECTION,,5,oidPositionAnalytique,TOID,32,0,0,1,
dbo,TCONSTITUTIONSECTION,,6,oidSectionAnalytique,TOID,32,0,0,1,
dbo,TCONSTITUTIONSECTION,,7,UpdDate,datetime,8,23,3,1,
dbo,TCONSTITUTIONSECTION,,8,UpdStamp,char,16,0,0,1,
dbo,TCONSTITUTIONSECTION,,9,UpdUser,nvarchar,48,0,0,1,
dbo,TCONSTITUTIONSECTIONGC,,1,aprentissageDoc,bit,1,1,0,1,
dbo,TCONSTITUTIONSECTIONGC,,2,Caption,nvarchar,256,0,0,1,
dbo,TCONSTITUTIONSECTIONGC,,3,constitutionAutomatique,bit,1,1,0,1,
dbo,TCONSTITUTIONSECTIONGC,,4,constitutionAutomatiqueDoc,bit,1,1,0,1,
dbo,TCONSTITUTIONSECTIONGC,,5,constitutionAutomatiqueNF,bit,1,1,0,1,
dbo,TCONSTITUTIONSECTIONGC,,6,idOTP,int,4,10,0,1,
dbo,TCONSTITUTIONSECTIONGC,,7,oid,TOID,32,0,0,0,
dbo,TCONSTITUTIONSECTIONGC,,8,oidAxeAnalytique,TOID,32,0,0,1,
dbo,TCONSTITUTIONSECTIONGC,,9,UpdDate,datetime,8,23,3,1,
dbo,TCONSTITUTIONSECTIONGC,,10,UpdStamp,char,16,0,0,1,
dbo,TCONSTITUTIONSECTIONGC,,11,UpdUser,nvarchar,48,0,0,1,
dbo,TCONSTITUTIONSECTIONGC,,12,constitutionAutomatiqueImmo,bit,1,1,0,1,
dbo,TCONSTITUTIONSECTIONGC,,13,oidSectionAnalytiqueDefaut,TOID,32,0,0,1,
dbo,TCONTEXTEPOIDS,,1,Caption,nvarchar,256,0,0,1,
dbo,TCONTEXTEPOIDS,,2,idOTP,int,4,10,0,1,
dbo,TCONTEXTEPOIDS,,3,oid,TOID,32,0,0,0,
dbo,TCONTEXTEPOIDS,,4,oidUnitePoids,TOID,32,0,0,1,
dbo,TCONTEXTEPOIDS,,5,UpdDate,datetime,8,23,3,1,
dbo,TCONTEXTEPOIDS,,6,UpdStamp,char,16,0,0,1,
dbo,TCONTEXTEPOIDS,,7,UpdUser,nvarchar,48,0,0,1,
dbo,TCONTEXTEVOLUME,,1,Caption,nvarchar,256,0,0,1,
dbo,TCONTEXTEVOLUME,,2,idOTP,int,4,10,0,1,
dbo,TCONTEXTEVOLUME,,3,oid,TOID,32,0,0,0,
dbo,TCONTEXTEVOLUME,,4,oidUniteVolume,TOID,32,0,0,1,
dbo,TCONTEXTEVOLUME,,5,UpdDate,datetime,8,23,3,1,
dbo,TCONTEXTEVOLUME,,6,UpdStamp,char,16,0,0,1,
dbo,TCONTEXTEVOLUME,,7,UpdUser,nvarchar,48,0,0,1,
dbo,TCONTRATBANCAIREREMISE,,1,accordTacite,bit,1,1,0,1,
dbo,TCONTRATBANCAIREREMISE,,2,agregerFichier,bit,1,1,0,1,
dbo,TCONTRATBANCAIREREMISE,,3,Caption,nvarchar,256,0,0,1,
dbo,TCONTRATBANCAIREREMISE,,4,cheminFichier,nvarchar,512,0,0,1,
dbo,TCONTRATBANCAIREREMISE,,5,constitutionVCOM,smallint,2,5,0,1,
dbo,TCONTRATBANCAIREREMISE,,6,envoiCCBS,bit,1,1,0,1,
dbo,TCONTRATBANCAIREREMISE,,7,genererFichier,bit,1,1,0,1,
dbo,TCONTRATBANCAIREREMISE,,8,idBankContractType,nvarchar,256,0,0,1,
dbo,TCONTRATBANCAIREREMISE,,9,idOTP,int,4,10,0,1,
dbo,TCONTRATBANCAIREREMISE,,10,noLineBreak,bit,1,1,0,1,
dbo,TCONTRATBANCAIREREMISE,,11,nomFichier,nvarchar,256,0,0,1,
dbo,TCONTRATBANCAIREREMISE,,12,nonRegroupement,bit,1,1,0,1,
dbo,TCONTRATBANCAIREREMISE,,13,oid,TOID,32,0,0,0,
dbo,TCONTRATBANCAIREREMISE,,14,oidCompteBancaireEmetteur,TOID,32,0,0,1,
dbo,TCONTRATBANCAIREREMISE,,15,oidContratBancaireWS,TOID,32,0,0,1,
dbo,TCONTRATBANCAIREREMISE,,16,oidFormatConvertisseur,TOID,32,0,0,1,
dbo,TCONTRATBANCAIREREMISE,,17,oidFormatFichier,TOID,32,0,0,1,
dbo,TCONTRATBANCAIREREMISE,,18,oidParametreImportRemise,TOID,32,0,0,1,
dbo,TCONTRATBANCAIREREMISE,,19,oidRegleValidation,TOID,32,0,0,1,
dbo,TCONTRATBANCAIREREMISE,,20,oidTContratEchangeBancaire,TOID,32,0,0,1,
dbo,TCONTRATBANCAIREREMISE,,21,oidTTypeRemiseBanque,TOID,32,0,0,1,
dbo,TCONTRATBANCAIREREMISE,,22,protocole,smallint,2,5,0,1,
dbo,TCONTRATBANCAIREREMISE,,23,supportPaiement,smallint,2,5,0,1,
dbo,TCONTRATBANCAIREREMISE,,24,transfert,nvarchar,256,0,0,1,
dbo,TCONTRATBANCAIREREMISE,,25,typeDebitRemise,smallint,2,5,0,1,
dbo,TCONTRATBANCAIREREMISE,,26,typeRemiseDateDevise,smallint,2,5,0,1,
dbo,TCONTRATBANCAIREREMISE,,27,UpdDate,datetime,8,23,3,1,
dbo,TCONTRATBANCAIREREMISE,,28,UpdStamp,char,16,0,0,1,
dbo,TCONTRATBANCAIREREMISE,,29,UpdUser,nvarchar,48,0,0,1,
dbo,TCONTRATBANCAIRESOCIETE,,1,Caption,nvarchar,256,0,0,1,
dbo,TCONTRATBANCAIRESOCIETE,,2,idOTP,int,4,10,0,1,
dbo,TCONTRATBANCAIRESOCIETE,,3,oid,TOID,32,0,0,0,
dbo,TCONTRATBANCAIRESOCIETE,,4,oidTContratEchangeBancaire,TOID,32,0,0,1,
dbo,TCONTRATBANCAIRESOCIETE,,5,oidTTiersSociete,TOID,32,0,0,1,
dbo,TCONTRATBANCAIRESOCIETE,,6,UpdDate,datetime,8,23,3,1,
dbo,TCONTRATBANCAIRESOCIETE,,7,UpdStamp,char,16,0,0,1,
dbo,TCONTRATBANCAIRESOCIETE,,8,UpdUser,nvarchar,48,0,0,1,
dbo,TCONTRATCOMPTEBANCAIRE,,1,Caption,nvarchar,256,0,0,1,
dbo,TCONTRATCOMPTEBANCAIRE,,2,idOTP,int,4,10,0,1,
dbo,TCONTRATCOMPTEBANCAIRE,,3,numeroEmetteur,nvarchar,256,0,0,1,
dbo,TCONTRATCOMPTEBANCAIRE,,4,oid,TOID,32,0,0,0,
dbo,TCONTRATCOMPTEBANCAIRE,,5,oidCompteBancaireEtablissement,TOID,32,0,0,1,
dbo,TCONTRATCOMPTEBANCAIRE,,6,oidContratBancaireRemise,TOID,32,0,0,1,
dbo,TCONTRATCOMPTEBANCAIRE,,7,UpdDate,datetime,8,23,3,1,
dbo,TCONTRATCOMPTEBANCAIRE,,8,UpdStamp,char,16,0,0,1,
dbo,TCONTRATCOMPTEBANCAIRE,,9,UpdUser,nvarchar,48,0,0,1,
dbo,TCONTRATDEMAT,,1,Caption,nvarchar,256,0,0,1,
dbo,TCONTRATDEMAT,,2,dateCreation,datetime,8,23,3,1,
dbo,TCONTRATDEMAT,,3,idOTP,int,4,10,0,1,
dbo,TCONTRATDEMAT,,4,oid,TOID,32,0,0,0,
dbo,TCONTRATDEMAT,,5,oidTiers,TOID,32,0,0,1,
dbo,TCONTRATDEMAT,,6,oidTiersSociete,TOID,32,0,0,1,
dbo,TCONTRATDEMAT,,7,UpdDate,datetime,8,23,3,1,
dbo,TCONTRATDEMAT,,8,UpdStamp,char,16,0,0,1,
dbo,TCONTRATDEMAT,,9,UpdUser,nvarchar,48,0,0,1,
dbo,TCONTRATDEMAT,,10,oidSiteSociete,TOID,32,0,0,1,
dbo,TCONTRATDEMAT,,11,oidSiteTiers,TOID,32,0,0,1,
dbo,TCONTRATDEMAT,,12,dateMajPlateforme,datetime,8,23,3,1,
dbo,TCONTRATDEMAT,,13,emettreBAP,bit,1,1,0,1,
dbo,TCONTRATDEMAT,,14,emettreCRR,bit,1,1,0,1,
dbo,TCONTRATDEMAT,,15,oidTReferenceEDITiers,TOID,32,0,0,1,
dbo,TCONTRATDEMAT,,16,oidTReferenceEDITiersSociete,TOID,32,0,0,1,
dbo,TCONTRATDEMAT,,17,statutInterchange,smallint,2,5,0,1,
dbo,TCONTRATECHANGEBANCAIRE,,1,Caption,nvarchar,256,0,0,1,
dbo,TCONTRATECHANGEBANCAIRE,,2,dateContrat,datetime,8,23,3,1,
dbo,TCONTRATECHANGEBANCAIRE,,3,idOTP,int,4,10,0,1,
dbo,TCONTRATECHANGEBANCAIRE,,4,numero,nvarchar,256,0,0,1,
dbo,TCONTRATECHANGEBANCAIRE,,5,oid,TOID,32,0,0,0,
dbo,TCONTRATECHANGEBANCAIRE,,6,oidBanque,TOID,32,0,0,1,
dbo,TCONTRATECHANGEBANCAIRE,,7,oidContractant,TOID,32,0,0,1,
dbo,TCONTRATECHANGEBANCAIRE,,8,UpdDate,datetime,8,23,3,1,
dbo,TCONTRATECHANGEBANCAIRE,,9,UpdStamp,char,16,0,0,1,
dbo,TCONTRATECHANGEBANCAIRE,,10,UpdUser,nvarchar,48,0,0,1,
dbo,TCONTRATTRESOCOMPTECREDIT,,1,Caption,nvarchar,256,0,0,1,
dbo,TCONTRATTRESOCOMPTECREDIT,,2,idOTP,int,4,10,0,1,
dbo,TCONTRATTRESOCOMPTECREDIT,,3,oid,TOID,32,0,0,0,
dbo,TCONTRATTRESOCOMPTECREDIT,,4,oidTCompteBancaireEts,TOID,32,0,0,1,
dbo,TCONTRATTRESOCOMPTECREDIT,,5,oidTContratBancaireRemise,TOID,32,0,0,1,
dbo,TCONTRATTRESOCOMPTECREDIT,,6,UpdDate,datetime,8,23,3,1,
dbo,TCONTRATTRESOCOMPTECREDIT,,7,UpdStamp,char,16,0,0,1,
dbo,TCONTRATTRESOCOMPTECREDIT,,8,UpdUser,nvarchar,48,0,0,1,
dbo,TCONTROLEGCFIMMO,,1,Caption,nvarchar,256,0,0,1,
dbo,TCONTROLEGCFIMMO,,2,dateControle,datetime,8,23,3,1,
dbo,TCONTROLEGCFIMMO,,3,idOTP,int,4,10,0,1,
dbo,TCONTROLEGCFIMMO,,4,oid,TOID,32,0,0,0,
dbo,TCONTROLEGCFIMMO,,5,oidperiode,TOID,32,0,0,1,
dbo,TCONTROLEGCFIMMO,,6,oidschemaAmortissement,TOID,32,0,0,1,
dbo,TCONTROLEGCFIMMO,,7,UpdDate,datetime,8,23,3,1,
dbo,TCONTROLEGCFIMMO,,8,UpdStamp,char,16,0,0,1,
dbo,TCONTROLEGCFIMMO,,9,UpdUser,nvarchar,48,0,0,1,
dbo,TCONTROLESOURCEGCF,,1,Caption,nvarchar,256,0,0,1,
dbo,TCONTROLESOURCEGCF,,2,credit,money,8,19,4,1,
dbo,TCONTROLESOURCEGCF,,3,credit_CodeDevise,nvarchar,6,0,0,1,
dbo,TCONTROLESOURCEGCF,,4,debit,money,8,19,4,1,
dbo,TCONTROLESOURCEGCF,,5,debit_CodeDevise,nvarchar,6,0,0,1,
dbo,TCONTROLESOURCEGCF,,6,idOTP,int,4,10,0,1,
dbo,TCONTROLESOURCEGCF,,7,natureControle,smallint,2,5,0,1,
dbo,TCONTROLESOURCEGCF,,8,oid,TOID,32,0,0,0,
dbo,TCONTROLESOURCEGCF,,9,oidcompteGeneral,TOID,32,0,0,1,
dbo,TCONTROLESOURCEGCF,,10,oidControleGCFImmo,TOID,32,0,0,1,
dbo,TCONTROLESOURCEGCF,,11,totalImmo,money,8,19,4,1,
dbo,TCONTROLESOURCEGCF,,12,totalImmo_CodeDevise,nvarchar,6,0,0,1,
dbo,TCONTROLESOURCEGCF,,13,UpdDate,datetime,8,23,3,1,
dbo,TCONTROLESOURCEGCF,,14,UpdStamp,char,16,0,0,1,
dbo,TCONTROLESOURCEGCF,,15,UpdUser,nvarchar,48,0,0,1,
dbo,TCONTROLESOURCEIMMO,,1,Caption,nvarchar,256,0,0,1,
dbo,TCONTROLESOURCEIMMO,,2,idOTP,int,4,10,0,1,
dbo,TCONTROLESOURCEIMMO,,3,oid,TOID,32,0,0,0,
dbo,TCONTROLESOURCEIMMO,,4,oidcompteGeneral,TOID,32,0,0,1,
dbo,TCONTROLESOURCEIMMO,,5,oidControleSourceGCF,TOID,32,0,0,1,
dbo,TCONTROLESOURCEIMMO,,6,total,money,8,19,4,1,
dbo,TCONTROLESOURCEIMMO,,7,total_CodeDevise,nvarchar,6,0,0,1,
dbo,TCONTROLESOURCEIMMO,,8,UpdDate,datetime,8,23,3,1,
dbo,TCONTROLESOURCEIMMO,,9,UpdStamp,char,16,0,0,1,
dbo,TCONTROLESOURCEIMMO,,10,UpdUser,nvarchar,48,0,0,1,
dbo,TCONTROLESOURCEIMMO,,11,aidefiscale,money,8,19,4,1,
dbo,TCONTROLESOURCEIMMO,,12,aidefiscale_CodeDevise,nvarchar,6,0,0,1,
dbo,TCONTROLESOURCEIMMO,,13,cumulAideFiscale,money,8,19,4,1,
dbo,TCONTROLESOURCEIMMO,,14,cumulAideFiscale_CodeDevise,nvarchar,6,0,0,1,
dbo,TCONTROLESOURCEIMMO,,15,cumulDotation,money,8,19,4,1,
dbo,TCONTROLESOURCEIMMO,,16,cumulDotation_CodeDevise,nvarchar,6,0,0,1,
dbo,TCONTROLESOURCEIMMO,,17,cumulExceptionnel,money,8,19,4,1,
dbo,TCONTROLESOURCEIMMO,,18,cumulExceptionnel_CodeDevise,nvarchar,6,0,0,1,
dbo,TCONTROLESOURCEIMMO,,19,dotation,money,8,19,4,1,
dbo,TCONTROLESOURCEIMMO,,20,dotation_CodeDevise,nvarchar,6,0,0,1,
dbo,TCONTROLESOURCEIMMO,,21,exceptionnel,money,8,19,4,1,
dbo,TCONTROLESOURCEIMMO,,22,exceptionnel_CodeDevise,nvarchar,6,0,0,1,
dbo,TCONTROLESOURCEIMMO,,23,integrDepre,money,8,19,4,1,
dbo,TCONTROLESOURCEIMMO,,24,integrDepre_CodeDevise,nvarchar,6,0,0,1,
dbo,TCONTROLESOURCEIMMO,,25,reportAnouveau,money,8,19,4,1,
dbo,TCONTROLESOURCEIMMO,,26,reportAnouveau_CodeDevise,nvarchar,6,0,0,1,
dbo,TCONTROLESOURCEIMMO,,27,montant,money,8,19,4,1,
dbo,TCONTROLESOURCEIMMO,,28,montant_CodeDevise,nvarchar,6,0,0,1,
dbo,TCONTROLESOURCEIMMO,,29,cumulDepre,money,8,19,4,1,
dbo,TCONTROLESOURCEIMMO,,30,cumulDepre_CodeDevise,nvarchar,6,0,0,1,
dbo,TCONTROLESOURCEIMMO,,31,exerciceDepre,money,8,19,4,1,
dbo,TCONTROLESOURCEIMMO,,32,exerciceDepre_CodeDevise,nvarchar,6,0,0,1,
dbo,TCONTROLESOURCEIMMO,,33,integDepre,money,8,19,4,1,
dbo,TCONTROLESOURCEIMMO,,34,integDepre_CodeDevise,nvarchar,6,0,0,1,
dbo,TCONTROLESOURCEIMMO,,35,cumulDerogatoire,money,8,19,4,1,
dbo,TCONTROLESOURCEIMMO,,36,cumulDerogatoire_CodeDevise,nvarchar,6,0,0,1,
dbo,TCONTROLESOURCEIMMO,,37,derogatoire,money,8,19,4,1,
dbo,TCONTROLESOURCEIMMO,,38,derogatoire_CodeDevise,nvarchar,6,0,0,1,
dbo,TCONTROLESOURCEIMMO,,39,valeurBrute,money,8,19,4,1,
dbo,TCONTROLESOURCEIMMO,,40,valeurBrute_CodeDevise,nvarchar,6,0,0,1,
dbo,TCORRESPONDANCECFONB,,1,agCodeGuichet,nvarchar,256,0,0,1,
dbo,TCORRESPONDANCECFONB,,2,bqCodeEtablissement,nvarchar,256,0,0,1,
dbo,TCORRESPONDANCECFONB,,3,Caption,nvarchar,256,0,0,1,
dbo,TCORRESPONDANCECFONB,,4,cptCleRIB,nvarchar,256,0,0,1,
dbo,TCORRESPONDANCECFONB,,5,cptCodeDeviseISO,nvarchar,256,0,0,1,
dbo,TCORRESPONDANCECFONB,,6,cptNumero,nvarchar,256,0,0,1,
dbo,TCORRESPONDANCECFONB,,7,cptUpperIBAN,nvarchar,256,0,0,1,
dbo,TCORRESPONDANCECFONB,,8,idOTP,int,4,10,0,1,
dbo,TCORRESPONDANCECFONB,,9,oid,TOID,32,0,0,0,
dbo,TCORRESPONDANCECFONB,,10,UpdDate,datetime,8,23,3,1,
dbo,TCORRESPONDANCECFONB,,11,UpdStamp,char,16,0,0,1,
dbo,TCORRESPONDANCECFONB,,12,UpdUser,nvarchar,48,0,0,1,
dbo,TCORRESPONDANCEGROUPECOMPTE,,1,Caption,nvarchar,256,0,0,1,
dbo,TCORRESPONDANCEGROUPECOMPTE,,2,Code,nvarchar,256,0,0,1,
dbo,TCORRESPONDANCEGROUPECOMPTE,,3,Duplique,bit,1,1,0,1,
dbo,TCORRESPONDANCEGROUPECOMPTE,,4,idOTP,int,4,10,0,1,
dbo,TCORRESPONDANCEGROUPECOMPTE,,5,oid,TOID,32,0,0,0,
dbo,TCORRESPONDANCEGROUPECOMPTE,,6,UpdDate,datetime,8,23,3,1,
dbo,TCORRESPONDANCEGROUPECOMPTE,,7,UpdStamp,char,16,0,0,1,
dbo,TCORRESPONDANCEGROUPECOMPTE,,8,UpdUser,nvarchar,48,0,0,1,
dbo,TCORRESPONDANCEGROUPETIERS,,1,Caption,nvarchar,256,0,0,1,
dbo,TCORRESPONDANCEGROUPETIERS,,2,Code,nvarchar,510,0,0,1,
dbo,TCORRESPONDANCEGROUPETIERS,,3,Duplique,bit,1,1,0,1,
dbo,TCORRESPONDANCEGROUPETIERS,,4,idOTP,int,4,10,0,1,
dbo,TCORRESPONDANCEGROUPETIERS,,5,oid,TOID,32,0,0,0,
dbo,TCORRESPONDANCEGROUPETIERS,,6,UpdDate,datetime,8,23,3,1,
dbo,TCORRESPONDANCEGROUPETIERS,,7,UpdStamp,char,16,0,0,1,
dbo,TCORRESPONDANCEGROUPETIERS,,8,UpdUser,nvarchar,48,0,0,1,
dbo,TCOTATIONSOLVABILITE,,1,Caption,nvarchar,256,0,0,1,
dbo,TCOTATIONSOLVABILITE,,2,code,nvarchar,256,0,0,1,
dbo,TCOTATIONSOLVABILITE,,3,idOTP,int,4,10,0,1,
dbo,TCOTATIONSOLVABILITE,,4,oid,TOID,32,0,0,0,
dbo,TCOTATIONSOLVABILITE,,5,UpdDate,datetime,8,23,3,1,
dbo,TCOTATIONSOLVABILITE,,6,UpdStamp,char,16,0,0,1,
dbo,TCOTATIONSOLVABILITE,,7,UpdUser,nvarchar,48,0,0,1,
dbo,TCOUPLECOMPTESECTION,,1,Caption,nvarchar,256,0,0,1,
dbo,TCOUPLECOMPTESECTION,,2,idOTP,int,4,10,0,1,
dbo,TCOUPLECOMPTESECTION,,3,oid,TOID,32,0,0,0,
dbo,TCOUPLECOMPTESECTION,,4,oidClefDeversementAssurance,TOID,32,0,0,1,
dbo,TCOUPLECOMPTESECTION,,5,oidCompteDeversAssurance,TOID,32,0,0,1,
dbo,TCOUPLECOMPTESECTION,,6,oidCompteGeneral,TOID,32,0,0,1,
dbo,TCOUPLECOMPTESECTION,,7,oidSectionAnalytique,TOID,32,0,0,1,
dbo,TCOUPLECOMPTESECTION,,8,UpdDate,datetime,8,23,3,1,
dbo,TCOUPLECOMPTESECTION,,9,UpdStamp,char,16,0,0,1,
dbo,TCOUPLECOMPTESECTION,,10,UpdUser,nvarchar,48,0,0,1,
dbo,TCS_CUMULANALYTIQUE,,1,Caption,nvarchar,256,0,0,1,
dbo,TCS_CUMULANALYTIQUE,,2,captionPlan_1_Centre_1,nvarchar,256,0,0,1,
dbo,TCS_CUMULANALYTIQUE,,3,captionPlan_1_Centre_2,nvarchar,256,0,0,1,
dbo,TCS_CUMULANALYTIQUE,,4,captionPlan_1_Centre_3,nvarchar,256,0,0,1,
dbo,TCS_CUMULANALYTIQUE,,5,captionPlan_1_Centre_4,nvarchar,256,0,0,1,
dbo,TCS_CUMULANALYTIQUE,,6,captionPlan_2_Centre_1,nvarchar,256,0,0,1,
dbo,TCS_CUMULANALYTIQUE,,7,captionPlan_2_Centre_2,nvarchar,256,0,0,1,
dbo,TCS_CUMULANALYTIQUE,,8,captionPlan_2_Centre_3,nvarchar,256,0,0,1,
dbo,TCS_CUMULANALYTIQUE,,9,captionPlan_2_Centre_4,nvarchar,256,0,0,1,
dbo,TCS_CUMULANALYTIQUE,,10,captionPlan_3_Centre_1,nvarchar,256,0,0,1,
dbo,TCS_CUMULANALYTIQUE,,11,captionPlan_3_Centre_2,nvarchar,256,0,0,1,
dbo,TCS_CUMULANALYTIQUE,,12,captionPlan_3_Centre_3,nvarchar,256,0,0,1,
dbo,TCS_CUMULANALYTIQUE,,13,captionPlan_3_Centre_4,nvarchar,256,0,0,1,
dbo,TCS_CUMULANALYTIQUE,,14,captionPlan_4_Centre_1,nvarchar,256,0,0,1,
dbo,TCS_CUMULANALYTIQUE,,15,captionPlan_4_Centre_2,nvarchar,256,0,0,1,
dbo,TCS_CUMULANALYTIQUE,,16,captionPlan_4_Centre_3,nvarchar,256,0,0,1,
dbo,TCS_CUMULANALYTIQUE,,17,captionPlan_4_Centre_4,nvarchar,256,0,0,1,
dbo,TCS_CUMULANALYTIQUE,,18,captionPlan_5_Centre_1,nvarchar,256,0,0,1,
dbo,TCS_CUMULANALYTIQUE,,19,captionPlan_5_Centre_2,nvarchar,256,0,0,1,
dbo,TCS_CUMULANALYTIQUE,,20,captionPlan_5_Centre_3,nvarchar,256,0,0,1,
dbo,TCS_CUMULANALYTIQUE,,21,captionPlan_5_Centre_4,nvarchar,256,0,0,1,
dbo,TCS_CUMULANALYTIQUE,,22,captionPlan_6_Centre_1,nvarchar,256,0,0,1,
dbo,TCS_CUMULANALYTIQUE,,23,captionPlan_6_Centre_2,nvarchar,256,0,0,1,
dbo,TCS_CUMULANALYTIQUE,,24,captionPlan_6_Centre_3,nvarchar,256,0,0,1,
dbo,TCS_CUMULANALYTIQUE,,25,captionPlan_6_Centre_4,nvarchar,256,0,0,1,
dbo,TCS_CUMULANALYTIQUE,,26,captionPlan_7_Centre_1,nvarchar,256,0,0,1,
dbo,TCS_CUMULANALYTIQUE,,27,captionPlan_7_Centre_2,nvarchar,256,0,0,1,
dbo,TCS_CUMULANALYTIQUE,,28,captionPlan_7_Centre_3,nvarchar,256,0,0,1,
dbo,TCS_CUMULANALYTIQUE,,29,captionPlan_7_Centre_4,nvarchar,256,0,0,1,
dbo,TCS_CUMULANALYTIQUE,,30,captionPlan_8_Centre_1,nvarchar,256,0,0,1,
dbo,TCS_CUMULANALYTIQUE,,31,captionPlan_8_Centre_2,nvarchar,256,0,0,1,
dbo,TCS_CUMULANALYTIQUE,,32,captionPlan_8_Centre_3,nvarchar,256,0,0,1,
dbo,TCS_CUMULANALYTIQUE,,33,captionPlan_8_Centre_4,nvarchar,256,0,0,1,
dbo,TCS_CUMULANALYTIQUE,,34,ecartSurPrix,money,8,19,4,1,
dbo,TCS_CUMULANALYTIQUE,,35,ecartSurPrix_CodeDevise,nvarchar,6,0,0,1,
dbo,TCS_CUMULANALYTIQUE,,36,ecartSurQuantite,money,8,19,4,1,
dbo,TCS_CUMULANALYTIQUE,,37,ecartSurQuantite_CodeDevise,nvarchar,6,0,0,1,
dbo,TCS_CUMULANALYTIQUE,,38,ecartTotal,money,8,19,4,1,
dbo,TCS_CUMULANALYTIQUE,,39,ecartTotal_CodeDevise,nvarchar,6,0,0,1,
dbo,TCS_CUMULANALYTIQUE,,40,EspaceAnalytique,nvarchar,256,0,0,1,
dbo,TCS_CUMULANALYTIQUE,,41,GroupeCumulAnalytique,nvarchar,256,0,0,1,
dbo,TCS_CUMULANALYTIQUE,,42,IAS,bit,1,1,0,1,
dbo,TCS_CUMULANALYTIQUE,,43,idOTP,int,4,10,0,1,
dbo,TCS_CUMULANALYTIQUE,,44,libelleNature,nvarchar,256,0,0,1,
dbo,TCS_CUMULANALYTIQUE,,45,libelleSection,nvarchar,256,0,0,1,
dbo,TCS_CUMULANALYTIQUE,,46,montantAvancement,money,8,19,4,1,
dbo,TCS_CUMULANALYTIQUE,,47,montantAvancement_CodeDevise,nvarchar,6,0,0,1,
dbo,TCS_CUMULANALYTIQUE,,48,montantBudgete,money,8,19,4,1,
dbo,TCS_CUMULANALYTIQUE,,49,montantBudgete_CodeDevise,nvarchar,6,0,0,1,
dbo,TCS_CUMULANALYTIQUE,,50,montantCreditReel,money,8,19,4,1,
dbo,TCS_CUMULANALYTIQUE,,51,montantCreditReel_CodeDevise,nvarchar,6,0,0,1,
dbo,TCS_CUMULANALYTIQUE,,52,montantCreditSimul,money,8,19,4,1,
dbo,TCS_CUMULANALYTIQUE,,53,montantCreditSimul_CodeDevise,nvarchar,6,0,0,1,
dbo,TCS_CUMULANALYTIQUE,,54,montantDebitReel,money,8,19,4,1,
dbo,TCS_CUMULANALYTIQUE,,55,montantDebitReel_CodeDevise,nvarchar,6,0,0,1,
dbo,TCS_CUMULANALYTIQUE,,56,montantDebitSimul,money,8,19,4,1,
dbo,TCS_CUMULANALYTIQUE,,57,montantDebitSimul_CodeDevise,nvarchar,6,0,0,1,
dbo,TCS_CUMULANALYTIQUE,,58,montantDeverse,money,8,19,4,1,
dbo,TCS_CUMULANALYTIQUE,,59,montantDeverse_CodeDevise,nvarchar,6,0,0,1,
dbo,TCS_CUMULANALYTIQUE,,60,montantRecu,money,8,19,4,1,
dbo,TCS_CUMULANALYTIQUE,,61,montantRecu_CodeDevise,nvarchar,6,0,0,1,
dbo,TCS_CUMULANALYTIQUE,,62,montantTotal,money,8,19,4,1,
dbo,TCS_CUMULANALYTIQUE,,63,montantTotal_CodeDevise,nvarchar,6,0,0,1,
dbo,TCS_CUMULANALYTIQUE,,64,montantTotalSimul,money,8,19,4,1,
dbo,TCS_CUMULANALYTIQUE,,65,montantTotalSimul_CodeDevise,nvarchar,6,0,0,1,
dbo,TCS_CUMULANALYTIQUE,,66,NatureFLux,nvarchar,256,0,0,1,
dbo,TCS_CUMULANALYTIQUE,,67,natureResultat,nvarchar,256,0,0,1,
dbo,TCS_CUMULANALYTIQUE,,68,oid,TOID,32,0,0,0,
dbo,TCS_CUMULANALYTIQUE,,69,oidPeriode,TOID,32,0,0,1,
dbo,TCS_CUMULANALYTIQUE,,70,oidTiersSocieteOrigine,TOID,32,0,0,1,
dbo,TCS_CUMULANALYTIQUE,,71,Plan_1_Centre_1,nvarchar,256,0,0,1,
dbo,TCS_CUMULANALYTIQUE,,72,Plan_1_Centre_2,nvarchar,256,0,0,1,
dbo,TCS_CUMULANALYTIQUE,,73,Plan_1_Centre_3,nvarchar,256,0,0,1,
dbo,TCS_CUMULANALYTIQUE,,74,Plan_1_Centre_4,nvarchar,256,0,0,1,
dbo,TCS_CUMULANALYTIQUE,,75,Plan_2_Centre_1,nvarchar,256,0,0,1,
dbo,TCS_CUMULANALYTIQUE,,76,Plan_2_Centre_2,nvarchar,256,0,0,1,
dbo,TCS_CUMULANALYTIQUE,,77,Plan_2_Centre_3,nvarchar,256,0,0,1,
dbo,TCS_CUMULANALYTIQUE,,78,Plan_2_Centre_4,nvarchar,256,0,0,1,
dbo,TCS_CUMULANALYTIQUE,,79,Plan_3_Centre_1,nvarchar,256,0,0,1,
dbo,TCS_CUMULANALYTIQUE,,80,Plan_3_Centre_2,nvarchar,256,0,0,1,
dbo,TCS_CUMULANALYTIQUE,,81,Plan_3_Centre_3,nvarchar,256,0,0,1,
dbo,TCS_CUMULANALYTIQUE,,82,Plan_3_Centre_4,nvarchar,256,0,0,1,
dbo,TCS_CUMULANALYTIQUE,,83,Plan_4_Centre_1,nvarchar,256,0,0,1,
dbo,TCS_CUMULANALYTIQUE,,84,Plan_4_Centre_2,nvarchar,256,0,0,1,
dbo,TCS_CUMULANALYTIQUE,,85,Plan_4_Centre_3,nvarchar,256,0,0,1,
dbo,TCS_CUMULANALYTIQUE,,86,Plan_4_Centre_4,nvarchar,256,0,0,1,
dbo,TCS_CUMULANALYTIQUE,,87,Plan_5_Centre_1,nvarchar,256,0,0,1,
dbo,TCS_CUMULANALYTIQUE,,88,Plan_5_Centre_2,nvarchar,256,0,0,1,
dbo,TCS_CUMULANALYTIQUE,,89,Plan_5_Centre_3,nvarchar,256,0,0,1,
dbo,TCS_CUMULANALYTIQUE,,90,Plan_5_Centre_4,nvarchar,256,0,0,1,
dbo,TCS_CUMULANALYTIQUE,,91,Plan_6_Centre_1,nvarchar,256,0,0,1,
dbo,TCS_CUMULANALYTIQUE,,92,Plan_6_Centre_2,nvarchar,256,0,0,1,
dbo,TCS_CUMULANALYTIQUE,,93,Plan_6_Centre_3,nvarchar,256,0,0,1,
dbo,TCS_CUMULANALYTIQUE,,94,Plan_6_Centre_4,nvarchar,256,0,0,1,
dbo,TCS_CUMULANALYTIQUE,,95,Plan_7_Centre_1,nvarchar,256,0,0,1,
dbo,TCS_CUMULANALYTIQUE,,96,Plan_7_Centre_2,nvarchar,256,0,0,1,
dbo,TCS_CUMULANALYTIQUE,,97,Plan_7_Centre_3,nvarchar,256,0,0,1,
dbo,TCS_CUMULANALYTIQUE,,98,Plan_7_Centre_4,nvarchar,256,0,0,1,
dbo,TCS_CUMULANALYTIQUE,,99,Plan_8_Centre_1,nvarchar,256,0,0,1,
dbo,TCS_CUMULANALYTIQUE,,100,Plan_8_Centre_2,nvarchar,256,0,0,1,
dbo,TCS_CUMULANALYTIQUE,,101,Plan_8_Centre_3,nvarchar,256,0,0,1,
dbo,TCS_CUMULANALYTIQUE,,102,Plan_8_Centre_4,nvarchar,256,0,0,1,
dbo,TCS_CUMULANALYTIQUE,,103,pourcentageEcart,float,8,53,0,1,
dbo,TCS_CUMULANALYTIQUE,,104,pourcentageEcart_Decimales,int,4,10,0,1,
dbo,TCS_CUMULANALYTIQUE,,105,prixStandard,money,8,19,4,1,
dbo,TCS_CUMULANALYTIQUE,,106,prixStandard_CodeDevise,nvarchar,6,0,0,1,
dbo,TCS_CUMULANALYTIQUE,,107,prixUnitaireBudget,money,8,19,4,1,
dbo,TCS_CUMULANALYTIQUE,,108,prixUnitaireBudget_CodeDevise,nvarchar,6,0,0,1,
dbo,TCS_CUMULANALYTIQUE,,109,prixUnitaireReel,money,8,19,4,1,
dbo,TCS_CUMULANALYTIQUE,,110,prixUnitaireReel_CodeDevise,nvarchar,6,0,0,1,
dbo,TCS_CUMULANALYTIQUE,,111,quantiteBudgete,float,8,53,0,1,
dbo,TCS_CUMULANALYTIQUE,,112,quantiteBudgete_Decimales,int,4,10,0,1,
dbo,TCS_CUMULANALYTIQUE,,113,quantiteBudgete_CodeUnit,nvarchar,64,0,0,1,
dbo,TCS_CUMULANALYTIQUE,,114,quantiteCreditReel,float,8,53,0,1,
dbo,TCS_CUMULANALYTIQUE,,115,quantiteCreditReel_Decimales,int,4,10,0,1,
dbo,TCS_CUMULANALYTIQUE,,116,quantiteCreditReel_CodeUnit,nvarchar,64,0,0,1,
dbo,TCS_CUMULANALYTIQUE,,117,quantiteCreditSimul,float,8,53,0,1,
dbo,TCS_CUMULANALYTIQUE,,118,quantiteCreditSimul_Decimales,int,4,10,0,1,
dbo,TCS_CUMULANALYTIQUE,,119,quantiteCreditSimul_CodeUnit,nvarchar,64,0,0,1,
dbo,TCS_CUMULANALYTIQUE,,120,quantiteDebitReel,float,8,53,0,1,
dbo,TCS_CUMULANALYTIQUE,,121,quantiteDebitReel_Decimales,int,4,10,0,1,
dbo,TCS_CUMULANALYTIQUE,,122,quantiteDebitReel_CodeUnit,nvarchar,64,0,0,1,
dbo,TCS_CUMULANALYTIQUE,,123,quantiteDebitSimul,float,8,53,0,1,
dbo,TCS_CUMULANALYTIQUE,,124,quantiteDebitSimul_Decimales,int,4,10,0,1,
dbo,TCS_CUMULANALYTIQUE,,125,quantiteDebitSimul_CodeUnit,nvarchar,64,0,0,1,
dbo,TCS_CUMULANALYTIQUE,,126,quantiteDeverse,float,8,53,0,1,
dbo,TCS_CUMULANALYTIQUE,,127,quantiteDeverse_Decimales,int,4,10,0,1,
dbo,TCS_CUMULANALYTIQUE,,128,quantiteDeverse_CodeUnit,nvarchar,64,0,0,1,
dbo,TCS_CUMULANALYTIQUE,,129,quantiteRecu,float,8,53,0,1,
dbo,TCS_CUMULANALYTIQUE,,130,quantiteRecu_Decimales,int,4,10,0,1,
dbo,TCS_CUMULANALYTIQUE,,131,quantiteRecu_CodeUnit,nvarchar,64,0,0,1,
dbo,TCS_CUMULANALYTIQUE,,132,quantiteTotal,float,8,53,0,1,
dbo,TCS_CUMULANALYTIQUE,,133,quantiteTotal_Decimales,int,4,10,0,1,
dbo,TCS_CUMULANALYTIQUE,,134,quantiteTotal_CodeUnit,nvarchar,64,0,0,1,
dbo,TCS_CUMULANALYTIQUE,,135,quantiteTotalSimul,float,8,53,0,1,
dbo,TCS_CUMULANALYTIQUE,,136,quantiteTotalSimul_Decimales,int,4,10,0,1,
dbo,TCS_CUMULANALYTIQUE,,137,quantiteTotalSimul_CodeUnit,nvarchar,64,0,0,1,
dbo,TCS_CUMULANALYTIQUE,,138,SectionAnalytique,nvarchar,256,0,0,1,
dbo,TCS_CUMULANALYTIQUE,,139,sensMontantDebit,smallint,2,5,0,1,
dbo,TCS_CUMULANALYTIQUE,,140,soldeMontantReel,money,8,19,4,1,
dbo,TCS_CUMULANALYTIQUE,,141,soldeMontantReel_CodeDevise,nvarchar,6,0,0,1,
dbo,TCS_CUMULANALYTIQUE,,142,soldeMontantSimul,money,8,19,4,1,
dbo,TCS_CUMULANALYTIQUE,,143,soldeMontantSimul_CodeDevise,nvarchar,6,0,0,1,
dbo,TCS_CUMULANALYTIQUE,,144,soldeQuantiteReel,float,8,53,0,1,
dbo,TCS_CUMULANALYTIQUE,,145,soldeQuantiteReel_Decimales,int,4,10,0,1,
dbo,TCS_CUMULANALYTIQUE,,146,soldeQuantiteReel_CodeUnit,nvarchar,64,0,0,1,
dbo,TCS_CUMULANALYTIQUE,,147,soldeQuantiteSimul,float,8,53,0,1,
dbo,TCS_CUMULANALYTIQUE,,148,soldeQuantiteSimul_Decimales,int,4,10,0,1,
dbo,TCS_CUMULANALYTIQUE,,149,soldeQuantiteSimul_CodeUnit,nvarchar,64,0,0,1,
dbo,TCS_CUMULANALYTIQUE,,150,typeCumulAnalytique,smallint,2,5,0,1,
dbo,TCS_CUMULANALYTIQUE,,151,unite,nvarchar,256,0,0,1,
dbo,TCS_CUMULANALYTIQUE,,152,UpdDate,datetime,8,23,3,1,
dbo,TCS_CUMULANALYTIQUE,,153,UpdStamp,char,16,0,0,1,
dbo,TCS_CUMULANALYTIQUE,,154,UpdUser,nvarchar,48,0,0,1,
dbo,TCS_CUMULANOUVEAUAUX,,1,Caption,nvarchar,256,0,0,1,
dbo,TCS_CUMULANOUVEAUAUX,,2,IAS,bit,1,1,0,1,
dbo,TCS_CUMULANOUVEAUAUX,,3,idOTP,int,4,10,0,1,
dbo,TCS_CUMULANOUVEAUAUX,,4,oid,TOID,32,0,0,0,
dbo,TCS_CUMULANOUVEAUAUX,,5,oidCodeCorrespondanceCompte,TOID,32,0,0,1,
dbo,TCS_CUMULANOUVEAUAUX,,6,oidExercice,TOID,32,0,0,1,
dbo,TCS_CUMULANOUVEAUAUX,,7,oidTiersSocieteOrigine,TOID,32,0,0,1,
dbo,TCS_CUMULANOUVEAUAUX,,8,SoldeCreditRP,money,8,19,4,1,
dbo,TCS_CUMULANOUVEAUAUX,,9,SoldeCreditRP_CodeDevise,nvarchar,6,0,0,1,
dbo,TCS_CUMULANOUVEAUAUX,,10,SoldeCreditTC,money,8,19,4,1,
dbo,TCS_CUMULANOUVEAUAUX,,11,SoldeCreditTC_CodeDevise,nvarchar,6,0,0,1,
dbo,TCS_CUMULANOUVEAUAUX,,12,SoldeDebitRP,money,8,19,4,1,
dbo,TCS_CUMULANOUVEAUAUX,,13,SoldeDebitRP_CodeDevise,nvarchar,6,0,0,1,
dbo,TCS_CUMULANOUVEAUAUX,,14,SoldeDebitTC,money,8,19,4,1,
dbo,TCS_CUMULANOUVEAUAUX,,15,SoldeDebitTC_CodeDevise,nvarchar,6,0,0,1,
dbo,TCS_CUMULANOUVEAUAUX,,16,SoldeSigneRP,money,8,19,4,1,
dbo,TCS_CUMULANOUVEAUAUX,,17,SoldeSigneRP_CodeDevise,nvarchar,6,0,0,1,
dbo,TCS_CUMULANOUVEAUAUX,,18,SoldeSigneTC,money,8,19,4,1,
dbo,TCS_CUMULANOUVEAUAUX,,19,SoldeSigneTC_CodeDevise,nvarchar,6,0,0,1,
dbo,TCS_CUMULANOUVEAUAUX,,20,UpdDate,datetime,8,23,3,1,
dbo,TCS_CUMULANOUVEAUAUX,,21,UpdStamp,char,16,0,0,1,
dbo,TCS_CUMULANOUVEAUAUX,,22,UpdUser,nvarchar,48,0,0,1,
dbo,TCS_CUMULANOUVEAUAUX,,23,CreditRP,money,8,19,4,1,
dbo,TCS_CUMULANOUVEAUAUX,,24,CreditTC,money,8,19,4,1,
dbo,TCS_CUMULANOUVEAUAUX,,25,DebitRP,money,8,19,4,1,
dbo,TCS_CUMULANOUVEAUAUX,,26,DebitTC,money,8,19,4,1,
dbo,TCS_CUMULANOUVEAUAUX,,27,oidCodeCorrespondanceTiers,TOID,32,0,0,1,
dbo,TCS_CUMULANOUVEAUCOMPTE,,1,Caption,nvarchar,256,0,0,1,
dbo,TCS_CUMULANOUVEAUCOMPTE,,2,IAS,bit,1,1,0,1,
dbo,TCS_CUMULANOUVEAUCOMPTE,,3,idOTP,int,4,10,0,1,
dbo,TCS_CUMULANOUVEAUCOMPTE,,4,oid,TOID,32,0,0,0,
dbo,TCS_CUMULANOUVEAUCOMPTE,,5,oidCodeCorrespondanceCompte,TOID,32,0,0,1,
dbo,TCS_CUMULANOUVEAUCOMPTE,,6,oidExercice,TOID,32,0,0,1,
dbo,TCS_CUMULANOUVEAUCOMPTE,,7,oidTiersSocieteOrigine,TOID,32,0,0,1,
dbo,TCS_CUMULANOUVEAUCOMPTE,,8,SoldeCreditRP,money,8,19,4,1,
dbo,TCS_CUMULANOUVEAUCOMPTE,,9,SoldeCreditRP_CodeDevise,nvarchar,6,0,0,1,
dbo,TCS_CUMULANOUVEAUCOMPTE,,10,SoldeCreditTC,money,8,19,4,1,
dbo,TCS_CUMULANOUVEAUCOMPTE,,11,SoldeCreditTC_CodeDevise,nvarchar,6,0,0,1,
dbo,TCS_CUMULANOUVEAUCOMPTE,,12,SoldeDebitRP,money,8,19,4,1,
dbo,TCS_CUMULANOUVEAUCOMPTE,,13,SoldeDebitRP_CodeDevise,nvarchar,6,0,0,1,
dbo,TCS_CUMULANOUVEAUCOMPTE,,14,SoldeDebitTC,money,8,19,4,1,
dbo,TCS_CUMULANOUVEAUCOMPTE,,15,SoldeDebitTC_CodeDevise,nvarchar,6,0,0,1,
dbo,TCS_CUMULANOUVEAUCOMPTE,,16,SoldeSigneRP,money,8,19,4,1,
dbo,TCS_CUMULANOUVEAUCOMPTE,,17,SoldeSigneRP_CodeDevise,nvarchar,6,0,0,1,
dbo,TCS_CUMULANOUVEAUCOMPTE,,18,SoldeSigneTC,money,8,19,4,1,
dbo,TCS_CUMULANOUVEAUCOMPTE,,19,SoldeSigneTC_CodeDevise,nvarchar,6,0,0,1,
dbo,TCS_CUMULANOUVEAUCOMPTE,,20,UpdDate,datetime,8,23,3,1,
dbo,TCS_CUMULANOUVEAUCOMPTE,,21,UpdStamp,char,16,0,0,1,
dbo,TCS_CUMULANOUVEAUCOMPTE,,22,UpdUser,nvarchar,48,0,0,1,
dbo,TCS_CUMULANOUVEAUCOMPTE,,23,CreditRP,money,8,19,4,1,
dbo,TCS_CUMULANOUVEAUCOMPTE,,24,CreditTC,money,8,19,4,1,
dbo,TCS_CUMULANOUVEAUCOMPTE,,25,DebitRP,money,8,19,4,1,
dbo,TCS_CUMULANOUVEAUCOMPTE,,26,DebitTC,money,8,19,4,1,
dbo,TCS_CUMULAUXILIAIRE,,1,APCreditRP,money,8,19,4,1,
dbo,TCS_CUMULAUXILIAIRE,,2,APCreditRP_CodeDevise,nvarchar,6,0,0,1,
dbo,TCS_CUMULAUXILIAIRE,,3,APCreditTC,money,8,19,4,1,
dbo,TCS_CUMULAUXILIAIRE,,4,APCreditTC_CodeDevise,nvarchar,6,0,0,1,
dbo,TCS_CUMULAUXILIAIRE,,5,APDebitRP,money,8,19,4,1,
dbo,TCS_CUMULAUXILIAIRE,,6,APDebitRP_CodeDevise,nvarchar,6,0,0,1,
dbo,TCS_CUMULAUXILIAIRE,,7,APDebitTC,money,8,19,4,1,
dbo,TCS_CUMULAUXILIAIRE,,8,APDebitTC_CodeDevise,nvarchar,6,0,0,1,
dbo,TCS_CUMULAUXILIAIRE,,9,Caption,nvarchar,256,0,0,1,
dbo,TCS_CUMULAUXILIAIRE,,10,CreditRP,money,8,19,4,1,
dbo,TCS_CUMULAUXILIAIRE,,11,CreditRP_CodeDevise,nvarchar,6,0,0,1,
dbo,TCS_CUMULAUXILIAIRE,,12,CreditTC,money,8,19,4,1,
dbo,TCS_CUMULAUXILIAIRE,,13,CreditTC_CodeDevise,nvarchar,6,0,0,1,
dbo,TCS_CUMULAUXILIAIRE,,14,DebitRP,money,8,19,4,1,
dbo,TCS_CUMULAUXILIAIRE,,15,DebitRP_CodeDevise,nvarchar,6,0,0,1,
dbo,TCS_CUMULAUXILIAIRE,,16,DebitTC,money,8,19,4,1,
dbo,TCS_CUMULAUXILIAIRE,,17,DebitTC_CodeDevise,nvarchar,6,0,0,1,
dbo,TCS_CUMULAUXILIAIRE,,18,IAS,bit,1,1,0,1,
dbo,TCS_CUMULAUXILIAIRE,,19,idOTP,int,4,10,0,1,
dbo,TCS_CUMULAUXILIAIRE,,20,oid,TOID,32,0,0,0,
dbo,TCS_CUMULAUXILIAIRE,,21,oidCodeCorrespondanceCompte,TOID,32,0,0,1,
dbo,TCS_CUMULAUXILIAIRE,,22,oidPeriode,TOID,32,0,0,1,
dbo,TCS_CUMULAUXILIAIRE,,23,oidTiersSocieteDestination,TOID,32,0,0,1,
dbo,TCS_CUMULAUXILIAIRE,,24,oidTiersSocieteOrigine,TOID,32,0,0,1,
dbo,TCS_CUMULAUXILIAIRE,,25,UpdDate,datetime,8,23,3,1,
dbo,TCS_CUMULAUXILIAIRE,,26,UpdStamp,char,16,0,0,1,
dbo,TCS_CUMULAUXILIAIRE,,27,UpdUser,nvarchar,48,0,0,1,
dbo,TCS_CUMULAUXILIAIRE,,28,oidCodeCorrespondanceTiers,TOID,32,0,0,1,
dbo,TCS_CUMULAUXILIAIRE,,29,oidCumulANouveauAux,TOID,32,0,0,1,
dbo,TCS_CUMULCOMPTE,,1,APCreditRP,money,8,19,4,1,
dbo,TCS_CUMULCOMPTE,,2,APCreditRP_CodeDevise,nvarchar,6,0,0,1,
dbo,TCS_CUMULCOMPTE,,3,APCreditTC,money,8,19,4,1,
dbo,TCS_CUMULCOMPTE,,4,APCreditTC_CodeDevise,nvarchar,6,0,0,1,
dbo,TCS_CUMULCOMPTE,,5,APDebitRP,money,8,19,4,1,
dbo,TCS_CUMULCOMPTE,,6,APDebitRP_CodeDevise,nvarchar,6,0,0,1,
dbo,TCS_CUMULCOMPTE,,7,APDebitTC,money,8,19,4,1,
dbo,TCS_CUMULCOMPTE,,8,APDebitTC_CodeDevise,nvarchar,6,0,0,1,
dbo,TCS_CUMULCOMPTE,,9,Caption,nvarchar,256,0,0,1,
dbo,TCS_CUMULCOMPTE,,10,CreditRP,money,8,19,4,1,
dbo,TCS_CUMULCOMPTE,,11,CreditRP_CodeDevise,nvarchar,6,0,0,1,
dbo,TCS_CUMULCOMPTE,,12,CreditTC,money,8,19,4,1,
dbo,TCS_CUMULCOMPTE,,13,CreditTC_CodeDevise,nvarchar,6,0,0,1,
dbo,TCS_CUMULCOMPTE,,14,DebitRP,money,8,19,4,1,
dbo,TCS_CUMULCOMPTE,,15,DebitRP_CodeDevise,nvarchar,6,0,0,1,
dbo,TCS_CUMULCOMPTE,,16,DebitTC,money,8,19,4,1,
dbo,TCS_CUMULCOMPTE,,17,DebitTC_CodeDevise,nvarchar,6,0,0,1,
dbo,TCS_CUMULCOMPTE,,18,IAS,bit,1,1,0,1,
dbo,TCS_CUMULCOMPTE,,19,idOTP,int,4,10,0,1,
dbo,TCS_CUMULCOMPTE,,20,oid,TOID,32,0,0,0,
dbo,TCS_CUMULCOMPTE,,21,oidCodeCorrespondanceCompte,TOID,32,0,0,1,
dbo,TCS_CUMULCOMPTE,,22,oidPeriode,TOID,32,0,0,1,
dbo,TCS_CUMULCOMPTE,,23,oidTiersSocieteDestination,TOID,32,0,0,1,
dbo,TCS_CUMULCOMPTE,,24,oidTiersSocieteOrigine,TOID,32,0,0,1,
dbo,TCS_CUMULCOMPTE,,25,UpdDate,datetime,8,23,3,1,
dbo,TCS_CUMULCOMPTE,,26,UpdStamp,char,16,0,0,1,
dbo,TCS_CUMULCOMPTE,,27,UpdUser,nvarchar,48,0,0,1,
dbo,TCS_CUMULCOMPTE,,28,MontantFlux,money,8,19,4,1,
dbo,TCS_CUMULCOMPTE,,29,MontantFlux_CodeDevise,nvarchar,6,0,0,1,
dbo,TCS_CUMULCOMPTE,,30,norme,nvarchar,256,0,0,1,
dbo,TCS_CUMULCOMPTE,,31,oidCodeCorrespondanceAN,TOID,32,0,0,1,
dbo,TCS_CUMULCOMPTE,,32,oidCumulANouveauCompte,TOID,32,0,0,1,
dbo,TCS_CUMULCOMPTE,,33,oidDevise,TOID,32,0,0,1,
dbo,TCS_CUMULCOMPTE,,34,oidFlux,TOID,32,0,0,1,
dbo,TCS_CUMULCOMPTE,,35,oidPositionGroupe,TOID,32,0,0,1,
dbo,TCS_CUMULCOMPTE,,36,typeFlux,smallint,2,5,0,1,
dbo,TCS_CUMULCOMPTE,,37,typeNature,smallint,2,5,0,1,
dbo,TCS_CUMULCOMPTE,,38,valideEReport,bit,1,1,0,1,
dbo,TCS_FLUX,,1,Caption,nvarchar,256,0,0,1,
dbo,TCS_FLUX,,2,code,nvarchar,256,0,0,1,
dbo,TCS_FLUX,,3,idOTP,int,4,10,0,1,
dbo,TCS_FLUX,,4,oid,TOID,32,0,0,0,
dbo,TCS_FLUX,,5,typeFlux,smallint,2,5,0,1,
dbo,TCS_FLUX,,6,UpdDate,datetime,8,23,3,1,
dbo,TCS_FLUX,,7,UpdStamp,char,16,0,0,1,
dbo,TCS_FLUX,,8,UpdUser,nvarchar,48,0,0,1,
dbo,TCS_POSITIONGROUPE_FLUX,,1,Caption,nvarchar,256,0,0,1,
dbo,TCS_POSITIONGROUPE_FLUX,,2,idOTP,int,4,10,0,1,
dbo,TCS_POSITIONGROUPE_FLUX,,3,oid,TOID,32,0,0,0,
dbo,TCS_POSITIONGROUPE_FLUX,,4,oidFlux,TOID,32,0,0,1,
dbo,TCS_POSITIONGROUPE_FLUX,,5,oidPositionGroupe,TOID,32,0,0,1,
dbo,TCS_POSITIONGROUPE_FLUX,,6,UpdDate,datetime,8,23,3,1,
dbo,TCS_POSITIONGROUPE_FLUX,,7,UpdStamp,char,16,0,0,1,
dbo,TCS_POSITIONGROUPE_FLUX,,8,UpdUser,nvarchar,48,0,0,1,
dbo,TCS_SOCIETEESPACEANA,,1,Caption,nvarchar,256,0,0,1,
dbo,TCS_SOCIETEESPACEANA,,2,idOTP,int,4,10,0,1,
dbo,TCS_SOCIETEESPACEANA,,3,oid,TOID,32,0,0,0,
dbo,TCS_SOCIETEESPACEANA,,4,oidEspaceAnalytique,TOID,32,0,0,1,
dbo,TCS_SOCIETEESPACEANA,,5,oidTiersSociete,TOID,32,0,0,1,
dbo,TCS_SOCIETEESPACEANA,,6,UpdDate,datetime,8,23,3,1,
dbo,TCS_SOCIETEESPACEANA,,7,UpdStamp,char,16,0,0,1,
dbo,TCS_SOCIETEESPACEANA,,8,UpdUser,nvarchar,48,0,0,1,
dbo,TCUMULANALYTIQUE,,1,approcheIAS,bit,1,1,0,1,
dbo,TCUMULANALYTIQUE,,2,approcheNationale,bit,1,1,0,1,
dbo,TCUMULANALYTIQUE,,3,Caption,nvarchar,256,0,0,1,
dbo,TCUMULANALYTIQUE,,4,idOTP,int,4,10,0,1,
dbo,TCUMULANALYTIQUE,,5,montantCreditOuDeverse,money,8,19,4,1,
dbo,TCUMULANALYTIQUE,,6,montantDebitOuRecu,money,8,19,4,1,
dbo,TCUMULANALYTIQUE,,7,oid,TOID,32,0,0,0,
dbo,TCUMULANALYTIQUE,,8,oidgroupeCumulAnalytique,TOID,32,0,0,1,
dbo,TCUMULANALYTIQUE,,9,oidperiode,TOID,32,0,0,1,
dbo,TCUMULANALYTIQUE,,10,oidPointAnalytique,TOID,32,0,0,1,
dbo,TCUMULANALYTIQUE,,11,quantiteCreditOuDeverse,float,8,53,0,1,
dbo,TCUMULANALYTIQUE,,12,quantiteDebitOuRecu,float,8,53,0,1,
dbo,TCUMULANALYTIQUE,,13,typeCumulAnalytique,smallint,2,5,0,1,
dbo,TCUMULANALYTIQUE,,14,typeEcritureAnalytique,smallint,2,5,0,1,
dbo,TCUMULANALYTIQUE,,15,UpdDate,datetime,8,23,3,1,
dbo,TCUMULANALYTIQUE,,16,UpdStamp,char,16,0,0,1,
dbo,TCUMULANALYTIQUE,,17,UpdUser,nvarchar,48,0,0,1,
dbo,TCUMULANALYTIQUE,,18,verouille,bit,1,1,0,1,
dbo,TCUMULANOUVEAUAUXILIAIRE,,1,ApprocheIAS,bit,1,1,0,1,
dbo,TCUMULANOUVEAUAUXILIAIRE,,2,ApprocheNationale,bit,1,1,0,1,
dbo,TCUMULANOUVEAUAUXILIAIRE,,3,Caption,nvarchar,256,0,0,1,
dbo,TCUMULANOUVEAUAUXILIAIRE,,4,credit,money,8,19,4,1,
dbo,TCUMULANOUVEAUAUXILIAIRE,,5,creditCloture,money,8,19,4,1,
dbo,TCUMULANOUVEAUAUXILIAIRE,,6,creditClotureReport,money,8,19,4,1,
dbo,TCUMULANOUVEAUAUXILIAIRE,,7,creditClotureTenue,money,8,19,4,1,
dbo,TCUMULANOUVEAUAUXILIAIRE,,8,creditReport,money,8,19,4,1,
dbo,TCUMULANOUVEAUAUXILIAIRE,,9,creditTenue,money,8,19,4,1,
dbo,TCUMULANOUVEAUAUXILIAIRE,,10,debit,money,8,19,4,1,
dbo,TCUMULANOUVEAUAUXILIAIRE,,11,debitCloture,money,8,19,4,1,
dbo,TCUMULANOUVEAUAUXILIAIRE,,12,debitClotureReport,money,8,19,4,1,
dbo,TCUMULANOUVEAUAUXILIAIRE,,13,debitClotureTenue,money,8,19,4,1,
dbo,TCUMULANOUVEAUAUXILIAIRE,,14,debitReport,money,8,19,4,1,
dbo,TCUMULANOUVEAUAUXILIAIRE,,15,debitTenue,money,8,19,4,1,
dbo,TCUMULANOUVEAUAUXILIAIRE,,16,idOTP,int,4,10,0,1,
dbo,TCUMULANOUVEAUAUXILIAIRE,,17,oid,TOID,32,0,0,0,
dbo,TCUMULANOUVEAUAUXILIAIRE,,18,oiddevise,TOID,32,0,0,1,
dbo,TCUMULANOUVEAUAUXILIAIRE,,19,oidEtablissement,TOID,32,0,0,1,
dbo,TCUMULANOUVEAUAUXILIAIRE,,20,oidExercice,TOID,32,0,0,1,
dbo,TCUMULANOUVEAUAUXILIAIRE,,21,UpdDate,datetime,8,23,3,1,
dbo,TCUMULANOUVEAUAUXILIAIRE,,22,UpdStamp,char,16,0,0,1,
dbo,TCUMULANOUVEAUAUXILIAIRE,,23,UpdUser,nvarchar,48,0,0,1,
dbo,TCUMULANOUVEAUAUXILIAIRE,,24,verouille,bit,1,1,0,1,
dbo,TCUMULANOUVEAUAUXILIAIRE,,25,oidCompteAuxiliaire,TOID,32,0,0,1,
dbo,TCUMULANOUVEAUAUXILIAIRE,,26,oidcompteGeneral,TOID,32,0,0,1,
dbo,TCUMULANOUVEAUAUXILIAIRE,,27,oidroleTiers,TOID,32,0,0,1,
dbo,TCUMULANOUVEAUCOMPTE,,1,ApprocheIAS,bit,1,1,0,1,
dbo,TCUMULANOUVEAUCOMPTE,,2,ApprocheNationale,bit,1,1,0,1,
dbo,TCUMULANOUVEAUCOMPTE,,3,Caption,nvarchar,256,0,0,1,
dbo,TCUMULANOUVEAUCOMPTE,,4,credit,money,8,19,4,1,
dbo,TCUMULANOUVEAUCOMPTE,,5,creditCloture,money,8,19,4,1,
dbo,TCUMULANOUVEAUCOMPTE,,6,creditClotureReport,money,8,19,4,1,
dbo,TCUMULANOUVEAUCOMPTE,,7,creditClotureTenue,money,8,19,4,1,
dbo,TCUMULANOUVEAUCOMPTE,,8,creditReport,money,8,19,4,1,
dbo,TCUMULANOUVEAUCOMPTE,,9,creditTenue,money,8,19,4,1,
dbo,TCUMULANOUVEAUCOMPTE,,10,debit,money,8,19,4,1,
dbo,TCUMULANOUVEAUCOMPTE,,11,debitCloture,money,8,19,4,1,
dbo,TCUMULANOUVEAUCOMPTE,,12,debitClotureReport,money,8,19,4,1,
dbo,TCUMULANOUVEAUCOMPTE,,13,debitClotureTenue,money,8,19,4,1,
dbo,TCUMULANOUVEAUCOMPTE,,14,debitReport,money,8,19,4,1,
dbo,TCUMULANOUVEAUCOMPTE,,15,debitTenue,money,8,19,4,1,
dbo,TCUMULANOUVEAUCOMPTE,,16,idOTP,int,4,10,0,1,
dbo,TCUMULANOUVEAUCOMPTE,,17,oid,TOID,32,0,0,0,
dbo,TCUMULANOUVEAUCOMPTE,,18,oiddevise,TOID,32,0,0,1,
dbo,TCUMULANOUVEAUCOMPTE,,19,oidEtablissement,TOID,32,0,0,1,
dbo,TCUMULANOUVEAUCOMPTE,,20,oidExercice,TOID,32,0,0,1,
dbo,TCUMULANOUVEAUCOMPTE,,21,UpdDate,datetime,8,23,3,1,
dbo,TCUMULANOUVEAUCOMPTE,,22,UpdStamp,char,16,0,0,1,
dbo,TCUMULANOUVEAUCOMPTE,,23,UpdUser,nvarchar,48,0,0,1,
dbo,TCUMULANOUVEAUCOMPTE,,24,verouille,bit,1,1,0,1,
dbo,TCUMULANOUVEAUCOMPTE,,25,oidcompteGeneral,TOID,32,0,0,1,
dbo,TCUMULANOUVEAUJOURNAL,,1,ApprocheIAS,bit,1,1,0,1,
dbo,TCUMULANOUVEAUJOURNAL,,2,ApprocheNationale,bit,1,1,0,1,
dbo,TCUMULANOUVEAUJOURNAL,,3,Caption,nvarchar,256,0,0,1,
dbo,TCUMULANOUVEAUJOURNAL,,4,credit,money,8,19,4,1,
dbo,TCUMULANOUVEAUJOURNAL,,5,creditCloture,money,8,19,4,1,
dbo,TCUMULANOUVEAUJOURNAL,,6,creditClotureReport,money,8,19,4,1,
dbo,TCUMULANOUVEAUJOURNAL,,7,creditClotureTenue,money,8,19,4,1,
dbo,TCUMULANOUVEAUJOURNAL,,8,creditReport,money,8,19,4,1,
dbo,TCUMULANOUVEAUJOURNAL,,9,creditTenue,money,8,19,4,1,
dbo,TCUMULANOUVEAUJOURNAL,,10,debit,money,8,19,4,1,
dbo,TCUMULANOUVEAUJOURNAL,,11,debitCloture,money,8,19,4,1,
dbo,TCUMULANOUVEAUJOURNAL,,12,debitClotureReport,money,8,19,4,1,
dbo,TCUMULANOUVEAUJOURNAL,,13,debitClotureTenue,money,8,19,4,1,
dbo,TCUMULANOUVEAUJOURNAL,,14,debitReport,money,8,19,4,1,
dbo,TCUMULANOUVEAUJOURNAL,,15,debitTenue,money,8,19,4,1,
dbo,TCUMULANOUVEAUJOURNAL,,16,idOTP,int,4,10,0,1,
dbo,TCUMULANOUVEAUJOURNAL,,17,oid,TOID,32,0,0,0,
dbo,TCUMULANOUVEAUJOURNAL,,18,oiddevise,TOID,32,0,0,1,
dbo,TCUMULANOUVEAUJOURNAL,,19,oidEtablissement,TOID,32,0,0,1,
dbo,TCUMULANOUVEAUJOURNAL,,20,oidExercice,TOID,32,0,0,1,
dbo,TCUMULANOUVEAUJOURNAL,,21,UpdDate,datetime,8,23,3,1,
dbo,TCUMULANOUVEAUJOURNAL,,22,UpdStamp,char,16,0,0,1,
dbo,TCUMULANOUVEAUJOURNAL,,23,UpdUser,nvarchar,48,0,0,1,
dbo,TCUMULANOUVEAUJOURNAL,,24,verouille,bit,1,1,0,1,
dbo,TCUMULANOUVEAUJOURNAL,,25,oidjournal,TOID,32,0,0,1,
dbo,TCUMULAVANCEFRAISTRE,,1,Caption,nvarchar,256,0,0,1,
dbo,TCUMULAVANCEFRAISTRE,,2,dateADF,datetime,8,23,3,1,
dbo,TCUMULAVANCEFRAISTRE,,3,dateValidation,datetime,8,23,3,1,
dbo,TCUMULAVANCEFRAISTRE,,4,devise,nvarchar,256,0,0,1,
dbo,TCUMULAVANCEFRAISTRE,,5,etablissement,nvarchar,256,0,0,1,
dbo,TCUMULAVANCEFRAISTRE,,6,idOTP,int,4,10,0,1,
dbo,TCUMULAVANCEFRAISTRE,,7,montantTR,money,8,19,4,1,
dbo,TCUMULAVANCEFRAISTRE,,8,natureReglement,smallint,2,5,0,1,
dbo,TCUMULAVANCEFRAISTRE,,9,oid,TOID,32,0,0,0,
dbo,TCUMULAVANCEFRAISTRE,,10,statut,smallint,2,5,0,1,
dbo,TCUMULAVANCEFRAISTRE,,11,UpdDate,datetime,8,23,3,1,
dbo,TCUMULAVANCEFRAISTRE,,12,UpdStamp,char,16,0,0,1,
dbo,TCUMULAVANCEFRAISTRE,,13,UpdUser,nvarchar,48,0,0,1,
dbo,TCUMULBANCAIREJOUR,,1,Caption,nvarchar,256,0,0,1,
dbo,TCUMULBANCAIREJOUR,,2,dateCumul,datetime,8,23,3,1,
dbo,TCUMULBANCAIREJOUR,,3,idOTP,int,4,10,0,1,
dbo,TCUMULBANCAIREJOUR,,4,mouvementDO,money,8,19,4,1,
dbo,TCUMULBANCAIREJOUR,,5,mouvementDV,money,8,19,4,1,
dbo,TCUMULBANCAIREJOUR,,6,oid,TOID,32,0,0,0,
dbo,TCUMULBANCAIREJOUR,,7,oidComplexDate,TOID,32,0,0,1,
dbo,TCUMULBANCAIREJOUR,,8,oidCompteBancaire,TOID,32,0,0,1,
dbo,TCUMULBANCAIREJOUR,,9,UpdDate,datetime,8,23,3,1,
dbo,TCUMULBANCAIREJOUR,,10,UpdStamp,char,16,0,0,1,
dbo,TCUMULBANCAIREJOUR,,11,UpdUser,nvarchar,48,0,0,1,
dbo,TCUMULBORDEREAU,,1,Caption,nvarchar,256,0,0,1,
dbo,TCUMULBORDEREAU,,2,idOTP,int,4,10,0,1,
dbo,TCUMULBORDEREAU,,3,montant,money,8,19,4,1,
dbo,TCUMULBORDEREAU,,4,oid,TOID,32,0,0,0,
dbo,TCUMULBORDEREAU,,5,oidBordereauReglement,TOID,32,0,0,1,
dbo,TCUMULBORDEREAU,,6,UpdDate,datetime,8,23,3,1,
dbo,TCUMULBORDEREAU,,7,UpdStamp,char,16,0,0,1,
dbo,TCUMULBORDEREAU,,8,UpdUser,nvarchar,48,0,0,1,
dbo,TCUMULDEVISVENTETRESO,,1,Caption,nvarchar,256,0,0,1,
dbo,TCUMULDEVISVENTETRESO,,2,dateLivraison,datetime,8,23,3,1,
dbo,TCUMULDEVISVENTETRESO,,3,devise,nvarchar,256,0,0,1,
dbo,TCUMULDEVISVENTETRESO,,4,estConfirme,bit,1,1,0,1,
dbo,TCUMULDEVISVENTETRESO,,5,idEcheancement,nvarchar,256,0,0,1,
dbo,TCUMULDEVISVENTETRESO,,6,idEtablissement,nvarchar,256,0,0,1,
dbo,TCUMULDEVISVENTETRESO,,7,idOTP,int,4,10,0,1,
dbo,TCUMULDEVISVENTETRESO,,8,montantTR,money,8,19,4,1,
dbo,TCUMULDEVISVENTETRESO,,9,oid,TOID,32,0,0,0,
dbo,TCUMULDEVISVENTETRESO,,10,statut,smallint,2,5,0,1,
dbo,TCUMULDEVISVENTETRESO,,11,UpdDate,datetime,8,23,3,1,
dbo,TCUMULDEVISVENTETRESO,,12,UpdStamp,char,16,0,0,1,
dbo,TCUMULDEVISVENTETRESO,,13,UpdUser,nvarchar,48,0,0,1,
dbo,TCUMULDLACHATTRESO,,1,Caption,nvarchar,256,0,0,1,
dbo,TCUMULDLACHATTRESO,,2,dateLivraison,datetime,8,23,3,1,
dbo,TCUMULDLACHATTRESO,,3,devise,nvarchar,256,0,0,1,
dbo,TCUMULDLACHATTRESO,,4,estFacture,bit,1,1,0,1,
dbo,TCUMULDLACHATTRESO,,5,estTTC,bit,1,1,0,1,
dbo,TCUMULDLACHATTRESO,,6,idEcheancement,nvarchar,256,0,0,1,
dbo,TCUMULDLACHATTRESO,,7,idEtablissement,nvarchar,256,0,0,1,
dbo,TCUMULDLACHATTRESO,,8,idModeTVA,nvarchar,256,0,0,1,
dbo,TCUMULDLACHATTRESO,,9,idOTP,int,4,10,0,1,
dbo,TCUMULDLACHATTRESO,,10,idRegimeTVA,nvarchar,256,0,0,1,
dbo,TCUMULDLACHATTRESO,,11,montantTR,money,8,19,4,1,
dbo,TCUMULDLACHATTRESO,,12,oid,TOID,32,0,0,0,
dbo,TCUMULDLACHATTRESO,,13,tauxTVA,float,8,53,0,1,
dbo,TCUMULDLACHATTRESO,,14,UpdDate,datetime,8,23,3,1,
dbo,TCUMULDLACHATTRESO,,15,UpdStamp,char,16,0,0,1,
dbo,TCUMULDLACHATTRESO,,16,UpdUser,nvarchar,48,0,0,1,
dbo,TCUMULDLVENTETRESO,,1,Caption,nvarchar,256,0,0,1,
dbo,TCUMULDLVENTETRESO,,2,contratCommIdOTP,int,4,10,0,1,
dbo,TCUMULDLVENTETRESO,,3,dateLivraison,datetime,8,23,3,1,
dbo,TCUMULDLVENTETRESO,,4,devise,nvarchar,256,0,0,1,
dbo,TCUMULDLVENTETRESO,,5,estDevis,bit,1,1,0,1,
dbo,TCUMULDLVENTETRESO,,6,estFacture,bit,1,1,0,1,
dbo,TCUMULDLVENTETRESO,,7,estTTC,bit,1,1,0,1,
dbo,TCUMULDLVENTETRESO,,8,idEcheancement,nvarchar,256,0,0,1,
dbo,TCUMULDLVENTETRESO,,9,idEtablissement,nvarchar,256,0,0,1,
dbo,TCUMULDLVENTETRESO,,10,idModeTVA,nvarchar,256,0,0,1,
dbo,TCUMULDLVENTETRESO,,11,idOTP,int,4,10,0,1,
dbo,TCUMULDLVENTETRESO,,12,idRegimeTVA,nvarchar,256,0,0,1,
dbo,TCUMULDLVENTETRESO,,13,montantTR,money,8,19,4,1,
dbo,TCUMULDLVENTETRESO,,14,oid,TOID,32,0,0,0,
dbo,TCUMULDLVENTETRESO,,15,tauxTVA,float,8,53,0,1,
dbo,TCUMULDLVENTETRESO,,16,UpdDate,datetime,8,23,3,1,
dbo,TCUMULDLVENTETRESO,,17,UpdStamp,char,16,0,0,1,
dbo,TCUMULDLVENTETRESO,,18,UpdUser,nvarchar,48,0,0,1,
dbo,TCUMULECHEANCEAREGLER,,1,Caption,nvarchar,256,0,0,1,
dbo,TCUMULECHEANCEAREGLER,,2,dateEcheance,datetime,8,23,3,1,
dbo,TCUMULECHEANCEAREGLER,,3,devise,nvarchar,256,0,0,1,
dbo,TCUMULECHEANCEAREGLER,,4,etablissement,nvarchar,256,0,0,1,
dbo,TCUMULECHEANCEAREGLER,,5,idOTP,int,4,10,0,1,
dbo,TCUMULECHEANCEAREGLER,,6,montantARegler,money,8,19,4,1,
dbo,TCUMULECHEANCEAREGLER,,7,natureReglement,smallint,2,5,0,1,
dbo,TCUMULECHEANCEAREGLER,,8,natureTiers,nvarchar,256,0,0,1,
dbo,TCUMULECHEANCEAREGLER,,9,natureTiersIdOTP,int,4,10,0,1,
dbo,TCUMULECHEANCEAREGLER,,10,oid,TOID,32,0,0,0,
dbo,TCUMULECHEANCEAREGLER,,11,sens,smallint,2,5,0,1,
dbo,TCUMULECHEANCEAREGLER,,12,societe,nvarchar,256,0,0,1,
dbo,TCUMULECHEANCEAREGLER,,13,typeEcheance,smallint,2,5,0,1,
dbo,TCUMULECHEANCEAREGLER,,14,UpdDate,datetime,8,23,3,1,
dbo,TCUMULECHEANCEAREGLER,,15,UpdStamp,char,16,0,0,1,
dbo,TCUMULECHEANCEAREGLER,,16,UpdUser,nvarchar,48,0,0,1,
dbo,TCUMULECHEANCEGCTRESO,,1,Caption,nvarchar,256,0,0,1,
dbo,TCUMULECHEANCEGCTRESO,,2,dateEcheance,datetime,8,23,3,1,
dbo,TCUMULECHEANCEGCTRESO,,3,devise,nvarchar,256,0,0,1,
dbo,TCUMULECHEANCEGCTRESO,,4,estAvoir,bit,1,1,0,1,
dbo,TCUMULECHEANCEGCTRESO,,5,estComptabilise,bit,1,1,0,1,
dbo,TCUMULECHEANCEGCTRESO,,6,idEtablissementAPayer,nvarchar,256,0,0,1,
dbo,TCUMULECHEANCEGCTRESO,,7,idEtablissementEmetteur,nvarchar,256,0,0,1,
dbo,TCUMULECHEANCEGCTRESO,,8,idEtablissementReceveur,nvarchar,256,0,0,1,
dbo,TCUMULECHEANCEGCTRESO,,9,idOTP,int,4,10,0,1,
dbo,TCUMULECHEANCEGCTRESO,,10,montantTR,money,8,19,4,1,
dbo,TCUMULECHEANCEGCTRESO,,11,naturePiece,nvarchar,256,0,0,1,
dbo,TCUMULECHEANCEGCTRESO,,12,natureReglement,smallint,2,5,0,1,
dbo,TCUMULECHEANCEGCTRESO,,13,natureTiers,nvarchar,256,0,0,1,
dbo,TCUMULECHEANCEGCTRESO,,14,natureTiersIdOTP,int,4,10,0,1,
dbo,TCUMULECHEANCEGCTRESO,,15,oid,TOID,32,0,0,0,
dbo,TCUMULECHEANCEGCTRESO,,16,pieceAdminIdOTP,int,4,10,0,1,
dbo,TCUMULECHEANCEGCTRESO,,17,sens,smallint,2,5,0,1,
dbo,TCUMULECHEANCEGCTRESO,,18,UpdDate,datetime,8,23,3,1,
dbo,TCUMULECHEANCEGCTRESO,,19,UpdStamp,char,16,0,0,1,
dbo,TCUMULECHEANCEGCTRESO,,20,UpdUser,nvarchar,48,0,0,1,
dbo,TCUMULENGAGEMENTTRESO,,1,Caption,nvarchar,256,0,0,1,
dbo,TCUMULENGAGEMENTTRESO,,2,dateRealisation,datetime,8,23,3,1,
dbo,TCUMULENGAGEMENTTRESO,,3,dateValidation,datetime,8,23,3,1,
dbo,TCUMULENGAGEMENTTRESO,,4,devise,nvarchar,256,0,0,1,
dbo,TCUMULENGAGEMENTTRESO,,5,estCommande,bit,1,1,0,1,
dbo,TCUMULENGAGEMENTTRESO,,6,estRefuse,bit,1,1,0,1,
dbo,TCUMULENGAGEMENTTRESO,,7,estValide,bit,1,1,0,1,
dbo,TCUMULENGAGEMENTTRESO,,8,idEtablissement,nvarchar,256,0,0,1,
dbo,TCUMULENGAGEMENTTRESO,,9,idOTP,int,4,10,0,1,
dbo,TCUMULENGAGEMENTTRESO,,10,montantTR,money,8,19,4,1,
dbo,TCUMULENGAGEMENTTRESO,,11,oid,TOID,32,0,0,0,
dbo,TCUMULENGAGEMENTTRESO,,12,UpdDate,datetime,8,23,3,1,
dbo,TCUMULENGAGEMENTTRESO,,13,UpdStamp,char,16,0,0,1,
dbo,TCUMULENGAGEMENTTRESO,,14,UpdUser,nvarchar,48,0,0,1,
dbo,TCUMULKILOMETRIQUE,,1,Caption,nvarchar,256,0,0,1,
dbo,TCUMULKILOMETRIQUE,,2,idOTP,int,4,10,0,1,
dbo,TCUMULKILOMETRIQUE,,3,kilometre,float,8,53,0,1,
dbo,TCUMULKILOMETRIQUE,,4,oid,TOID,32,0,0,0,
dbo,TCUMULKILOMETRIQUE,,5,oidBaremeKilometrique,TOID,32,0,0,1,
dbo,TCUMULKILOMETRIQUE,,6,oidVehicule,TOID,32,0,0,1,
dbo,TCUMULKILOMETRIQUE,,7,refuse,bit,1,1,0,1,
dbo,TCUMULKILOMETRIQUE,,8,UpdDate,datetime,8,23,3,1,
dbo,TCUMULKILOMETRIQUE,,9,UpdStamp,char,16,0,0,1,
dbo,TCUMULKILOMETRIQUE,,10,UpdUser,nvarchar,48,0,0,1,
dbo,TCUMULNOTEFRAISTRE,,1,Caption,nvarchar,256,0,0,1,
dbo,TCUMULNOTEFRAISTRE,,2,dateNDF,datetime,8,23,3,1,
dbo,TCUMULNOTEFRAISTRE,,3,dateValidation,datetime,8,23,3,1,
dbo,TCUMULNOTEFRAISTRE,,4,devise,nvarchar,256,0,0,1,
dbo,TCUMULNOTEFRAISTRE,,5,etablissement,nvarchar,256,0,0,1,
dbo,TCUMULNOTEFRAISTRE,,6,idOTP,int,4,10,0,1,
dbo,TCUMULNOTEFRAISTRE,,7,montantTR,money,8,19,4,1,
dbo,TCUMULNOTEFRAISTRE,,8,natureReglement,smallint,2,5,0,1,
dbo,TCUMULNOTEFRAISTRE,,9,oid,TOID,32,0,0,0,
dbo,TCUMULNOTEFRAISTRE,,10,statut,smallint,2,5,0,1,
dbo,TCUMULNOTEFRAISTRE,,11,UpdDate,datetime,8,23,3,1,
dbo,TCUMULNOTEFRAISTRE,,12,UpdStamp,char,16,0,0,1,
dbo,TCUMULNOTEFRAISTRE,,13,UpdUser,nvarchar,48,0,0,1,
dbo,TCUMULPERIODEAUXILIAIRE,,1,ApprocheIAS,bit,1,1,0,1,
dbo,TCUMULPERIODEAUXILIAIRE,,2,ApprocheNationale,bit,1,1,0,1,
dbo,TCUMULPERIODEAUXILIAIRE,,3,Caption,nvarchar,256,0,0,1,
dbo,TCUMULPERIODEAUXILIAIRE,,4,credit,money,8,19,4,1,
dbo,TCUMULPERIODEAUXILIAIRE,,5,creditReporting,money,8,19,4,1,
dbo,TCUMULPERIODEAUXILIAIRE,,6,creditTenue,money,8,19,4,1,
dbo,TCUMULPERIODEAUXILIAIRE,,7,debit,money,8,19,4,1,
dbo,TCUMULPERIODEAUXILIAIRE,,8,debitReporting,money,8,19,4,1,
dbo,TCUMULPERIODEAUXILIAIRE,,9,debitTenue,money,8,19,4,1,
dbo,TCUMULPERIODEAUXILIAIRE,,10,idOTP,int,4,10,0,1,
dbo,TCUMULPERIODEAUXILIAIRE,,11,oid,TOID,32,0,0,0,
dbo,TCUMULPERIODEAUXILIAIRE,,12,oiddevise,TOID,32,0,0,1,
dbo,TCUMULPERIODEAUXILIAIRE,,13,oidEtablissement,TOID,32,0,0,1,
dbo,TCUMULPERIODEAUXILIAIRE,,14,oidPeriode,TOID,32,0,0,1,
dbo,TCUMULPERIODEAUXILIAIRE,,15,typeLot,smallint,2,5,0,1,
dbo,TCUMULPERIODEAUXILIAIRE,,16,UpdDate,datetime,8,23,3,1,
dbo,TCUMULPERIODEAUXILIAIRE,,17,UpdStamp,char,16,0,0,1,
dbo,TCUMULPERIODEAUXILIAIRE,,18,UpdUser,nvarchar,48,0,0,1,
dbo,TCUMULPERIODEAUXILIAIRE,,19,verouille,bit,1,1,0,1,
dbo,TCUMULPERIODEAUXILIAIRE,,20,oidCompteAuxiliaire,TOID,32,0,0,1,
dbo,TCUMULPERIODEAUXILIAIRE,,21,oidcompteGeneral,TOID,32,0,0,1,
dbo,TCUMULPERIODEAUXILIAIRE,,22,oidCumulANouveauAuxiliaire,TOID,32,0,0,1,
dbo,TCUMULPERIODEAUXILIAIRE,,23,oidroleTiers,TOID,32,0,0,1,
dbo,TCUMULPERIODECOMPTE,,1,ApprocheIAS,bit,1,1,0,1,
dbo,TCUMULPERIODECOMPTE,,2,ApprocheNationale,bit,1,1,0,1,
dbo,TCUMULPERIODECOMPTE,,3,Caption,nvarchar,256,0,0,1,
dbo,TCUMULPERIODECOMPTE,,4,credit,money,8,19,4,1,
dbo,TCUMULPERIODECOMPTE,,5,creditReporting,money,8,19,4,1,
dbo,TCUMULPERIODECOMPTE,,6,creditTenue,money,8,19,4,1,
dbo,TCUMULPERIODECOMPTE,,7,debit,money,8,19,4,1,
dbo,TCUMULPERIODECOMPTE,,8,debitReporting,money,8,19,4,1,
dbo,TCUMULPERIODECOMPTE,,9,debitTenue,money,8,19,4,1,
dbo,TCUMULPERIODECOMPTE,,10,idOTP,int,4,10,0,1,
dbo,TCUMULPERIODECOMPTE,,11,oid,TOID,32,0,0,0,
dbo,TCUMULPERIODECOMPTE,,12,oiddevise,TOID,32,0,0,1,
dbo,TCUMULPERIODECOMPTE,,13,oidEtablissement,TOID,32,0,0,1,
dbo,TCUMULPERIODECOMPTE,,14,oidPeriode,TOID,32,0,0,1,
dbo,TCUMULPERIODECOMPTE,,15,typeLot,smallint,2,5,0,1,
dbo,TCUMULPERIODECOMPTE,,16,UpdDate,datetime,8,23,3,1,
dbo,TCUMULPERIODECOMPTE,,17,UpdStamp,char,16,0,0,1,
dbo,TCUMULPERIODECOMPTE,,18,UpdUser,nvarchar,48,0,0,1,
dbo,TCUMULPERIODECOMPTE,,19,verouille,bit,1,1,0,1,
dbo,TCUMULPERIODECOMPTE,,20,oidcompteGeneral,TOID,32,0,0,1,
dbo,TCUMULPERIODECOMPTE,,21,oidCumulANouveauCompte,TOID,32,0,0,1,
dbo,TCUMULPERIODEJOURNAL,,1,ApprocheIAS,bit,1,1,0,1,
dbo,TCUMULPERIODEJOURNAL,,2,ApprocheNationale,bit,1,1,0,1,
dbo,TCUMULPERIODEJOURNAL,,3,Caption,nvarchar,256,0,0,1,
dbo,TCUMULPERIODEJOURNAL,,4,credit,money,8,19,4,1,
dbo,TCUMULPERIODEJOURNAL,,5,creditReporting,money,8,19,4,1,
dbo,TCUMULPERIODEJOURNAL,,6,creditTenue,money,8,19,4,1,
dbo,TCUMULPERIODEJOURNAL,,7,debit,money,8,19,4,1,
dbo,TCUMULPERIODEJOURNAL,,8,debitReporting,money,8,19,4,1,
dbo,TCUMULPERIODEJOURNAL,,9,debitTenue,money,8,19,4,1,
dbo,TCUMULPERIODEJOURNAL,,10,idOTP,int,4,10,0,1,
dbo,TCUMULPERIODEJOURNAL,,11,oid,TOID,32,0,0,0,
dbo,TCUMULPERIODEJOURNAL,,12,oiddevise,TOID,32,0,0,1,
dbo,TCUMULPERIODEJOURNAL,,13,oidEtablissement,TOID,32,0,0,1,
dbo,TCUMULPERIODEJOURNAL,,14,oidPeriode,TOID,32,0,0,1,
dbo,TCUMULPERIODEJOURNAL,,15,typeLot,smallint,2,5,0,1,
dbo,TCUMULPERIODEJOURNAL,,16,UpdDate,datetime,8,23,3,1,
dbo,TCUMULPERIODEJOURNAL,,17,UpdStamp,char,16,0,0,1,
dbo,TCUMULPERIODEJOURNAL,,18,UpdUser,nvarchar,48,0,0,1,
dbo,TCUMULPERIODEJOURNAL,,19,verouille,bit,1,1,0,1,
dbo,TCUMULPERIODEJOURNAL,,20,oidCumulANouveauJournal,TOID,32,0,0,1,
dbo,TCUMULPERIODEJOURNAL,,21,oidjournal,TOID,32,0,0,1,
dbo,TCUMULQUOTASPERIODE,,1,Caption,nvarchar,256,0,0,1,
dbo,TCUMULQUOTASPERIODE,,2,idOTP,int,4,10,0,1,
dbo,TCUMULQUOTASPERIODE,,3,montantBordereau,money,8,19,4,1,
dbo,TCUMULQUOTASPERIODE,,4,oid,TOID,32,0,0,0,
dbo,TCUMULQUOTASPERIODE,,5,oidetapeEcheance,TOID,32,0,0,1,
dbo,TCUMULQUOTASPERIODE,,6,oidperiodeQuotas,TOID,32,0,0,1,
dbo,TCUMULQUOTASPERIODE,,7,UpdDate,datetime,8,23,3,1,
dbo,TCUMULQUOTASPERIODE,,8,UpdStamp,char,16,0,0,1,
dbo,TCUMULQUOTASPERIODE,,9,UpdUser,nvarchar,48,0,0,1,
dbo,TCUMULTRESORERIEJOUR,,1,Caption,nvarchar,256,0,0,1,
dbo,TCUMULTRESORERIEJOUR,,2,codeNiveauPrevision,int,4,10,0,1,
dbo,TCUMULTRESORERIEJOUR,,3,dateCumul,datetime,8,23,3,1,
dbo,TCUMULTRESORERIEJOUR,,4,floatMouvementDO,money,8,19,4,1,
dbo,TCUMULTRESORERIEJOUR,,5,floatMouvementDV,money,8,19,4,1,
dbo,TCUMULTRESORERIEJOUR,,6,idOTP,int,4,10,0,1,
dbo,TCUMULTRESORERIEJOUR,,7,mouvementDO,money,8,19,4,1,
dbo,TCUMULTRESORERIEJOUR,,8,mouvementDV,money,8,19,4,1,
dbo,TCUMULTRESORERIEJOUR,,9,nombreOperationDO,money,8,19,4,1,
dbo,TCUMULTRESORERIEJOUR,,10,nombreOperationDV,money,8,19,4,1,
dbo,TCUMULTRESORERIEJOUR,,11,oid,TOID,32,0,0,0,
dbo,TCUMULTRESORERIEJOUR,,12,oidComplexDate,TOID,32,0,0,1,
dbo,TCUMULTRESORERIEJOUR,,13,oidCompteBancaire,TOID,32,0,0,1,
dbo,TCUMULTRESORERIEJOUR,,14,UpdDate,datetime,8,23,3,1,
dbo,TCUMULTRESORERIEJOUR,,15,UpdStamp,char,16,0,0,1,
dbo,TCUMULTRESORERIEJOUR,,16,UpdUser,nvarchar,48,0,0,1,
dbo,TDATEEPURATION,,1,Caption,nvarchar,256,0,0,1,
dbo,TDATEEPURATION,,2,code,nvarchar,256,0,0,1,
dbo,TDATEEPURATION,,3,dateEpuration,datetime,8,23,3,1,
dbo,TDATEEPURATION,,4,idOTP,int,4,10,0,1,
dbo,TDATEEPURATION,,5,oid,TOID,32,0,0,0,
dbo,TDATEEPURATION,,6,UpdDate,datetime,8,23,3,1,
dbo,TDATEEPURATION,,7,UpdStamp,char,16,0,0,1,
dbo,TDATEEPURATION,,8,UpdUser,nvarchar,48,0,0,1,
dbo,TDBFCOUNTER,,1,AllocOnWrite,bit,1,1,0,1,
dbo,TDBFCOUNTER,,2,CanOverRun,bit,1,1,0,1,
dbo,TDBFCOUNTER,,3,Caption,nvarchar,256,0,0,1,
dbo,TDBFCOUNTER,,4,Format,nvarchar,256,0,0,1,
dbo,TDBFCOUNTER,,5,idOTP,int,4,10,0,1,
dbo,TDBFCOUNTER,,6,isModel,bit,1,1,0,1,
dbo,TDBFCOUNTER,,7,ModelFormat,nvarchar,256,0,0,1,
dbo,TDBFCOUNTER,,8,Name,nvarchar,256,0,0,1,
dbo,TDBFCOUNTER,,9,oid,TOID,32,0,0,0,
dbo,TDBFCOUNTER,,10,oidAShare,TOID,32,0,0,1,
dbo,TDBFCOUNTER,,11,oidParentCounter,TOID,32,0,0,1,
dbo,TDBFCOUNTER,,12,UpdDate,datetime,8,23,3,1,
dbo,TDBFCOUNTER,,13,UpdStamp,char,16,0,0,1,
dbo,TDBFCOUNTER,,14,UpdUser,nvarchar,48,0,0,1,
dbo,TDBFCOUNTER,,15,Value,nvarchar,256,0,0,1,
dbo,TDBFCURRENCY,,1,Actif,bit,1,1,0,1,
dbo,TDBFCURRENCY,,2,Caption,nvarchar,256,0,0,1,
dbo,TDBFCURRENCY,,3,CodeISO,nvarchar,6,0,0,1,
dbo,TDBFCURRENCY,,4,CoursMensuel,float,8,53,0,1,
dbo,TDBFCURRENCY,,5,CoursMensuel_Decimales,int,4,10,0,1,
dbo,TDBFCURRENCY,,6,CoursPrincipal,float,8,53,0,1,
dbo,TDBFCURRENCY,,7,CoursPrincipal_Decimales,int,4,10,0,1,
dbo,TDBFCURRENCY,,8,DateEuro,datetime,8,23,3,1,
dbo,TDBFCURRENCY,,9,Decimales,int,4,10,0,1,
dbo,TDBFCURRENCY,,10,Euro,bit,1,1,0,1,
dbo,TDBFCURRENCY,,11,idOTP,int,4,10,0,1,
dbo,TDBFCURRENCY,,12,LibelleSousUnite,nvarchar,256,0,0,1,
dbo,TDBFCURRENCY,,13,LibelleUnite,nvarchar,256,0,0,1,
dbo,TDBFCURRENCY,,14,ModeCotation,smallint,2,5,0,1,
dbo,TDBFCURRENCY,,15,oid,TOID,32,0,0,0,
dbo,TDBFCURRENCY,,16,oidDeviseCotation,TOID,32,0,0,1,
dbo,TDBFCURRENCY,,17,Symbole,nvarchar,6,0,0,1,
dbo,TDBFCURRENCY,,18,UpdDate,datetime,8,23,3,1,
dbo,TDBFCURRENCY,,19,UpdStamp,char,16,0,0,1,
dbo,TDBFCURRENCY,,20,UpdUser,nvarchar,48,0,0,1,
dbo,TDBFCURRENCYQUOTE,,1,Caption,nvarchar,256,0,0,1,
dbo,TDBFCURRENCYQUOTE,,2,CoursAchat,float,8,53,0,1,
dbo,TDBFCURRENCYQUOTE,,3,CoursAchat_Decimales,int,4,10,0,1,
dbo,TDBFCURRENCYQUOTE,,4,CoursPrincipal,float,8,53,0,1,
dbo,TDBFCURRENCYQUOTE,,5,CoursPrincipal_Decimales,int,4,10,0,1,
dbo,TDBFCURRENCYQUOTE,,6,CoursVente,float,8,53,0,1,
dbo,TDBFCURRENCYQUOTE,,7,CoursVente_Decimales,int,4,10,0,1,
dbo,TDBFCURRENCYQUOTE,,8,DateCours,datetime,8,23,3,1,
dbo,TDBFCURRENCYQUOTE,,9,idOTP,int,4,10,0,1,
dbo,TDBFCURRENCYQUOTE,,10,ModeCotation,smallint,2,5,0,1,
dbo,TDBFCURRENCYQUOTE,,11,oid,TOID,32,0,0,0,
dbo,TDBFCURRENCYQUOTE,,12,oidDevise,TOID,32,0,0,1,
dbo,TDBFCURRENCYQUOTE,,13,oidDeviseCotation,TOID,32,0,0,1,
dbo,TDBFCURRENCYQUOTE,,14,UpdDate,datetime,8,23,3,1,
dbo,TDBFCURRENCYQUOTE,,15,UpdStamp,char,16,0,0,1,
dbo,TDBFCURRENCYQUOTE,,16,UpdUser,nvarchar,48,0,0,1,
dbo,TDBFDOCUMENT,,1,Caption,nvarchar,256,0,0,1,
dbo,TDBFDOCUMENT,,2,DateCreate,datetime,8,23,3,1,
dbo,TDBFDOCUMENT,,3,DateDocument,datetime,8,23,3,1,
dbo,TDBFDOCUMENT,,4,Document,nvarchar,510,0,0,1,
dbo,TDBFDOCUMENT,,5,idOTP,int,4,10,0,1,
dbo,TDBFDOCUMENT,,6,idotpObject,int,4,10,0,1,
dbo,TDBFDOCUMENT,,7,KeyWords,nvarchar,256,0,0,1,
dbo,TDBFDOCUMENT,,8,oid,TOID,32,0,0,0,
dbo,TDBFDOCUMENT,,9,oidDocumentType,TOID,32,0,0,1,
dbo,TDBFDOCUMENT,,10,oidObject,TOID,32,0,0,1,
dbo,TDBFDOCUMENT,,11,oidObjectBinary,TOID,32,0,0,1,
dbo,TDBFDOCUMENT,,12,UpdDate,datetime,8,23,3,1,
dbo,TDBFDOCUMENT,,13,UpdStamp,char,16,0,0,1,
dbo,TDBFDOCUMENT,,14,UpdUser,nvarchar,48,0,0,1,
dbo,TDBFDOCUMENTTYPE,,1,Caption,nvarchar,256,0,0,1,
dbo,TDBFDOCUMENTTYPE,,2,ContentType,nvarchar,256,0,0,1,
dbo,TDBFDOCUMENTTYPE,,3,CounterName,nvarchar,256,0,0,1,
dbo,TDBFDOCUMENTTYPE,,4,Extension,nvarchar,256,0,0,1,
dbo,TDBFDOCUMENTTYPE,,5,idOTP,int,4,10,0,1,
dbo,TDBFDOCUMENTTYPE,,6,MediaType,smallint,2,5,0,1,
dbo,TDBFDOCUMENTTYPE,,7,oid,TOID,32,0,0,0,
dbo,TDBFDOCUMENTTYPE,,8,StoreLink,bit,1,1,0,1,
dbo,TDBFDOCUMENTTYPE,,9,UpdDate,datetime,8,23,3,1,
dbo,TDBFDOCUMENTTYPE,,10,UpdStamp,char,16,0,0,1,
dbo,TDBFDOCUMENTTYPE,,11,UpdUser,nvarchar,48,0,0,1,
dbo,TDBFDOCUMENTTYPE,,12,Viewer,nvarchar,256,0,0,1,
dbo,TDBFOBJECTBINARY,,1,Caption,nvarchar,256,0,0,1,
dbo,TDBFOBJECTBINARY,,2,Extension,nvarchar,256,0,0,1,
dbo,TDBFOBJECTBINARY,,3,idOTP,int,4,10,0,1,
dbo,TDBFOBJECTBINARY,,4,oid,TOID,32,0,0,0,
dbo,TDBFOBJECTBINARY,,5,UpdDate,datetime,8,23,3,1,
dbo,TDBFOBJECTBINARY,,6,UpdStamp,char,16,0,0,1,
dbo,TDBFOBJECTBINARY,,7,UpdUser,nvarchar,48,0,0,1,
dbo,TDBFOBJECTBINARY,,8,Value,varbinary,-1,0,0,1,
dbo,TDBFPARAM,,1,Caption,nvarchar,256,0,0,1,
dbo,TDBFPARAM,,2,idOTP,int,4,10,0,1,
dbo,TDBFPARAM,,3,Name,nvarchar,256,0,0,1,
dbo,TDBFPARAM,,4,oid,TOID,32,0,0,0,
dbo,TDBFPARAM,,5,oidAShare,TOID,32,0,0,1,
dbo,TDBFPARAM,,6,UpdDate,datetime,8,23,3,1,
dbo,TDBFPARAM,,7,UpdStamp,char,16,0,0,1,
dbo,TDBFPARAM,,8,UpdUser,nvarchar,48,0,0,1,
dbo,TDBFPARAM,,9,Value,nvarchar,256,0,0,1,
dbo,TDBFUNIT,,1,Caption,nvarchar,256,0,0,1,
dbo,TDBFUNIT,,2,Code,nvarchar,64,0,0,1,
dbo,TDBFUNIT,,3,Decimales,int,4,10,0,1,
dbo,TDBFUNIT,,4,idOTP,int,4,10,0,1,
dbo,TDBFUNIT,,5,oid,TOID,32,0,0,0,
dbo,TDBFUNIT,,6,Operand,float,8,53,0,1,
dbo,TDBFUNIT,,7,Operator,smallint,2,5,0,1,
dbo,TDBFUNIT,,8,Symbole,nvarchar,256,0,0,1,
dbo,TDBFUNIT,,9,UpdDate,datetime,8,23,3,1,
dbo,TDBFUNIT,,10,UpdStamp,char,16,0,0,1,
dbo,TDBFUNIT,,11,UpdUser,nvarchar,48,0,0,1,
dbo,TDBFUNIT,,12,codeEDI,nvarchar,256,0,0,1,
dbo,TDBFUNIT,,13,coefficient,float,8,53,0,1,
dbo,TDBFUNIT,,14,coefficient_Decimales,int,4,10,0,1,
dbo,TDBFUNIT,,15,oidContextePoids,TOID,32,0,0,1,
dbo,TDBFUNIT,,16,oidContexteVolume,TOID,32,0,0,1,
dbo,TDBFUNIT,,17,oidEquivUniteProduit,TOID,32,0,0,1,
dbo,TDBFUNIT,,18,oidUniteCommerciale,TOID,32,0,0,1,
dbo,TDECLARATIONDAS2,,1,Caption,nvarchar,256,0,0,1,
dbo,TDECLARATIONDAS2,,2,cheminFichierBenefici,nvarchar,256,0,0,1,
dbo,TDECLARATIONDAS2,,3,cheminFichierHonorair,nvarchar,256,0,0,1,
dbo,TDECLARATIONDAS2,,4,dateDebut,datetime,8,23,3,1,
dbo,TDECLARATIONDAS2,,5,dateFin,datetime,8,23,3,1,
dbo,TDECLARATIONDAS2,,6,DetailEtablissement,bit,1,1,0,1,
dbo,TDECLARATIONDAS2,,7,estCoherente,bit,1,1,0,1,
dbo,TDECLARATIONDAS2,,8,estConfirme,bit,1,1,0,1,
dbo,TDECLARATIONDAS2,,9,estTransmisPaie,bit,1,1,0,1,
dbo,TDECLARATIONDAS2,,10,idOTP,int,4,10,0,1,
dbo,TDECLARATIONDAS2,,11,modifie,bit,1,1,0,1,
dbo,TDECLARATIONDAS2,,12,oid,TOID,32,0,0,0,
dbo,TDECLARATIONDAS2,,13,UpdDate,datetime,8,23,3,1,
dbo,TDECLARATIONDAS2,,14,UpdStamp,char,16,0,0,1,
dbo,TDECLARATIONDAS2,,15,UpdUser,nvarchar,48,0,0,1,
dbo,TDECLARATIONTVA,,1,Caption,nvarchar,256,0,0,1,
dbo,TDECLARATIONTVA,,2,confirme,bit,1,1,0,1,
dbo,TDECLARATIONTVA,,3,creditTVAInitial,money,8,19,4,1,
dbo,TDECLARATIONTVA,,4,creditTVAInitial_CodeDevise,nvarchar,6,0,0,1,
dbo,TDECLARATIONTVA,,5,dDate,datetime,8,23,3,1,
dbo,TDECLARATIONTVA,,6,debutPeriode,datetime,8,23,3,1,
dbo,TDECLARATIONTVA,,7,finPeriode,datetime,8,23,3,1,
dbo,TDECLARATIONTVA,,8,forcageCreditInitial,bit,1,1,0,1,
dbo,TDECLARATIONTVA,,9,idOTP,int,4,10,0,1,
dbo,TDECLARATIONTVA,,10,moisAnnee,nvarchar,256,0,0,1,
dbo,TDECLARATIONTVA,,11,montantAPayer,money,8,19,4,1,
dbo,TDECLARATIONTVA,,12,montantAPayer_CodeDevise,nvarchar,6,0,0,1,
dbo,TDECLARATIONTVA,,13,montantRembourse,money,8,19,4,1,
dbo,TDECLARATIONTVA,,14,montantRembourse_CodeDevise,nvarchar,6,0,0,1,
dbo,TDECLARATIONTVA,,15,montantReporte,money,8,19,4,1,
dbo,TDECLARATIONTVA,,16,montantReporte_CodeDevise,nvarchar,6,0,0,1,
dbo,TDECLARATIONTVA,,17,montantReporteReel,money,8,19,4,1,
dbo,TDECLARATIONTVA,,18,montantReporteReel_CodeDevise,nvarchar,6,0,0,1,
dbo,TDECLARATIONTVA,,19,oid,TOID,32,0,0,0,
dbo,TDECLARATIONTVA,,20,oiddeclarationPrecedente,TOID,32,0,0,1,
dbo,TDECLARATIONTVA,,21,oidSociete,TOID,32,0,0,1,
dbo,TDECLARATIONTVA,,22,periodicite,smallint,2,5,0,1,
dbo,TDECLARATIONTVA,,23,remboursement,bit,1,1,0,1,
dbo,TDECLARATIONTVA,,24,tvaCollectee,money,8,19,4,1,
dbo,TDECLARATIONTVA,,25,tvaCollectee_CodeDevise,nvarchar,6,0,0,1,
dbo,TDECLARATIONTVA,,26,tvaCollecteeDA,money,8,19,4,1,
dbo,TDECLARATIONTVA,,27,tvaCollecteeDA_CodeDevise,nvarchar,6,0,0,1,
dbo,TDECLARATIONTVA,,28,tvaDeductible,money,8,19,4,1,
dbo,TDECLARATIONTVA,,29,tvaDeductible_CodeDevise,nvarchar,6,0,0,1,
dbo,TDECLARATIONTVA,,30,UpdDate,datetime,8,23,3,1,
dbo,TDECLARATIONTVA,,31,UpdStamp,char,16,0,0,1,
dbo,TDECLARATIONTVA,,32,UpdUser,nvarchar,48,0,0,1,
dbo,TDECLARATIONTVALIGNE,,1,Caption,nvarchar,256,0,0,1,
dbo,TDECLARATIONTVALIGNE,,2,idOTP,int,4,10,0,1,
dbo,TDECLARATIONTVALIGNE,,3,modifie,bit,1,1,0,1,
dbo,TDECLARATIONTVALIGNE,,4,oid,TOID,32,0,0,0,
dbo,TDECLARATIONTVALIGNE,,5,oidDeclarationTVA,TOID,32,0,0,1,
dbo,TDECLARATIONTVALIGNE,,6,UpdDate,datetime,8,23,3,1,
dbo,TDECLARATIONTVALIGNE,,7,UpdStamp,char,16,0,0,1,
dbo,TDECLARATIONTVALIGNE,,8,UpdUser,nvarchar,48,0,0,1,
dbo,TDECLARATIONTVALIGNE,,9,baseExonereeMarge,money,8,19,4,1,
dbo,TDECLARATIONTVALIGNE,,10,baseExonereeMarge_CodeDevise,nvarchar,6,0,0,1,
dbo,TDECLARATIONTVALIGNE,,11,baseHTTVACEE,money,8,19,4,1,
dbo,TDECLARATIONTVALIGNE,,12,baseHTTVACEE_CodeDevise,nvarchar,6,0,0,1,
dbo,TDECLARATIONTVALIGNE,,13,creditHT,money,8,19,4,1,
dbo,TDECLARATIONTVALIGNE,,14,creditHT_CodeDevise,nvarchar,6,0,0,1,
dbo,TDECLARATIONTVALIGNE,,15,creditTTC,money,8,19,4,1,
dbo,TDECLARATIONTVALIGNE,,16,creditTTC_CodeDevise,nvarchar,6,0,0,1,
dbo,TDECLARATIONTVALIGNE,,17,creditTVA,money,8,19,4,1,
dbo,TDECLARATIONTVALIGNE,,18,creditTVA_CodeDevise,nvarchar,6,0,0,1,
dbo,TDECLARATIONTVALIGNE,,19,debitHT,money,8,19,4,1,
dbo,TDECLARATIONTVALIGNE,,20,debitHT_CodeDevise,nvarchar,6,0,0,1,
dbo,TDECLARATIONTVALIGNE,,21,debitTTC,money,8,19,4,1,
dbo,TDECLARATIONTVALIGNE,,22,debitTTC_CodeDevise,nvarchar,6,0,0,1,
dbo,TDECLARATIONTVALIGNE,,23,debitTVA,money,8,19,4,1,
dbo,TDECLARATIONTVALIGNE,,24,debitTVA_CodeDevise,nvarchar,6,0,0,1,
dbo,TDECLARATIONTVALIGNE,,25,excedentAntMargeGlobale,money,8,19,4,1,
dbo,TDECLARATIONTVALIGNE,,26,excedentAntMargeGlobale_CodeDe,nvarchar,6,0,0,1,
dbo,TDECLARATIONTVALIGNE,,27,excedentMargeGlobale,money,8,19,4,1,
dbo,TDECLARATIONTVALIGNE,,28,excedentMargeGlobale_CodeDevis,nvarchar,6,0,0,1,
dbo,TDECLARATIONTVALIGNE,,29,oidParent,TOID,32,0,0,1,
dbo,TDECLARATIONTVALIGNE,,30,oidProfilTVA,TOID,32,0,0,1,
dbo,TDECLARATIONTVALIGNE,,31,oidSecteurActivite,TOID,32,0,0,1,
dbo,TDECLARATIONTVALIGNE,,32,tauxTVA,float,8,53,0,1,
dbo,TDECLARATIONTVALIGNE,,33,tauxTVA_Decimales,int,4,10,0,1,
dbo,TDECLARATIONTVALIGNE,,34,totalTVAReelle,money,8,19,4,1,
dbo,TDECLARATIONTVALIGNE,,35,totalTVAReelle_CodeDevise,nvarchar,6,0,0,1,
dbo,TDECLARATIONTVALIGNE,,36,totalTVATheorique,money,8,19,4,1,
dbo,TDECLARATIONTVALIGNE,,37,totalTVATheorique_CodeDevise,nvarchar,6,0,0,1,
dbo,TDECLARATIONTVALIGNE,,38,typeBaseTaxable,smallint,2,5,0,1,
dbo,TDECLARATIONTVALIGNE,,39,variationStockMargeGlobale,money,8,19,4,1,
dbo,TDECLARATIONTVALIGNE,,40,variationStockMargeGlobale_Cod,nvarchar,6,0,0,1,
dbo,TDECLARATIONTVALIGNE,,41,base,money,8,19,4,1,
dbo,TDECLARATIONTVALIGNE,,42,base_CodeDevise,nvarchar,6,0,0,1,
dbo,TDECLARATIONTVALIGNE,,43,montant,money,8,19,4,1,
dbo,TDECLARATIONTVALIGNE,,44,montant_CodeDevise,nvarchar,6,0,0,1,
dbo,TDECLARATIONTVALIGNE,,45,oidtypeRemuneration,TOID,32,0,0,1,
dbo,TDECLARATIONTVALIGNE,,46,oidCompteGeneral,TOID,32,0,0,1,
dbo,TDEROGATOIREDONNEE,,1,Caption,nvarchar,256,0,0,1,
dbo,TDEROGATOIREDONNEE,,2,dotationFu_0,money,8,19,4,1,
dbo,TDEROGATOIREDONNEE,,3,dotationFu_1,money,8,19,4,1,
dbo,TDEROGATOIREDONNEE,,4,dotationFu_2,money,8,19,4,1,
dbo,TDEROGATOIREDONNEE,,5,dotationFu_3,money,8,19,4,1,
dbo,TDEROGATOIREDONNEE,,6,dotationFu_4,money,8,19,4,1,
dbo,TDEROGATOIREDONNEE,,7,dotationFu_5,money,8,19,4,1,
dbo,TDEROGATOIREDONNEE,,8,dotationFu_6,money,8,19,4,1,
dbo,TDEROGATOIREDONNEE,,9,dotationFu_7,money,8,19,4,1,
dbo,TDEROGATOIREDONNEE,,10,dotationFu_8,money,8,19,4,1,
dbo,TDEROGATOIREDONNEE,,11,dotationFu_9,money,8,19,4,1,
dbo,TDEROGATOIREDONNEE,,12,dotationFu_10,money,8,19,4,1,
dbo,TDEROGATOIREDONNEE,,13,dotationPa_0,money,8,19,4,1,
dbo,TDEROGATOIREDONNEE,,14,dotationPa_1,money,8,19,4,1,
dbo,TDEROGATOIREDONNEE,,15,dotationPa_2,money,8,19,4,1,
dbo,TDEROGATOIREDONNEE,,16,dotationPa_3,money,8,19,4,1,
dbo,TDEROGATOIREDONNEE,,17,dotationPa_4,money,8,19,4,1,
dbo,TDEROGATOIREDONNEE,,18,dotationPa_5,money,8,19,4,1,
dbo,TDEROGATOIREDONNEE,,19,dotationPa_6,money,8,19,4,1,
dbo,TDEROGATOIREDONNEE,,20,dotationPa_7,money,8,19,4,1,
dbo,TDEROGATOIREDONNEE,,21,dotationPa_8,money,8,19,4,1,
dbo,TDEROGATOIREDONNEE,,22,dotationPa_9,money,8,19,4,1,
dbo,TDEROGATOIREDONNEE,,23,dotations_0,money,8,19,4,1,
dbo,TDEROGATOIREDONNEE,,24,dotations_1,money,8,19,4,1,
dbo,TDEROGATOIREDONNEE,,25,dotations_2,money,8,19,4,1,
dbo,TDEROGATOIREDONNEE,,26,dotations_3,money,8,19,4,1,
dbo,TDEROGATOIREDONNEE,,27,dotations_4,money,8,19,4,1,
dbo,TDEROGATOIREDONNEE,,28,dotations_5,money,8,19,4,1,
dbo,TDEROGATOIREDONNEE,,29,dotations_6,money,8,19,4,1,
dbo,TDEROGATOIREDONNEE,,30,dotations_7,money,8,19,4,1,
dbo,TDEROGATOIREDONNEE,,31,dotations_8,money,8,19,4,1,
dbo,TDEROGATOIREDONNEE,,32,dotations_9,money,8,19,4,1,
dbo,TDEROGATOIREDONNEE,,33,dotations_10,money,8,19,4,1,
dbo,TDEROGATOIREDONNEE,,34,dotations_11,money,8,19,4,1,
dbo,TDEROGATOIREDONNEE,,35,dotations_12,money,8,19,4,1,
dbo,TDEROGATOIREDONNEE,,36,dotations_13,money,8,19,4,1,
dbo,TDEROGATOIREDONNEE,,37,dotations_14,money,8,19,4,1,
dbo,TDEROGATOIREDONNEE,,38,dotations_15,money,8,19,4,1,
dbo,TDEROGATOIREDONNEE,,39,dotations_16,money,8,19,4,1,
dbo,TDEROGATOIREDONNEE,,40,dotations_17,money,8,19,4,1,
dbo,TDEROGATOIREDONNEE,,41,dotations_18,money,8,19,4,1,
dbo,TDEROGATOIREDONNEE,,42,dotations_19,money,8,19,4,1,
dbo,TDEROGATOIREDONNEE,,43,dotations_20,money,8,19,4,1,
dbo,TDEROGATOIREDONNEE,,44,dotations_21,money,8,19,4,1,
dbo,TDEROGATOIREDONNEE,,45,dotations_22,money,8,19,4,1,
dbo,TDEROGATOIREDONNEE,,46,dotations_23,money,8,19,4,1,
dbo,TDEROGATOIREDONNEE,,47,dotations_24,money,8,19,4,1,
dbo,TDEROGATOIREDONNEE,,48,dotations_25,money,8,19,4,1,
dbo,TDEROGATOIREDONNEE,,49,dotations_26,money,8,19,4,1,
dbo,TDEROGATOIREDONNEE,,50,dotations_27,money,8,19,4,1,
dbo,TDEROGATOIREDONNEE,,51,dotations_28,money,8,19,4,1,
dbo,TDEROGATOIREDONNEE,,52,dotations_29,money,8,19,4,1,
dbo,TDEROGATOIREDONNEE,,53,dotations_30,money,8,19,4,1,
dbo,TDEROGATOIREDONNEE,,54,dotations_31,money,8,19,4,1,
dbo,TDEROGATOIREDONNEE,,55,dotations_32,money,8,19,4,1,
dbo,TDEROGATOIREDONNEE,,56,dotations_33,money,8,19,4,1,
dbo,TDEROGATOIREDONNEE,,57,dotations_34,money,8,19,4,1,
dbo,TDEROGATOIREDONNEE,,58,dotations_35,money,8,19,4,1,
dbo,TDEROGATOIREDONNEE,,59,dotations_36,money,8,19,4,1,
dbo,TDEROGATOIREDONNEE,,60,dotations_37,money,8,19,4,1,
dbo,TDEROGATOIREDONNEE,,61,dotations_38,money,8,19,4,1,
dbo,TDEROGATOIREDONNEE,,62,dotations_39,money,8,19,4,1,
dbo,TDEROGATOIREDONNEE,,63,dotations_40,money,8,19,4,1,
dbo,TDEROGATOIREDONNEE,,64,dotations_41,money,8,19,4,1,
dbo,TDEROGATOIREDONNEE,,65,dotations_42,money,8,19,4,1,
dbo,TDEROGATOIREDONNEE,,66,dotations_43,money,8,19,4,1,
dbo,TDEROGATOIREDONNEE,,67,dotations_44,money,8,19,4,1,
dbo,TDEROGATOIREDONNEE,,68,dotations_45,money,8,19,4,1,
dbo,TDEROGATOIREDONNEE,,69,dotations_46,money,8,19,4,1,
dbo,TDEROGATOIREDONNEE,,70,dotations_47,money,8,19,4,1,
dbo,TDEROGATOIREDONNEE,,71,dotations_48,money,8,19,4,1,
dbo,TDEROGATOIREDONNEE,,72,dotations_49,money,8,19,4,1,
dbo,TDEROGATOIREDONNEE,,73,dotations_50,money,8,19,4,1,
dbo,TDEROGATOIREDONNEE,,74,idOTP,int,4,10,0,1,
dbo,TDEROGATOIREDONNEE,,75,oid,TOID,32,0,0,0,
dbo,TDEROGATOIREDONNEE,,76,oidDotationSup50,TOID,32,0,0,1,
dbo,TDEROGATOIREDONNEE,,77,oidReintegrationSup50,TOID,32,0,0,1,
dbo,TDEROGATOIREDONNEE,,78,reintegrationFu_0,money,8,19,4,1,
dbo,TDEROGATOIREDONNEE,,79,reintegrationFu_1,money,8,19,4,1,
dbo,TDEROGATOIREDONNEE,,80,reintegrationFu_2,money,8,19,4,1,
dbo,TDEROGATOIREDONNEE,,81,reintegrationFu_3,money,8,19,4,1,
dbo,TDEROGATOIREDONNEE,,82,reintegrationFu_4,money,8,19,4,1,
dbo,TDEROGATOIREDONNEE,,83,reintegrationFu_5,money,8,19,4,1,
dbo,TDEROGATOIREDONNEE,,84,reintegrationFu_6,money,8,19,4,1,
dbo,TDEROGATOIREDONNEE,,85,reintegrationFu_7,money,8,19,4,1,
dbo,TDEROGATOIREDONNEE,,86,reintegrationFu_8,money,8,19,4,1,
dbo,TDEROGATOIREDONNEE,,87,reintegrationFu_9,money,8,19,4,1,
dbo,TDEROGATOIREDONNEE,,88,reintegrationFu_10,money,8,19,4,1,
dbo,TDEROGATOIREDONNEE,,89,reintegrationPa_0,money,8,19,4,1,
dbo,TDEROGATOIREDONNEE,,90,reintegrationPa_1,money,8,19,4,1,
dbo,TDEROGATOIREDONNEE,,91,reintegrationPa_2,money,8,19,4,1,
dbo,TDEROGATOIREDONNEE,,92,reintegrationPa_3,money,8,19,4,1,
dbo,TDEROGATOIREDONNEE,,93,reintegrationPa_4,money,8,19,4,1,
dbo,TDEROGATOIREDONNEE,,94,reintegrationPa_5,money,8,19,4,1,
dbo,TDEROGATOIREDONNEE,,95,reintegrationPa_6,money,8,19,4,1,
dbo,TDEROGATOIREDONNEE,,96,reintegrationPa_7,money,8,19,4,1,
dbo,TDEROGATOIREDONNEE,,97,reintegrationPa_8,money,8,19,4,1,
dbo,TDEROGATOIREDONNEE,,98,reintegrationPa_9,money,8,19,4,1,
dbo,TDEROGATOIREDONNEE,,99,reintegrations_0,money,8,19,4,1,
dbo,TDEROGATOIREDONNEE,,100,reintegrations_1,money,8,19,4,1,
dbo,TDEROGATOIREDONNEE,,101,reintegrations_2,money,8,19,4,1,
dbo,TDEROGATOIREDONNEE,,102,reintegrations_3,money,8,19,4,1,
dbo,TDEROGATOIREDONNEE,,103,reintegrations_4,money,8,19,4,1,
dbo,TDEROGATOIREDONNEE,,104,reintegrations_5,money,8,19,4,1,
dbo,TDEROGATOIREDONNEE,,105,reintegrations_6,money,8,19,4,1,
dbo,TDEROGATOIREDONNEE,,106,reintegrations_7,money,8,19,4,1,
dbo,TDEROGATOIREDONNEE,,107,reintegrations_8,money,8,19,4,1,
dbo,TDEROGATOIREDONNEE,,108,reintegrations_9,money,8,19,4,1,
dbo,TDEROGATOIREDONNEE,,109,reintegrations_10,money,8,19,4,1,
dbo,TDEROGATOIREDONNEE,,110,reintegrations_11,money,8,19,4,1,
dbo,TDEROGATOIREDONNEE,,111,reintegrations_12,money,8,19,4,1,
dbo,TDEROGATOIREDONNEE,,112,reintegrations_13,money,8,19,4,1,
dbo,TDEROGATOIREDONNEE,,113,reintegrations_14,money,8,19,4,1,
dbo,TDEROGATOIREDONNEE,,114,reintegrations_15,money,8,19,4,1,
dbo,TDEROGATOIREDONNEE,,115,reintegrations_16,money,8,19,4,1,
dbo,TDEROGATOIREDONNEE,,116,reintegrations_17,money,8,19,4,1,
dbo,TDEROGATOIREDONNEE,,117,reintegrations_18,money,8,19,4,1,
dbo,TDEROGATOIREDONNEE,,118,reintegrations_19,money,8,19,4,1,
dbo,TDEROGATOIREDONNEE,,119,reintegrations_20,money,8,19,4,1,
dbo,TDEROGATOIREDONNEE,,120,reintegrations_21,money,8,19,4,1,
dbo,TDEROGATOIREDONNEE,,121,reintegrations_22,money,8,19,4,1,
dbo,TDEROGATOIREDONNEE,,122,reintegrations_23,money,8,19,4,1,
dbo,TDEROGATOIREDONNEE,,123,reintegrations_24,money,8,19,4,1,
dbo,TDEROGATOIREDONNEE,,124,reintegrations_25,money,8,19,4,1,
dbo,TDEROGATOIREDONNEE,,125,reintegrations_26,money,8,19,4,1,
dbo,TDEROGATOIREDONNEE,,126,reintegrations_27,money,8,19,4,1,
dbo,TDEROGATOIREDONNEE,,127,reintegrations_28,money,8,19,4,1,
dbo,TDEROGATOIREDONNEE,,128,reintegrations_29,money,8,19,4,1,
dbo,TDEROGATOIREDONNEE,,129,reintegrations_30,money,8,19,4,1,
dbo,TDEROGATOIREDONNEE,,130,reintegrations_31,money,8,19,4,1,
dbo,TDEROGATOIREDONNEE,,131,reintegrations_32,money,8,19,4,1,
dbo,TDEROGATOIREDONNEE,,132,reintegrations_33,money,8,19,4,1,
dbo,TDEROGATOIREDONNEE,,133,reintegrations_34,money,8,19,4,1,
dbo,TDEROGATOIREDONNEE,,134,reintegrations_35,money,8,19,4,1,
dbo,TDEROGATOIREDONNEE,,135,reintegrations_36,money,8,19,4,1,
dbo,TDEROGATOIREDONNEE,,136,reintegrations_37,money,8,19,4,1,
dbo,TDEROGATOIREDONNEE,,137,reintegrations_38,money,8,19,4,1,
dbo,TDEROGATOIREDONNEE,,138,reintegrations_39,money,8,19,4,1,
dbo,TDEROGATOIREDONNEE,,139,reintegrations_40,money,8,19,4,1,
dbo,TDEROGATOIREDONNEE,,140,reintegrations_41,money,8,19,4,1,
dbo,TDEROGATOIREDONNEE,,141,reintegrations_42,money,8,19,4,1,
dbo,TDEROGATOIREDONNEE,,142,reintegrations_43,money,8,19,4,1,
dbo,TDEROGATOIREDONNEE,,143,reintegrations_44,money,8,19,4,1,
dbo,TDEROGATOIREDONNEE,,144,reintegrations_45,money,8,19,4,1,
dbo,TDEROGATOIREDONNEE,,145,reintegrations_46,money,8,19,4,1,
dbo,TDEROGATOIREDONNEE,,146,reintegrations_47,money,8,19,4,1,
dbo,TDEROGATOIREDONNEE,,147,reintegrations_48,money,8,19,4,1,
dbo,TDEROGATOIREDONNEE,,148,reintegrations_49,money,8,19,4,1,
dbo,TDEROGATOIREDONNEE,,149,reintegrations_50,money,8,19,4,1,
dbo,TDEROGATOIREDONNEE,,150,UpdDate,datetime,8,23,3,1,
dbo,TDEROGATOIREDONNEE,,151,UpdStamp,char,16,0,0,1,
dbo,TDEROGATOIREDONNEE,,152,UpdUser,nvarchar,48,0,0,1,
dbo,TDESCIMPORTECRITURE,,1,Caption,nvarchar,256,0,0,1,
dbo,TDESCIMPORTECRITURE,,2,idOTP,int,4,10,0,1,
dbo,TDESCIMPORTECRITURE,,3,oid,TOID,32,0,0,0,
dbo,TDESCIMPORTECRITURE,,4,UpdDate,datetime,8,23,3,1,
dbo,TDESCIMPORTECRITURE,,5,UpdStamp,char,16,0,0,1,
dbo,TDESCIMPORTECRITURE,,6,UpdUser,nvarchar,48,0,0,1,
dbo,TDETAILANALYSEREGLEMENTS,,1,Caption,nvarchar,256,0,0,1,
dbo,TDETAILANALYSEREGLEMENTS,,2,codeModeReglement,nvarchar,256,0,0,1,
dbo,TDETAILANALYSEREGLEMENTS,,3,idOTP,int,4,10,0,1,
dbo,TDETAILANALYSEREGLEMENTS,,4,nbJMReglement,int,4,10,0,1,
dbo,TDETAILANALYSEREGLEMENTS,,5,nbJMRetFactNonReglees,int,4,10,0,1,
dbo,TDETAILANALYSEREGLEMENTS,,6,nbJMRetFactReglees,int,4,10,0,1,
dbo,TDETAILANALYSEREGLEMENTS,,7,nbJMRetToutesFact,int,4,10,0,1,
dbo,TDETAILANALYSEREGLEMENTS,,8,oid,TOID,32,0,0,0,
dbo,TDETAILANALYSEREGLEMENTS,,9,oidAnalyseReglements,TOID,32,0,0,1,
dbo,TDETAILANALYSEREGLEMENTS,,10,oidRoleTiers,TOID,32,0,0,1,
dbo,TDETAILANALYSEREGLEMENTS,,11,typeCollectif,smallint,2,5,0,1,
dbo,TDETAILANALYSEREGLEMENTS,,12,UpdDate,datetime,8,23,3,1,
dbo,TDETAILANALYSEREGLEMENTS,,13,UpdStamp,char,16,0,0,1,
dbo,TDETAILANALYSEREGLEMENTS,,14,UpdUser,nvarchar,48,0,0,1,
dbo,TDETAILANALYTIQUEIMMO,,1,Caption,nvarchar,256,0,0,1,
dbo,TDETAILANALYTIQUEIMMO,,2,idOTP,int,4,10,0,1,
dbo,TDETAILANALYTIQUEIMMO,,3,oid,TOID,32,0,0,0,
dbo,TDETAILANALYTIQUEIMMO,,4,oidConstitutionSection,TOID,32,0,0,1,
dbo,TDETAILANALYTIQUEIMMO,,5,oidPieceAnalytique,TOID,32,0,0,1,
dbo,TDETAILANALYTIQUEIMMO,,6,oidsectionAnalytique,TOID,32,0,0,1,
dbo,TDETAILANALYTIQUEIMMO,,7,pourcentageValide,float,8,53,0,1,
dbo,TDETAILANALYTIQUEIMMO,,8,pourcentageValide_Decimales,int,4,10,0,1,
dbo,TDETAILANALYTIQUEIMMO,,9,sectionValide,nvarchar,256,0,0,1,
dbo,TDETAILANALYTIQUEIMMO,,10,UpdDate,datetime,8,23,3,1,
dbo,TDETAILANALYTIQUEIMMO,,11,UpdStamp,char,16,0,0,1,
dbo,TDETAILANALYTIQUEIMMO,,12,UpdUser,nvarchar,48,0,0,1,
dbo,TDETAILANALYTIQUENF,,1,Caption,nvarchar,256,0,0,1,
dbo,TDETAILANALYTIQUENF,,2,codeAnalytique,nvarchar,256,0,0,1,
dbo,TDETAILANALYTIQUENF,,3,codeSection,nvarchar,256,0,0,1,
dbo,TDETAILANALYTIQUENF,,4,idOTP,int,4,10,0,1,
dbo,TDETAILANALYTIQUENF,,5,oid,TOID,32,0,0,0,
dbo,TDETAILANALYTIQUENF,,6,oidAxeAnalytique,TOID,32,0,0,1,
dbo,TDETAILANALYTIQUENF,,7,oidNoteFrais,TOID,32,0,0,1,
dbo,TDETAILANALYTIQUENF,,8,oidSectionAnalytique,TOID,32,0,0,1,
dbo,TDETAILANALYTIQUENF,,9,UpdDate,datetime,8,23,3,1,
dbo,TDETAILANALYTIQUENF,,10,UpdStamp,char,16,0,0,1,
dbo,TDETAILANALYTIQUENF,,11,UpdUser,nvarchar,48,0,0,1,
dbo,TDETAILANNULATIONBIEN,,1,Caption,nvarchar,256,0,0,1,
dbo,TDETAILANNULATIONBIEN,,2,eclatementStandard,bit,1,1,0,1,
dbo,TDETAILANNULATIONBIEN,,3,idOTP,int,4,10,0,1,
dbo,TDETAILANNULATIONBIEN,,4,oid,TOID,32,0,0,0,
dbo,TDETAILANNULATIONBIEN,,5,oidBienComptable,TOID,32,0,0,1,
dbo,TDETAILANNULATIONBIEN,,6,oidCompteCharge,TOID,32,0,0,1,
dbo,TDETAILANNULATIONBIEN,,7,oidpieceAnnulationBien,TOID,32,0,0,1,
dbo,TDETAILANNULATIONBIEN,,8,oidProfilTVACharge,TOID,32,0,0,1,
dbo,TDETAILANNULATIONBIEN,,9,oidProfilTVAImmo,TOID,32,0,0,1,
dbo,TDETAILANNULATIONBIEN,,10,UpdDate,datetime,8,23,3,1,
dbo,TDETAILANNULATIONBIEN,,11,UpdStamp,char,16,0,0,1,
dbo,TDETAILANNULATIONBIEN,,12,UpdUser,nvarchar,48,0,0,1,
dbo,TDETAILANNULATIONSCHEMA,,1,Caption,nvarchar,256,0,0,1,
dbo,TDETAILANNULATIONSCHEMA,,2,idOTP,int,4,10,0,1,
dbo,TDETAILANNULATIONSCHEMA,,3,oid,TOID,32,0,0,0,
dbo,TDETAILANNULATIONSCHEMA,,4,oidAmortissementBien,TOID,32,0,0,1,
dbo,TDETAILANNULATIONSCHEMA,,5,oiddetailAnnulationBien,TOID,32,0,0,1,
dbo,TDETAILANNULATIONSCHEMA,,6,totalAmtDeroExt,money,8,19,4,1,
dbo,TDETAILANNULATIONSCHEMA,,7,totalAmtDeroExt_CodeDevise,nvarchar,6,0,0,1,
dbo,TDETAILANNULATIONSCHEMA,,8,totalAmtExcptExt,money,8,19,4,1,
dbo,TDETAILANNULATIONSCHEMA,,9,totalAmtExcptExt_CodeDevise,nvarchar,6,0,0,1,
dbo,TDETAILANNULATIONSCHEMA,,10,totalAmtExploitExt,money,8,19,4,1,
dbo,TDETAILANNULATIONSCHEMA,,11,totalAmtExploitExt_CodeDevise,nvarchar,6,0,0,1,
dbo,TDETAILANNULATIONSCHEMA,,12,UpdDate,datetime,8,23,3,1,
dbo,TDETAILANNULATIONSCHEMA,,13,UpdStamp,char,16,0,0,1,
dbo,TDETAILANNULATIONSCHEMA,,14,UpdUser,nvarchar,48,0,0,1,
dbo,TDETAILBUDGETTVA,,1,baseTVADebit,money,8,19,4,1,
dbo,TDETAILBUDGETTVA,,2,baseTVADebit_CodeDevise,nvarchar,6,0,0,1,
dbo,TDETAILBUDGETTVA,,3,baseTVAEncais,money,8,19,4,1,
dbo,TDETAILBUDGETTVA,,4,baseTVAEncais_CodeDevise,nvarchar,6,0,0,1,
dbo,TDETAILBUDGETTVA,,5,Caption,nvarchar,256,0,0,1,
dbo,TDETAILBUDGETTVA,,6,idOTP,int,4,10,0,1,
dbo,TDETAILBUDGETTVA,,7,montantTVADebit,money,8,19,4,1,
dbo,TDETAILBUDGETTVA,,8,montantTVADebit_CodeDevise,nvarchar,6,0,0,1,
dbo,TDETAILBUDGETTVA,,9,montantTVAEncais,money,8,19,4,1,
dbo,TDETAILBUDGETTVA,,10,montantTVAEncais_CodeDevise,nvarchar,6,0,0,1,
dbo,TDETAILBUDGETTVA,,11,oid,TOID,32,0,0,0,
dbo,TDETAILBUDGETTVA,,12,oidElementBudgetPeriode,TOID,32,0,0,1,
dbo,TDETAILBUDGETTVA,,13,oidTVA,TOID,32,0,0,1,
dbo,TDETAILBUDGETTVA,,14,taux,float,8,53,0,1,
dbo,TDETAILBUDGETTVA,,15,taux_Decimales,int,4,10,0,1,
dbo,TDETAILBUDGETTVA,,16,UpdDate,datetime,8,23,3,1,
dbo,TDETAILBUDGETTVA,,17,UpdStamp,char,16,0,0,1,
dbo,TDETAILBUDGETTVA,,18,UpdUser,nvarchar,48,0,0,1,
dbo,TDETAILDECALAGE,,1,Caption,nvarchar,256,0,0,1,
dbo,TDETAILDECALAGE,,2,idOTP,int,4,10,0,1,
dbo,TDETAILDECALAGE,,3,nombreJours,int,4,10,0,1,
dbo,TDETAILDECALAGE,,4,nombrePeriode,int,4,10,0,1,
dbo,TDETAILDECALAGE,,5,oid,TOID,32,0,0,0,
dbo,TDETAILDECALAGE,,6,oidLoiDecalage,TOID,32,0,0,1,
dbo,TDETAILDECALAGE,,7,pourcentage,float,8,53,0,1,
dbo,TDETAILDECALAGE,,8,pourcentage_Decimales,int,4,10,0,1,
dbo,TDETAILDECALAGE,,9,UpdDate,datetime,8,23,3,1,
dbo,TDETAILDECALAGE,,10,UpdStamp,char,16,0,0,1,
dbo,TDETAILDECALAGE,,11,UpdUser,nvarchar,48,0,0,1,
dbo,TDETAILECRITUREBANCAIRE,,1,Caption,nvarchar,256,0,0,1,
dbo,TDETAILECRITUREBANCAIRE,,2,endToEnd,nvarchar,256,0,0,1,
dbo,TDETAILECRITUREBANCAIRE,,3,idOTP,int,4,10,0,1,
dbo,TDETAILECRITUREBANCAIRE,,4,numero,int,4,10,0,1,
dbo,TDETAILECRITUREBANCAIRE,,5,oid,TOID,32,0,0,0,
dbo,TDETAILECRITUREBANCAIRE,,6,oidEcritureBancaire,TOID,32,0,0,1,
dbo,TDETAILECRITUREBANCAIRE,,7,referenceTransaction,nvarchar,256,0,0,1,
dbo,TDETAILECRITUREBANCAIRE,,8,UpdDate,datetime,8,23,3,1,
dbo,TDETAILECRITUREBANCAIRE,,9,UpdStamp,char,16,0,0,1,
dbo,TDETAILECRITUREBANCAIRE,,10,UpdUser,nvarchar,48,0,0,1,
dbo,TDETAILECRITURECOMPTABLE,,1,baseHTProrata,money,8,19,4,1,
dbo,TDETAILECRITURECOMPTABLE,,2,baseHTProrata_CodeDevise,nvarchar,6,0,0,1,
dbo,TDETAILECRITURECOMPTABLE,,3,baseHTProrata_Date,datetime,8,23,3,1,
dbo,TDETAILECRITURECOMPTABLE,,4,baseHTProrata_TCConv,nvarchar,256,0,0,1,
dbo,TDETAILECRITURECOMPTABLE,,5,baseHTProrata_TCValue,money,8,19,4,1,
dbo,TDETAILECRITURECOMPTABLE,,6,baseHTProrata_RPConv,nvarchar,256,0,0,1,
dbo,TDETAILECRITURECOMPTABLE,,7,baseHTProrata_RPValue,money,8,19,4,1,
dbo,TDETAILECRITURECOMPTABLE,,8,Caption,nvarchar,256,0,0,1,
dbo,TDETAILECRITURECOMPTABLE,,9,codeProduit,nvarchar,256,0,0,1,
dbo,TDETAILECRITURECOMPTABLE,,10,commentaire,nvarchar,-1,0,0,1,
dbo,TDETAILECRITURECOMPTABLE,,11,estBienImmo,bit,1,1,0,1,
dbo,TDETAILECRITURECOMPTABLE,,12,excluImmo,bit,1,1,0,1,
dbo,TDETAILECRITURECOMPTABLE,,13,idBienComptable,nvarchar,256,0,0,1,
dbo,TDETAILECRITURECOMPTABLE,,14,idOTP,int,4,10,0,1,
dbo,TDETAILECRITURECOMPTABLE,,15,libelleProduit,nvarchar,256,0,0,1,
dbo,TDETAILECRITURECOMPTABLE,,16,montant,money,8,19,4,1,
dbo,TDETAILECRITURECOMPTABLE,,17,montant_CodeDevise,nvarchar,6,0,0,1,
dbo,TDETAILECRITURECOMPTABLE,,18,montant_Date,datetime,8,23,3,1,
dbo,TDETAILECRITURECOMPTABLE,,19,montant_TCConv,nvarchar,256,0,0,1,
dbo,TDETAILECRITURECOMPTABLE,,20,montant_TCValue,money,8,19,4,1,
dbo,TDETAILECRITURECOMPTABLE,,21,montant_RPConv,nvarchar,256,0,0,1,
dbo,TDETAILECRITURECOMPTABLE,,22,montant_RPValue,money,8,19,4,1,
dbo,TDETAILECRITURECOMPTABLE,,23,montantTVAReel,money,8,19,4,1,
dbo,TDETAILECRITURECOMPTABLE,,24,montantTVAReel_CodeDevise,nvarchar,6,0,0,1,
dbo,TDETAILECRITURECOMPTABLE,,25,montantTVAReel_Date,datetime,8,23,3,1,
dbo,TDETAILECRITURECOMPTABLE,,26,montantTVAReel_TCConv,nvarchar,256,0,0,1,
dbo,TDETAILECRITURECOMPTABLE,,27,montantTVAReel_TCValue,money,8,19,4,1,
dbo,TDETAILECRITURECOMPTABLE,,28,montantTVAReel_RPConv,nvarchar,256,0,0,1,
dbo,TDETAILECRITURECOMPTABLE,,29,montantTVAReel_RPValue,money,8,19,4,1,
dbo,TDETAILECRITURECOMPTABLE,,30,numLigne,int,4,10,0,1,
dbo,TDETAILECRITURECOMPTABLE,,31,numLigneFacture,int,4,10,0,1,
dbo,TDETAILECRITURECOMPTABLE,,32,oid,TOID,32,0,0,0,
dbo,TDETAILECRITURECOMPTABLE,,33,oidEcriture,TOID,32,0,0,1,
dbo,TDETAILECRITURECOMPTABLE,,34,quantite,float,8,53,0,1,
dbo,TDETAILECRITURECOMPTABLE,,35,quantite_Decimales,int,4,10,0,1,
dbo,TDETAILECRITURECOMPTABLE,,36,quantite_CodeUnit,nvarchar,64,0,0,1,
dbo,TDETAILECRITURECOMPTABLE,,37,referenceBien,nvarchar,256,0,0,1,
dbo,TDETAILECRITURECOMPTABLE,,38,regroupement,nvarchar,256,0,0,1,
dbo,TDETAILECRITURECOMPTABLE,,39,sens,smallint,2,5,0,1,
dbo,TDETAILECRITURECOMPTABLE,,40,traitementEcriture,smallint,2,5,0,1,
dbo,TDETAILECRITURECOMPTABLE,,41,UpdDate,datetime,8,23,3,1,
dbo,TDETAILECRITURECOMPTABLE,,42,UpdStamp,char,16,0,0,1,
dbo,TDETAILECRITURECOMPTABLE,,43,UpdUser,nvarchar,48,0,0,1,
dbo,TDETAILMODELEORDREPAIEMENT,,1,Caption,nvarchar,256,0,0,1,
dbo,TDETAILMODELEORDREPAIEMENT,,2,idOTP,int,4,10,0,1,
dbo,TDETAILMODELEORDREPAIEMENT,,3,montant,money,8,19,4,1,
dbo,TDETAILMODELEORDREPAIEMENT,,4,montant_CodeDevise,nvarchar,6,0,0,1,
dbo,TDETAILMODELEORDREPAIEMENT,,5,natureTiers,smallint,2,5,0,1,
dbo,TDETAILMODELEORDREPAIEMENT,,6,oid,TOID,32,0,0,0,
dbo,TDETAILMODELEORDREPAIEMENT,,7,oidcompteBancaire,TOID,32,0,0,1,
dbo,TDETAILMODELEORDREPAIEMENT,,8,oidmodeleOrdrePaiement,TOID,32,0,0,1,
dbo,TDETAILMODELEORDREPAIEMENT,,9,oidroleTiers,TOID,32,0,0,1,
dbo,TDETAILMODELEORDREPAIEMENT,,10,oidtypeRemiseBanque,TOID,32,0,0,1,
dbo,TDETAILMODELEORDREPAIEMENT,,11,reference,nvarchar,256,0,0,1,
dbo,TDETAILMODELEORDREPAIEMENT,,12,UpdDate,datetime,8,23,3,1,
dbo,TDETAILMODELEORDREPAIEMENT,,13,UpdStamp,char,16,0,0,1,
dbo,TDETAILMODELEORDREPAIEMENT,,14,UpdUser,nvarchar,48,0,0,1,
dbo,TDETAILREGULARISATION,,1,Caption,nvarchar,256,0,0,1,
dbo,TDETAILREGULARISATION,,2,coefAdmission,float,8,53,0,1,
dbo,TDETAILREGULARISATION,,3,coefAdmission_Decimales,int,4,10,0,1,
dbo,TDETAILREGULARISATION,,4,coefAssujettissement,float,8,53,0,1,
dbo,TDETAILREGULARISATION,,5,coefAssujettissement_Decimales,int,4,10,0,1,
dbo,TDETAILREGULARISATION,,6,coefDeduction,float,8,53,0,1,
dbo,TDETAILREGULARISATION,,7,coefDeduction_Decimales,int,4,10,0,1,
dbo,TDETAILREGULARISATION,,8,coefTaxation,float,8,53,0,1,
dbo,TDETAILREGULARISATION,,9,coefTaxation_Decimales,int,4,10,0,1,
dbo,TDETAILREGULARISATION,,10,idOTP,int,4,10,0,1,
dbo,TDETAILREGULARISATION,,11,montantTVADeductible,money,8,19,4,1,
dbo,TDETAILREGULARISATION,,12,montantTVADeductible_CodeDevis,nvarchar,6,0,0,1,
dbo,TDETAILREGULARISATION,,13,montantTVAFacture,money,8,19,4,1,
dbo,TDETAILREGULARISATION,,14,montantTVAFacture_CodeDevise,nvarchar,6,0,0,1,
dbo,TDETAILREGULARISATION,,15,mtRegularisation,money,8,19,4,1,
dbo,TDETAILREGULARISATION,,16,mtRegularisation_CodeDevise,nvarchar,6,0,0,1,
dbo,TDETAILREGULARISATION,,17,mtTVADeductibleOrigine,money,8,19,4,1,
dbo,TDETAILREGULARISATION,,18,mtTVADeductibleOrigine_CodeDev,nvarchar,6,0,0,1,
dbo,TDETAILREGULARISATION,,19,oid,TOID,32,0,0,0,
dbo,TDETAILREGULARISATION,,20,oidDonneeBienTVA,TOID,32,0,0,1,
dbo,TDETAILREGULARISATION,,21,oidPieceRegularisationTVA,TOID,32,0,0,1,
dbo,TDETAILREGULARISATION,,22,reversementTVA,money,8,19,4,1,
dbo,TDETAILREGULARISATION,,23,reversementTVA_CodeDevise,nvarchar,6,0,0,1,
dbo,TDETAILREGULARISATION,,24,UpdDate,datetime,8,23,3,1,
dbo,TDETAILREGULARISATION,,25,UpdStamp,char,16,0,0,1,
dbo,TDETAILREGULARISATION,,26,UpdUser,nvarchar,48,0,0,1,
dbo,TDETAILREGULARISATION,,27,variationCoef,float,8,53,0,1,
dbo,TDETAILREGULARISATION,,28,variationCoef_Decimales,int,4,10,0,1,
dbo,TDETAILREMISE,,1,BIC,nvarchar,256,0,0,1,
dbo,TDETAILREMISE,,2,Caption,nvarchar,256,0,0,1,
dbo,TDETAILREMISE,,3,dateCreation,datetime,8,23,3,1,
dbo,TDETAILREMISE,,4,dateEch,datetime,8,23,3,1,
dbo,TDETAILREMISE,,5,domiciliationBancaire,nvarchar,256,0,0,1,
dbo,TDETAILREMISE,,6,estContratChange,bit,1,1,0,1,
dbo,TDETAILREMISE,,7,idOTP,int,4,10,0,1,
dbo,TDETAILREMISE,,8,modeExpressionDevise,smallint,2,5,0,1,
dbo,TDETAILREMISE,,9,montant,money,8,19,4,1,
dbo,TDETAILREMISE,,10,montant_CodeDevise,nvarchar,6,0,0,1,
dbo,TDETAILREMISE,,11,montantTenue,money,8,19,4,1,
dbo,TDETAILREMISE,,12,montantTenue_CodeDevise,nvarchar,6,0,0,1,
dbo,TDETAILREMISE,,13,oid,TOID,32,0,0,0,
dbo,TDETAILREMISE,,14,oidDeviseTransfert,TOID,32,0,0,1,
dbo,TDETAILREMISE,,15,oidRemiseBancaire,TOID,32,0,0,1,
dbo,TDETAILREMISE,,16,pourCumulNbreDetailRemise,int,4,10,0,1,
dbo,TDETAILREMISE,,17,raisonSociale,nvarchar,256,0,0,1,
dbo,TDETAILREMISE,,18,rang,smallint,2,5,0,1,
dbo,TDETAILREMISE,,19,reference,nvarchar,256,0,0,1,
dbo,TDETAILREMISE,,20,referenceContrat,nvarchar,256,0,0,1,
dbo,TDETAILREMISE,,21,referenceMandat,nvarchar,256,0,0,1,
dbo,TDETAILREMISE,,22,RIB,nvarchar,256,0,0,1,
dbo,TDETAILREMISE,,23,tauxContrat,float,8,53,0,1,
dbo,TDETAILREMISE,,24,tauxContrat_Decimales,int,4,10,0,1,
dbo,TDETAILREMISE,,25,UpdDate,datetime,8,23,3,1,
dbo,TDETAILREMISE,,26,UpdStamp,char,16,0,0,1,
dbo,TDETAILREMISE,,27,UpdUser,nvarchar,48,0,0,1,
dbo,TDETAILREPARTITION,,1,Caption,nvarchar,256,0,0,1,
dbo,TDETAILREPARTITION,,2,coefficient,float,8,53,0,1,
dbo,TDETAILREPARTITION,,3,coefficient_Decimales,int,4,10,0,1,
dbo,TDETAILREPARTITION,,4,idOTP,int,4,10,0,1,
dbo,TDETAILREPARTITION,,5,numeroPeriode,int,4,10,0,1,
dbo,TDETAILREPARTITION,,6,oid,TOID,32,0,0,0,
dbo,TDETAILREPARTITION,,7,oidLoiRepartitionPeriodique,TOID,32,0,0,1,
dbo,TDETAILREPARTITION,,8,pourcentage,float,8,53,0,1,
dbo,TDETAILREPARTITION,,9,pourcentage_Decimales,int,4,10,0,1,
dbo,TDETAILREPARTITION,,10,UpdDate,datetime,8,23,3,1,
dbo,TDETAILREPARTITION,,11,UpdStamp,char,16,0,0,1,
dbo,TDETAILREPARTITION,,12,UpdUser,nvarchar,48,0,0,1,
dbo,TDETAILSTRUCTURECOMPTE,,1,alignement,smallint,2,5,0,1,
dbo,TDETAILSTRUCTURECOMPTE,,2,Caption,nvarchar,256,0,0,1,
dbo,TDETAILSTRUCTURECOMPTE,,3,charRemplissage,nvarchar,256,0,0,1,
dbo,TDETAILSTRUCTURECOMPTE,,4,code,nvarchar,256,0,0,1,
dbo,TDETAILSTRUCTURECOMPTE,,5,ctrlUnicite,bit,1,1,0,1,
dbo,TDETAILSTRUCTURECOMPTE,,6,existant,bit,1,1,0,1,
dbo,TDETAILSTRUCTURECOMPTE,,7,idOTP,int,4,10,0,1,
dbo,TDETAILSTRUCTURECOMPTE,,8,idxDetail,int,4,10,0,1,
dbo,TDETAILSTRUCTURECOMPTE,,9,longueurMax,int,4,10,0,1,
dbo,TDETAILSTRUCTURECOMPTE,,10,longueurMin,int,4,10,0,1,
dbo,TDETAILSTRUCTURECOMPTE,,11,oid,TOID,32,0,0,0,
dbo,TDETAILSTRUCTURECOMPTE,,12,oidStructureCompteBancaire,TOID,32,0,0,1,
dbo,TDETAILSTRUCTURECOMPTE,,13,ordre,int,4,10,0,1,
dbo,TDETAILSTRUCTURECOMPTE,,14,UpdDate,datetime,8,23,3,1,
dbo,TDETAILSTRUCTURECOMPTE,,15,UpdStamp,char,16,0,0,1,
dbo,TDETAILSTRUCTURECOMPTE,,16,UpdUser,nvarchar,48,0,0,1,
dbo,TDEVERSEMENTANALYTIQUE,,1,Caption,nvarchar,256,0,0,1,
dbo,TDEVERSEMENTANALYTIQUE,,2,EstDeversementModele,bit,1,1,0,1,
dbo,TDEVERSEMENTANALYTIQUE,,3,idOTP,int,4,10,0,1,
dbo,TDEVERSEMENTANALYTIQUE,,4,oid,TOID,32,0,0,0,
dbo,TDEVERSEMENTANALYTIQUE,,5,oidAgregatPositionGroupe,TOID,32,0,0,1,
dbo,TDEVERSEMENTANALYTIQUE,,6,oidbaseCalcul,TOID,32,0,0,1,
dbo,TDEVERSEMENTANALYTIQUE,,7,oiddernierePeriodeDeversee,TOID,32,0,0,1,
dbo,TDEVERSEMENTANALYTIQUE,,8,oidDeversementModele,TOID,32,0,0,1,
dbo,TDEVERSEMENTANALYTIQUE,,9,oidEspaceAnalytique,TOID,32,0,0,1,
dbo,TDEVERSEMENTANALYTIQUE,,10,oidGroupeDeversement,TOID,32,0,0,1,
dbo,TDEVERSEMENTANALYTIQUE,,11,oidmodaliteRepartition,TOID,32,0,0,1,
dbo,TDEVERSEMENTANALYTIQUE,,12,oidPointADeverser,TOID,32,0,0,1,
dbo,TDEVERSEMENTANALYTIQUE,,13,oidPositionGroupe,TOID,32,0,0,1,
dbo,TDEVERSEMENTANALYTIQUE,,14,pourcentageADeverser,float,8,53,0,1,
dbo,TDEVERSEMENTANALYTIQUE,,15,pourcentageADeverser_Decimales,int,4,10,0,1,
dbo,TDEVERSEMENTANALYTIQUE,,16,prixStandard,money,8,19,4,1,
dbo,TDEVERSEMENTANALYTIQUE,,17,prixStandard_CodeDevise,nvarchar,6,0,0,1,
dbo,TDEVERSEMENTANALYTIQUE,,18,UpdDate,datetime,8,23,3,1,
dbo,TDEVERSEMENTANALYTIQUE,,19,UpdStamp,char,16,0,0,1,
dbo,TDEVERSEMENTANALYTIQUE,,20,UpdUser,nvarchar,48,0,0,1,
dbo,TDEVERSEMENTDESTINATION,,1,Caption,nvarchar,256,0,0,1,
dbo,TDEVERSEMENTDESTINATION,,2,idOTP,int,4,10,0,1,
dbo,TDEVERSEMENTDESTINATION,,3,montant,money,8,19,4,1,
dbo,TDEVERSEMENTDESTINATION,,4,montant_CodeDevise,nvarchar,6,0,0,1,
dbo,TDEVERSEMENTDESTINATION,,5,oid,TOID,32,0,0,0,
dbo,TDEVERSEMENTDESTINATION,,6,oidDeversementAnalytique,TOID,32,0,0,1,
dbo,TDEVERSEMENTDESTINATION,,7,oidpointDestination,TOID,32,0,0,1,
dbo,TDEVERSEMENTDESTINATION,,8,pourcentage,float,8,53,0,1,
dbo,TDEVERSEMENTDESTINATION,,9,pourcentage_Decimales,int,4,10,0,1,
dbo,TDEVERSEMENTDESTINATION,,10,quantite,float,8,53,0,1,
dbo,TDEVERSEMENTDESTINATION,,11,UpdDate,datetime,8,23,3,1,
dbo,TDEVERSEMENTDESTINATION,,12,UpdStamp,char,16,0,0,1,
dbo,TDEVERSEMENTDESTINATION,,13,UpdUser,nvarchar,48,0,0,1,
dbo,TDIMENSIONANALYTIQUE,,1,Caption,nvarchar,256,0,0,1,
dbo,TDIMENSIONANALYTIQUE,,2,code,nvarchar,256,0,0,1,
dbo,TDIMENSIONANALYTIQUE,,3,commentaire,nvarchar,-1,0,0,1,
dbo,TDIMENSIONANALYTIQUE,,4,idOTP,int,4,10,0,1,
dbo,TDIMENSIONANALYTIQUE,,5,oid,TOID,32,0,0,0,
dbo,TDIMENSIONANALYTIQUE,,6,UpdDate,datetime,8,23,3,1,
dbo,TDIMENSIONANALYTIQUE,,7,UpdStamp,char,16,0,0,1,
dbo,TDIMENSIONANALYTIQUE,,8,UpdUser,nvarchar,48,0,0,1,
dbo,TDIMENSIONANALYTIQUE,,9,ConfirmDuplication,bit,1,1,0,1,
dbo,TDIMENSIONANALYTIQUE,,10,oidpositionReference,TOID,32,0,0,1,
dbo,TDIMENSIONANALYTIQUE,,11,typeCentre,smallint,2,5,0,1,
dbo,TDIMENSIONGROUPE,,1,Caption,nvarchar,256,0,0,1,
dbo,TDIMENSIONGROUPE,,2,code,nvarchar,256,0,0,1,
dbo,TDIMENSIONGROUPE,,3,commentaire,nvarchar,-1,0,0,1,
dbo,TDIMENSIONGROUPE,,4,idOTP,int,4,10,0,1,
dbo,TDIMENSIONGROUPE,,5,oid,TOID,32,0,0,0,
dbo,TDIMENSIONGROUPE,,6,UpdDate,datetime,8,23,3,1,
dbo,TDIMENSIONGROUPE,,7,UpdStamp,char,16,0,0,1,
dbo,TDIMENSIONGROUPE,,8,UpdUser,nvarchar,48,0,0,1,
dbo,TDIMENSIONGROUPE,,9,consolidation,bit,1,1,0,1,
dbo,TDIMENSIONGROUPE,,10,dateModification,datetime,8,23,3,1,
dbo,TDIMENSIONGROUPE,,11,estModifiable,bit,1,1,0,1,
dbo,TDIMENSIONGROUPE,,12,oidNatureResultat,TOID,32,0,0,1,
dbo,TDIMENSIONSOCIETE,,1,Caption,nvarchar,256,0,0,1,
dbo,TDIMENSIONSOCIETE,,2,code,nvarchar,256,0,0,1,
dbo,TDIMENSIONSOCIETE,,3,commentaire,nvarchar,-1,0,0,1,
dbo,TDIMENSIONSOCIETE,,4,idOTP,int,4,10,0,1,
dbo,TDIMENSIONSOCIETE,,5,oid,TOID,32,0,0,0,
dbo,TDIMENSIONSOCIETE,,6,UpdDate,datetime,8,23,3,1,
dbo,TDIMENSIONSOCIETE,,7,UpdStamp,char,16,0,0,1,
dbo,TDIMENSIONSOCIETE,,8,UpdUser,nvarchar,48,0,0,1,
dbo,TDIMENSIONTEMPS,,1,Caption,nvarchar,256,0,0,1,
dbo,TDIMENSIONTEMPS,,2,code,nvarchar,256,0,0,1,
dbo,TDIMENSIONTEMPS,,3,commentaire,nvarchar,-1,0,0,1,
dbo,TDIMENSIONTEMPS,,4,idOTP,int,4,10,0,1,
dbo,TDIMENSIONTEMPS,,5,oid,TOID,32,0,0,0,
dbo,TDIMENSIONTEMPS,,6,UpdDate,datetime,8,23,3,1,
dbo,TDIMENSIONTEMPS,,7,UpdStamp,char,16,0,0,1,
dbo,TDIMENSIONTEMPS,,8,UpdUser,nvarchar,48,0,0,1,
dbo,TDIMENSIONTEMPS,,9,dateDebut,datetime,8,23,3,1,
dbo,TDIMENSIONTEMPS,,10,dateFin,datetime,8,23,3,1,
dbo,TDIMENSIONTEMPS,,11,nombreUniteTemps,int,4,10,0,1,
dbo,TDIMENSIONTEMPS,,12,uniteTemps,smallint,2,5,0,1,
dbo,TDOCUMENTCOMMERCIAL,,1,Caption,nvarchar,256,0,0,1,
dbo,TDOCUMENTCOMMERCIAL,,2,dateCreation,datetime,8,23,3,1,
dbo,TDOCUMENTCOMMERCIAL,,3,idOTP,int,4,10,0,1,
dbo,TDOCUMENTCOMMERCIAL,,4,montantDu,money,8,19,4,1,
dbo,TDOCUMENTCOMMERCIAL,,5,montantDu_CodeDevise,nvarchar,6,0,0,1,
dbo,TDOCUMENTCOMMERCIAL,,6,montantVerse,money,8,19,4,1,
dbo,TDOCUMENTCOMMERCIAL,,7,montantVerse_CodeDevise,nvarchar,6,0,0,1,
dbo,TDOCUMENTCOMMERCIAL,,8,numeroPiece,nvarchar,510,0,0,1,
dbo,TDOCUMENTCOMMERCIAL,,9,oid,TOID,32,0,0,0,
dbo,TDOCUMENTCOMMERCIAL,,10,oidVirementCommercial,TOID,32,0,0,1,
dbo,TDOCUMENTCOMMERCIAL,,11,qualifiantNumeroPiece,nvarchar,256,0,0,1,
dbo,TDOCUMENTCOMMERCIAL,,12,RefBF,nvarchar,510,0,0,1,
dbo,TDOCUMENTCOMMERCIAL,,13,RefDO,nvarchar,510,0,0,1,
dbo,TDOCUMENTCOMMERCIAL,,14,typeDocumentCommercial,smallint,2,5,0,1,
dbo,TDOCUMENTCOMMERCIAL,,15,UpdDate,datetime,8,23,3,1,
dbo,TDOCUMENTCOMMERCIAL,,16,UpdStamp,char,16,0,0,1,
dbo,TDOCUMENTCOMMERCIAL,,17,UpdUser,nvarchar,48,0,0,1,
dbo,TDOCUMENTCOMPTABLE,,1,Caption,nvarchar,256,0,0,1,
dbo,TDOCUMENTCOMPTABLE,,2,codeDevise,nvarchar,256,0,0,1,
dbo,TDOCUMENTCOMPTABLE,,3,codificationEmetteur,smallint,2,5,0,1,
dbo,TDOCUMENTCOMPTABLE,,4,codificationImport,smallint,2,5,0,1,
dbo,TDOCUMENTCOMPTABLE,,5,codificationReceveur,smallint,2,5,0,1,
dbo,TDOCUMENTCOMPTABLE,,6,comptabilise,bit,1,1,0,1,
dbo,TDOCUMENTCOMPTABLE,,7,coursDevise,money,8,19,4,1,
dbo,TDOCUMENTCOMPTABLE,,8,coursDevise_CodeDevise,nvarchar,6,0,0,1,
dbo,TDOCUMENTCOMPTABLE,,9,coursDevise_Date,datetime,8,23,3,1,
dbo,TDOCUMENTCOMPTABLE,,10,coursDevise_TCConv,nvarchar,256,0,0,1,
dbo,TDOCUMENTCOMPTABLE,,11,coursDevise_TCValue,money,8,19,4,1,
dbo,TDOCUMENTCOMPTABLE,,12,coursDevise_RPConv,nvarchar,256,0,0,1,
dbo,TDOCUMENTCOMPTABLE,,13,coursDevise_RPValue,money,8,19,4,1,
dbo,TDOCUMENTCOMPTABLE,,14,coursNegocie,bit,1,1,0,1,
dbo,TDOCUMENTCOMPTABLE,,15,dDate,datetime,8,23,3,1,
dbo,TDOCUMENTCOMPTABLE,,16,edite,datetime,8,23,3,1,
dbo,TDOCUMENTCOMPTABLE,,17,etablissementEmetteur,nvarchar,256,0,0,1,
dbo,TDOCUMENTCOMPTABLE,,18,etablissementReceveur,nvarchar,256,0,0,1,
dbo,TDOCUMENTCOMPTABLE,,19,idOTP,int,4,10,0,1,
dbo,TDOCUMENTCOMPTABLE,,20,montantHT,money,8,19,4,1,
dbo,TDOCUMENTCOMPTABLE,,21,montantHT_CodeDevise,nvarchar,6,0,0,1,
dbo,TDOCUMENTCOMPTABLE,,22,montantHT_Date,datetime,8,23,3,1,
dbo,TDOCUMENTCOMPTABLE,,23,montantHT_TCConv,nvarchar,256,0,0,1,
dbo,TDOCUMENTCOMPTABLE,,24,montantHT_TCValue,money,8,19,4,1,
dbo,TDOCUMENTCOMPTABLE,,25,montantHT_RPConv,nvarchar,256,0,0,1,
dbo,TDOCUMENTCOMPTABLE,,26,montantHT_RPValue,money,8,19,4,1,
dbo,TDOCUMENTCOMPTABLE,,27,montantlTaxe,money,8,19,4,1,
dbo,TDOCUMENTCOMPTABLE,,28,montantlTaxe_CodeDevise,nvarchar,6,0,0,1,
dbo,TDOCUMENTCOMPTABLE,,29,montantlTaxe_Date,datetime,8,23,3,1,
dbo,TDOCUMENTCOMPTABLE,,30,montantlTaxe_TCConv,nvarchar,256,0,0,1,
dbo,TDOCUMENTCOMPTABLE,,31,montantlTaxe_TCValue,money,8,19,4,1,
dbo,TDOCUMENTCOMPTABLE,,32,montantlTaxe_RPConv,nvarchar,256,0,0,1,
dbo,TDOCUMENTCOMPTABLE,,33,montantlTaxe_RPValue,money,8,19,4,1,
dbo,TDOCUMENTCOMPTABLE,,34,montantTTC,money,8,19,4,1,
dbo,TDOCUMENTCOMPTABLE,,35,montantTTC_CodeDevise,nvarchar,6,0,0,1,
dbo,TDOCUMENTCOMPTABLE,,36,montantTTC_Date,datetime,8,23,3,1,
dbo,TDOCUMENTCOMPTABLE,,37,montantTTC_TCConv,nvarchar,256,0,0,1,
dbo,TDOCUMENTCOMPTABLE,,38,montantTTC_TCValue,money,8,19,4,1,
dbo,TDOCUMENTCOMPTABLE,,39,montantTTC_RPConv,nvarchar,256,0,0,1,
dbo,TDOCUMENTCOMPTABLE,,40,montantTTC_RPValue,money,8,19,4,1,
dbo,TDOCUMENTCOMPTABLE,,41,motifRefus,nvarchar,256,0,0,1,
dbo,TDOCUMENTCOMPTABLE,,42,natureCommerciale,smallint,2,5,0,1,
dbo,TDOCUMENTCOMPTABLE,,43,noPiece,nvarchar,64,0,0,1,
dbo,TDOCUMENTCOMPTABLE,,44,noPiece_CounterName,nvarchar,64,0,0,1,
dbo,TDOCUMENTCOMPTABLE,,45,noTraitement,int,4,10,0,1,
dbo,TDOCUMENTCOMPTABLE,,46,oid,TOID,32,0,0,0,
dbo,TDOCUMENTCOMPTABLE,,47,oidcompteCollectif,TOID,32,0,0,1,
dbo,TDOCUMENTCOMPTABLE,,48,oiddevise,TOID,32,0,0,1,
dbo,TDOCUMENTCOMPTABLE,,49,oidetablissementFacturant,TOID,32,0,0,1,
dbo,TDOCUMENTCOMPTABLE,,50,oidetablissementFacture,TOID,32,0,0,1,
dbo,TDOCUMENTCOMPTABLE,,51,oidjournal,TOID,32,0,0,1,
dbo,TDOCUMENTCOMPTABLE,,52,oidroleTiersEmetteur,TOID,32,0,0,1,
dbo,TDOCUMENTCOMPTABLE,,53,oidroleTiersRecepteur,TOID,32,0,0,1,
dbo,TDOCUMENTCOMPTABLE,,54,oidSessionImportation,TOID,32,0,0,1,
dbo,TDOCUMENTCOMPTABLE,,55,oidTicketEDI,TOID,32,0,0,1,
dbo,TDOCUMENTCOMPTABLE,,56,oidtypePiece,TOID,32,0,0,1,
dbo,TDOCUMENTCOMPTABLE,,57,origine,smallint,2,5,0,1,
dbo,TDOCUMENTCOMPTABLE,,58,referenceExterne,nvarchar,256,0,0,1,
dbo,TDOCUMENTCOMPTABLE,,59,refuse,bit,1,1,0,1,
dbo,TDOCUMENTCOMPTABLE,,60,roleTiersFacture,nvarchar,256,0,0,1,
dbo,TDOCUMENTCOMPTABLE,,61,typeDocument,smallint,2,5,0,1,
dbo,TDOCUMENTCOMPTABLE,,62,UpdDate,datetime,8,23,3,1,
dbo,TDOCUMENTCOMPTABLE,,63,UpdStamp,char,16,0,0,1,
dbo,TDOCUMENTCOMPTABLE,,64,UpdUser,nvarchar,48,0,0,1,
dbo,TDOCUMENTCOMPTABLE,,65,valide,bit,1,1,0,1,
dbo,TDOCUMENTCOMPTABLE,,66,avoir,bit,1,1,0,1,
dbo,TDOCUMENTCOMPTABLE,,67,commande,nvarchar,256,0,0,1,
dbo,TDOCUMENTCOMPTABLE,,68,oidEcheancement,TOID,32,0,0,1,
dbo,TDOCUMENTDETAIL,,1,avoir,bit,1,1,0,1,
dbo,TDOCUMENTDETAIL,,2,Caption,nvarchar,256,0,0,1,
dbo,TDOCUMENTDETAIL,,3,codeProduit,nvarchar,256,0,0,1,
dbo,TDOCUMENTDETAIL,,4,codeTVA,nvarchar,256,0,0,1,
dbo,TDOCUMENTDETAIL,,5,coefAdmission,float,8,53,0,1,
dbo,TDOCUMENTDETAIL,,6,coefAdmission_Decimales,int,4,10,0,1,
dbo,TDOCUMENTDETAIL,,7,coefAssujettissement,float,8,53,0,1,
dbo,TDOCUMENTDETAIL,,8,coefAssujettissement_Decimales,int,4,10,0,1,
dbo,TDOCUMENTDETAIL,,9,coefDeduction,float,8,53,0,1,
dbo,TDOCUMENTDETAIL,,10,coefDeduction_Decimales,int,4,10,0,1,
dbo,TDOCUMENTDETAIL,,11,Coefficient,float,8,53,0,1,
dbo,TDOCUMENTDETAIL,,12,Coefficient_Decimales,int,4,10,0,1,
dbo,TDOCUMENTDETAIL,,13,coefTaxation,float,8,53,0,1,
dbo,TDOCUMENTDETAIL,,14,coefTaxation_Decimales,int,4,10,0,1,
dbo,TDOCUMENTDETAIL,,15,commentaire,bit,1,1,0,1,
dbo,TDOCUMENTDETAIL,,16,designation,nvarchar,256,0,0,1,
dbo,TDOCUMENTDETAIL,,17,estBienImmo,bit,1,1,0,1,
dbo,TDOCUMENTDETAIL,,18,excluImmo,bit,1,1,0,1,
dbo,TDOCUMENTDETAIL,,19,idBienComptable,nvarchar,256,0,0,1,
dbo,TDOCUMENTDETAIL,,20,idOTP,int,4,10,0,1,
dbo,TDOCUMENTDETAIL,,21,montant,money,8,19,4,1,
dbo,TDOCUMENTDETAIL,,22,montant_CodeDevise,nvarchar,6,0,0,1,
dbo,TDOCUMENTDETAIL,,23,montant_Date,datetime,8,23,3,1,
dbo,TDOCUMENTDETAIL,,24,montant_TCConv,nvarchar,256,0,0,1,
dbo,TDOCUMENTDETAIL,,25,montant_TCValue,money,8,19,4,1,
dbo,TDOCUMENTDETAIL,,26,montant_RPConv,nvarchar,256,0,0,1,
dbo,TDOCUMENTDETAIL,,27,montant_RPValue,money,8,19,4,1,
dbo,TDOCUMENTDETAIL,,28,montantHT,money,8,19,4,1,
dbo,TDOCUMENTDETAIL,,29,montantHT_CodeDevise,nvarchar,6,0,0,1,
dbo,TDOCUMENTDETAIL,,30,montantHT_Date,datetime,8,23,3,1,
dbo,TDOCUMENTDETAIL,,31,montantHT_TCConv,nvarchar,256,0,0,1,
dbo,TDOCUMENTDETAIL,,32,montantHT_TCValue,money,8,19,4,1,
dbo,TDOCUMENTDETAIL,,33,montantHT_RPConv,nvarchar,256,0,0,1,
dbo,TDOCUMENTDETAIL,,34,montantHT_RPValue,money,8,19,4,1,
dbo,TDOCUMENTDETAIL,,35,montantTVAReel,money,8,19,4,1,
dbo,TDOCUMENTDETAIL,,36,montantTVAReel_CodeDevise,nvarchar,6,0,0,1,
dbo,TDOCUMENTDETAIL,,37,montantTVAReel_Date,datetime,8,23,3,1,
dbo,TDOCUMENTDETAIL,,38,montantTVAReel_TCConv,nvarchar,256,0,0,1,
dbo,TDOCUMENTDETAIL,,39,montantTVAReel_TCValue,money,8,19,4,1,
dbo,TDOCUMENTDETAIL,,40,montantTVAReel_RPConv,nvarchar,256,0,0,1,
dbo,TDOCUMENTDETAIL,,41,montantTVAReel_RPValue,money,8,19,4,1,
dbo,TDOCUMENTDETAIL,,42,natureDetail,smallint,2,5,0,1,
dbo,TDOCUMENTDETAIL,,43,numeroLigne,int,4,10,0,1,
dbo,TDOCUMENTDETAIL,,44,oid,TOID,32,0,0,0,
dbo,TDOCUMENTDETAIL,,45,oidCoefficientAdmission,TOID,32,0,0,1,
dbo,TDOCUMENTDETAIL,,46,oidcompteGeneral,TOID,32,0,0,1,
dbo,TDOCUMENTDETAIL,,47,oidDocumentFacture,TOID,32,0,0,1,
dbo,TDOCUMENTDETAIL,,48,oiddocumentTaxe,TOID,32,0,0,1,
dbo,TDOCUMENTDETAIL,,49,oidProfilTVA,TOID,32,0,0,1,
dbo,TDOCUMENTDETAIL,,50,oidsecteurActivite,TOID,32,0,0,1,
dbo,TDOCUMENTDETAIL,,51,quantite,float,8,53,0,1,
dbo,TDOCUMENTDETAIL,,52,quantite_Decimales,int,4,10,0,1,
dbo,TDOCUMENTDETAIL,,53,quantite_CodeUnit,nvarchar,64,0,0,1,
dbo,TDOCUMENTDETAIL,,54,referenceBien,nvarchar,256,0,0,1,
dbo,TDOCUMENTDETAIL,,55,regroupement,nvarchar,256,0,0,1,
dbo,TDOCUMENTDETAIL,,56,sens,smallint,2,5,0,1,
dbo,TDOCUMENTDETAIL,,57,tauxTVA,float,8,53,0,1,
dbo,TDOCUMENTDETAIL,,58,tauxTVA_Decimales,int,4,10,0,1,
dbo,TDOCUMENTDETAIL,,59,traitementEcriture,smallint,2,5,0,1,
dbo,TDOCUMENTDETAIL,,60,UpdDate,datetime,8,23,3,1,
dbo,TDOCUMENTDETAIL,,61,UpdStamp,char,16,0,0,1,
dbo,TDOCUMENTDETAIL,,62,UpdUser,nvarchar,48,0,0,1,
dbo,TDOCUMENTECHEANCE,,1,acompte,bit,1,1,0,1,
dbo,TDOCUMENTECHEANCE,,2,Caption,nvarchar,256,0,0,1,
dbo,TDOCUMENTECHEANCE,,3,dateEcheance,datetime,8,23,3,1,
dbo,TDOCUMENTECHEANCE,,4,dateEcheanceAcompte,datetime,8,23,3,1,
dbo,TDOCUMENTECHEANCE,,5,idDocumentModeReglement,nvarchar,256,0,0,1,
dbo,TDOCUMENTECHEANCE,,6,idOTP,int,4,10,0,1,
dbo,TDOCUMENTECHEANCE,,7,montant,money,8,19,4,1,
dbo,TDOCUMENTECHEANCE,,8,montant_CodeDevise,nvarchar,6,0,0,1,
dbo,TDOCUMENTECHEANCE,,9,montant_Date,datetime,8,23,3,1,
dbo,TDOCUMENTECHEANCE,,10,montant_TCConv,nvarchar,256,0,0,1,
dbo,TDOCUMENTECHEANCE,,11,montant_TCValue,money,8,19,4,1,
dbo,TDOCUMENTECHEANCE,,12,montant_RPConv,nvarchar,256,0,0,1,
dbo,TDOCUMENTECHEANCE,,13,montant_RPValue,money,8,19,4,1,
dbo,TDOCUMENTECHEANCE,,14,oid,TOID,32,0,0,0,
dbo,TDOCUMENTECHEANCE,,15,oidDocumentComptable,TOID,32,0,0,1,
dbo,TDOCUMENTECHEANCE,,16,oidmodeReglement,TOID,32,0,0,1,
dbo,TDOCUMENTECHEANCE,,17,UpdDate,datetime,8,23,3,1,
dbo,TDOCUMENTECHEANCE,,18,UpdStamp,char,16,0,0,1,
dbo,TDOCUMENTECHEANCE,,19,UpdUser,nvarchar,48,0,0,1,
dbo,TDOCUMENTMODEREGLEMENT,,1,Caption,nvarchar,256,0,0,1,
dbo,TDOCUMENTMODEREGLEMENT,,2,codeModeReglement,nvarchar,256,0,0,1,
dbo,TDOCUMENTMODEREGLEMENT,,3,dateEcheance,datetime,8,23,3,1,
dbo,TDOCUMENTMODEREGLEMENT,,4,id,nvarchar,256,0,0,1,
dbo,TDOCUMENTMODEREGLEMENT,,5,idOTP,int,4,10,0,1,
dbo,TDOCUMENTMODEREGLEMENT,,6,oid,TOID,32,0,0,0,
dbo,TDOCUMENTMODEREGLEMENT,,7,oidDocumentComptable,TOID,32,0,0,1,
dbo,TDOCUMENTMODEREGLEMENT,,8,UpdDate,datetime,8,23,3,1,
dbo,TDOCUMENTMODEREGLEMENT,,9,UpdStamp,char,16,0,0,1,
dbo,TDOCUMENTMODEREGLEMENT,,10,UpdUser,nvarchar,48,0,0,1,
dbo,TDOCUMENTREMISEBANCAIRE,,1,Caption,nvarchar,256,0,0,1,
dbo,TDOCUMENTREMISEBANCAIRE,,2,empreinte,nvarchar,256,0,0,1,
dbo,TDOCUMENTREMISEBANCAIRE,,3,estFichierCompresse,bit,1,1,0,1,
dbo,TDOCUMENTREMISEBANCAIRE,,4,fichierBinaire,varbinary,-1,0,0,1,
dbo,TDOCUMENTREMISEBANCAIRE,,5,fichierOriginal,nvarchar,-1,0,0,1,
dbo,TDOCUMENTREMISEBANCAIRE,,6,idOTP,int,4,10,0,1,
dbo,TDOCUMENTREMISEBANCAIRE,,7,oid,TOID,32,0,0,0,
dbo,TDOCUMENTREMISEBANCAIRE,,8,typeFichier,smallint,2,5,0,1,
dbo,TDOCUMENTREMISEBANCAIRE,,9,UpdDate,datetime,8,23,3,1,
dbo,TDOCUMENTREMISEBANCAIRE,,10,UpdStamp,char,16,0,0,1,
dbo,TDOCUMENTREMISEBANCAIRE,,11,UpdUser,nvarchar,48,0,0,1,
dbo,TDOCUMENTREQUETE,,1,Caption,nvarchar,256,0,0,1,
dbo,TDOCUMENTREQUETE,,2,empreinte,nvarchar,256,0,0,1,
dbo,TDOCUMENTREQUETE,,3,fichierOriginal,nvarchar,-1,0,0,1,
dbo,TDOCUMENTREQUETE,,4,idOTP,int,4,10,0,1,
dbo,TDOCUMENTREQUETE,,5,oid,TOID,32,0,0,0,
dbo,TDOCUMENTREQUETE,,6,typeFichier,smallint,2,5,0,1,
dbo,TDOCUMENTREQUETE,,7,UpdDate,datetime,8,23,3,1,
dbo,TDOCUMENTREQUETE,,8,UpdStamp,char,16,0,0,1,
dbo,TDOCUMENTREQUETE,,9,UpdUser,nvarchar,48,0,0,1,
dbo,TDOCUMENTTAXE,,1,baseTaxable,money,8,19,4,1,
dbo,TDOCUMENTTAXE,,2,baseTaxable_CodeDevise,nvarchar,6,0,0,1,
dbo,TDOCUMENTTAXE,,3,baseTaxable_Date,datetime,8,23,3,1,
dbo,TDOCUMENTTAXE,,4,baseTaxable_TCConv,nvarchar,256,0,0,1,
dbo,TDOCUMENTTAXE,,5,baseTaxable_TCValue,money,8,19,4,1,
dbo,TDOCUMENTTAXE,,6,baseTaxable_RPConv,nvarchar,256,0,0,1,
dbo,TDOCUMENTTAXE,,7,baseTaxable_RPValue,money,8,19,4,1,
dbo,TDOCUMENTTAXE,,8,Caption,nvarchar,256,0,0,1,
dbo,TDOCUMENTTAXE,,9,codeTaxe,nvarchar,256,0,0,1,
dbo,TDOCUMENTTAXE,,10,idOTP,int,4,10,0,1,
dbo,TDOCUMENTTAXE,,11,montant,money,8,19,4,1,
dbo,TDOCUMENTTAXE,,12,montant_CodeDevise,nvarchar,6,0,0,1,
dbo,TDOCUMENTTAXE,,13,montant_Date,datetime,8,23,3,1,
dbo,TDOCUMENTTAXE,,14,montant_TCConv,nvarchar,256,0,0,1,
dbo,TDOCUMENTTAXE,,15,montant_TCValue,money,8,19,4,1,
dbo,TDOCUMENTTAXE,,16,montant_RPConv,nvarchar,256,0,0,1,
dbo,TDOCUMENTTAXE,,17,montant_RPValue,money,8,19,4,1,
dbo,TDOCUMENTTAXE,,18,oid,TOID,32,0,0,0,
dbo,TDOCUMENTTAXE,,19,oidcompteGeneral,TOID,32,0,0,1,
dbo,TDOCUMENTTAXE,,20,oidDocumentComptable,TOID,32,0,0,1,
dbo,TDOCUMENTTAXE,,21,oidDocumentTaxeIntraComm,TOID,32,0,0,1,
dbo,TDOCUMENTTAXE,,22,oidtaxe,TOID,32,0,0,1,
dbo,TDOCUMENTTAXE,,23,taux,float,8,53,0,1,
dbo,TDOCUMENTTAXE,,24,taux_Decimales,int,4,10,0,1,
dbo,TDOCUMENTTAXE,,25,UpdDate,datetime,8,23,3,1,
dbo,TDOCUMENTTAXE,,26,UpdStamp,char,16,0,0,1,
dbo,TDOCUMENTTAXE,,27,UpdUser,nvarchar,48,0,0,1,
dbo,TDOMAINEISO20022,,1,Caption,nvarchar,256,0,0,1,
dbo,TDOMAINEISO20022,,2,code,nvarchar,256,0,0,1,
dbo,TDOMAINEISO20022,,3,idOTP,int,4,10,0,1,
dbo,TDOMAINEISO20022,,4,oid,TOID,32,0,0,0,
dbo,TDOMAINEISO20022,,5,UpdDate,datetime,8,23,3,1,
dbo,TDOMAINEISO20022,,6,UpdStamp,char,16,0,0,1,
dbo,TDOMAINEISO20022,,7,UpdUser,nvarchar,48,0,0,1,
dbo,TDONNEEBALISEFORMAT,,1,Caption,nvarchar,256,0,0,1,
dbo,TDONNEEBALISEFORMAT,,2,Commentaire,nvarchar,256,0,0,1,
dbo,TDONNEEBALISEFORMAT,,3,donneeIntegree,nvarchar,256,0,0,1,
dbo,TDONNEEBALISEFORMAT,,4,formule,nvarchar,-1,0,0,1,
dbo,TDONNEEBALISEFORMAT,,5,formulePreTraitement,nvarchar,-1,0,0,1,
dbo,TDONNEEBALISEFORMAT,,6,idOTP,int,4,10,0,1,
dbo,TDONNEEBALISEFORMAT,,7,infosTechnique,nvarchar,-1,0,0,1,
dbo,TDONNEEBALISEFORMAT,,8,longueur,int,4,10,0,1,
dbo,TDONNEEBALISEFORMAT,,9,modeCalcul,smallint,2,5,0,1,
dbo,TDONNEEBALISEFORMAT,,10,modePadding,smallint,2,5,0,1,
dbo,TDONNEEBALISEFORMAT,,11,numeroDonneeComposite,int,4,10,0,1,
dbo,TDONNEEBALISEFORMAT,,12,numeroDonneeElementaire,int,4,10,0,1,
dbo,TDONNEEBALISEFORMAT,,13,obligatoire,bit,1,1,0,1,
dbo,TDONNEEBALISEFORMAT,,14,oid,TOID,32,0,0,0,
dbo,TDONNEEBALISEFORMAT,,15,oidBaliseFormat,TOID,32,0,0,1,
dbo,TDONNEEBALISEFORMAT,,16,ordre,int,4,10,0,1,
dbo,TDONNEEBALISEFORMAT,,17,Padding,nvarchar,256,0,0,1,
dbo,TDONNEEBALISEFORMAT,,18,position,int,4,10,0,1,
dbo,TDONNEEBALISEFORMAT,,19,stratDateDonneeIntegration,smallint,2,5,0,1,
dbo,TDONNEEBALISEFORMAT,,20,typeDonneeIntegration,smallint,2,5,0,1,
dbo,TDONNEEBALISEFORMAT,,21,UpdDate,datetime,8,23,3,1,
dbo,TDONNEEBALISEFORMAT,,22,UpdStamp,char,16,0,0,1,
dbo,TDONNEEBALISEFORMAT,,23,UpdUser,nvarchar,48,0,0,1,
dbo,TDONNEEBALISEFORMAT,,24,nomAttribut,nvarchar,256,0,0,1,
dbo,TDONNEEBALISEFORMAT,,25,oidBalise,TOID,32,0,0,1,
dbo,TDONNEEBANCAIRE,,1,Caption,nvarchar,256,0,0,1,
dbo,TDONNEEBANCAIRE,,2,codeRejetCFONB,nvarchar,256,0,0,1,
dbo,TDONNEEBANCAIRE,,3,comptabilise,datetime,8,23,3,1,
dbo,TDONNEEBANCAIRE,,4,dateCreation,datetime,8,23,3,1,
dbo,TDONNEEBANCAIRE,,5,dateCreationAncienReleve,datetime,8,23,3,1,
dbo,TDONNEEBANCAIRE,,6,dateIntegration,datetime,8,23,3,1,
dbo,TDONNEEBANCAIRE,,7,idOTP,int,4,10,0,1,
dbo,TDONNEEBANCAIRE,,8,importeTreso,bit,1,1,0,1,
dbo,TDONNEEBANCAIRE,,9,libelle,nvarchar,256,0,0,1,
dbo,TDONNEEBANCAIRE,,10,montantTotal,money,8,19,4,1,
dbo,TDONNEEBANCAIRE,,11,montantTotal_CodeDevise,nvarchar,6,0,0,1,
dbo,TDONNEEBANCAIRE,,12,nbrOperations,int,4,10,0,1,
dbo,TDONNEEBANCAIRE,,13,noTraitement,int,4,10,0,1,
dbo,TDONNEEBANCAIRE,,14,noTraitementIntegration,int,4,10,0,1,
dbo,TDONNEEBANCAIRE,,15,numero,nvarchar,64,0,0,1,
dbo,TDONNEEBANCAIRE,,16,numero_CounterName,nvarchar,64,0,0,1,
dbo,TDONNEEBANCAIRE,,17,oid,TOID,32,0,0,0,
dbo,TDONNEEBANCAIRE,,18,oidbanque,TOID,32,0,0,1,
dbo,TDONNEEBANCAIRE,,19,oidcompteBancaire,TOID,32,0,0,1,
dbo,TDONNEEBANCAIRE,,20,oidtypeOperationBancaire,TOID,32,0,0,1,
dbo,TDONNEEBANCAIRE,,21,UpdDate,datetime,8,23,3,1,
dbo,TDONNEEBANCAIRE,,22,UpdStamp,char,16,0,0,1,
dbo,TDONNEEBANCAIRE,,23,UpdUser,nvarchar,48,0,0,1,
dbo,TDONNEEBANCAIRE,,24,oidSousGroupePointage,TOID,32,0,0,1,
dbo,TDONNEEBANCAIREDETAIL,,1,Caption,nvarchar,256,0,0,1,
dbo,TDONNEEBANCAIREDETAIL,,2,codeAcceptation,nvarchar,256,0,0,1,
dbo,TDONNEEBANCAIREDETAIL,,3,codeCentrebancaire,nvarchar,256,0,0,1,
dbo,TDONNEEBANCAIREDETAIL,,4,codeDevise,nvarchar,256,0,0,1,
dbo,TDONNEEBANCAIREDETAIL,,5,codeEntree,nvarchar,256,0,0,1,
dbo,TDONNEEBANCAIREDETAIL,,6,codeEtablissement,nvarchar,256,0,0,1,
dbo,TDONNEEBANCAIREDETAIL,,7,codeEtsCorrige,nvarchar,256,0,0,1,
dbo,TDONNEEBANCAIREDETAIL,,8,codeGuichet,nvarchar,256,0,0,1,
dbo,TDONNEEBANCAIREDETAIL,,9,codeGuichetCorrige,nvarchar,256,0,0,1,
dbo,TDONNEEBANCAIREDETAIL,,10,codeMotifRadiation,nvarchar,256,0,0,1,
dbo,TDONNEEBANCAIREDETAIL,,11,codeMotifRejet,nvarchar,256,0,0,1,
dbo,TDONNEEBANCAIREDETAIL,,12,codeMotifRejet2,nvarchar,256,0,0,1,
dbo,TDONNEEBANCAIREDETAIL,,13,codeNaturePaiement,nvarchar,256,0,0,1,
dbo,TDONNEEBANCAIREDETAIL,,14,codePays,nvarchar,256,0,0,1,
dbo,TDONNEEBANCAIREDETAIL,,15,codePaysBanqueEmettrice,nvarchar,256,0,0,1,
dbo,TDONNEEBANCAIREDETAIL,,16,commission,money,8,19,4,1,
dbo,TDONNEEBANCAIREDETAIL,,17,commission_CodeDevise,nvarchar,6,0,0,1,
dbo,TDONNEEBANCAIREDETAIL,,18,commission_Date,datetime,8,23,3,1,
dbo,TDONNEEBANCAIREDETAIL,,19,commission_TCConv,nvarchar,256,0,0,1,
dbo,TDONNEEBANCAIREDETAIL,,20,commission_TCValue,money,8,19,4,1,
dbo,TDONNEEBANCAIREDETAIL,,21,commission_RPConv,nvarchar,256,0,0,1,
dbo,TDONNEEBANCAIREDETAIL,,22,commission_RPValue,money,8,19,4,1,
dbo,TDONNEEBANCAIREDETAIL,,23,CPOP,nvarchar,256,0,0,1,
dbo,TDONNEEBANCAIREDETAIL,,24,dateCompensationRemise,datetime,8,23,3,1,
dbo,TDONNEEBANCAIREDETAIL,,25,dateCreation,datetime,8,23,3,1,
dbo,TDONNEEBANCAIREDETAIL,,26,dateEcheanceEffet,datetime,8,23,3,1,
dbo,TDONNEEBANCAIREDETAIL,,27,dateEntreePortefeuille,datetime,8,23,3,1,
dbo,TDONNEEBANCAIREDETAIL,,28,dateOperationInitiale,datetime,8,23,3,1,
dbo,TDONNEEBANCAIREDETAIL,,29,dateProchainePresentation,datetime,8,23,3,1,
dbo,TDONNEEBANCAIREDETAIL,,30,dateReglOpeInitiale,datetime,8,23,3,1,
dbo,TDONNEEBANCAIREDETAIL,,31,dateValidationOrdre,datetime,8,23,3,1,
dbo,TDONNEEBANCAIREDETAIL,,32,idOTP,int,4,10,0,1,
dbo,TDONNEEBANCAIREDETAIL,,33,indicateurBalancePaiement,nvarchar,256,0,0,1,
dbo,TDONNEEBANCAIREDETAIL,,34,indiceMonnaieOrigine,nvarchar,256,0,0,1,
dbo,TDONNEEBANCAIREDETAIL,,35,lib1,nvarchar,256,0,0,1,
dbo,TDONNEEBANCAIREDETAIL,,36,lib2,nvarchar,256,0,0,1,
dbo,TDONNEEBANCAIREDETAIL,,37,libAbreviatif,nvarchar,256,0,0,1,
dbo,TDONNEEBANCAIREDETAIL,,38,moisAPLpaye,nvarchar,256,0,0,1,
dbo,TDONNEEBANCAIREDETAIL,,39,moisEcheance,nvarchar,256,0,0,1,
dbo,TDONNEEBANCAIREDETAIL,,40,montantAPL,money,8,19,4,1,
dbo,TDONNEEBANCAIREDETAIL,,41,montantAPL_CodeDevise,nvarchar,6,0,0,1,
dbo,TDONNEEBANCAIREDETAIL,,42,montantAPL_Date,datetime,8,23,3,1,
dbo,TDONNEEBANCAIREDETAIL,,43,montantAPL_TCConv,nvarchar,256,0,0,1,
dbo,TDONNEEBANCAIREDETAIL,,44,montantAPL_TCValue,money,8,19,4,1,
dbo,TDONNEEBANCAIREDETAIL,,45,montantAPL_RPConv,nvarchar,256,0,0,1,
dbo,TDONNEEBANCAIREDETAIL,,46,montantAPL_RPValue,money,8,19,4,1,
dbo,TDONNEEBANCAIREDETAIL,,47,montantOrigine,money,8,19,4,1,
dbo,TDONNEEBANCAIREDETAIL,,48,montantOrigine_CodeDevise,nvarchar,6,0,0,1,
dbo,TDONNEEBANCAIREDETAIL,,49,montantOrigine_Date,datetime,8,23,3,1,
dbo,TDONNEEBANCAIREDETAIL,,50,montantOrigine_TCConv,nvarchar,256,0,0,1,
dbo,TDONNEEBANCAIREDETAIL,,51,montantOrigine_TCValue,money,8,19,4,1,
dbo,TDONNEEBANCAIREDETAIL,,52,montantOrigine_RPConv,nvarchar,256,0,0,1,
dbo,TDONNEEBANCAIREDETAIL,,53,montantOrigine_RPValue,money,8,19,4,1,
dbo,TDONNEEBANCAIREDETAIL,,54,montantRejet,money,8,19,4,1,
dbo,TDONNEEBANCAIREDETAIL,,55,montantRejet_CodeDevise,nvarchar,6,0,0,1,
dbo,TDONNEEBANCAIREDETAIL,,56,NbrePresentation,int,4,10,0,1,
dbo,TDONNEEBANCAIREDETAIL,,57,nomAbregeCreancier,nvarchar,256,0,0,1,
dbo,TDONNEEBANCAIREDETAIL,,58,numArchiveAdhesion,nvarchar,256,0,0,1,
dbo,TDONNEEBANCAIREDETAIL,,59,numCompte,nvarchar,256,0,0,1,
dbo,TDONNEEBANCAIREDETAIL,,60,numeroAllocataire,nvarchar,256,0,0,1,
dbo,TDONNEEBANCAIREDETAIL,,61,numeroCheque,nvarchar,256,0,0,1,
dbo,TDONNEEBANCAIREDETAIL,,62,numeroCompteCorrige,nvarchar,256,0,0,1,
dbo,TDONNEEBANCAIREDETAIL,,63,numNatEmetteur,nvarchar,256,0,0,1,
dbo,TDONNEEBANCAIREDETAIL,,64,objAvisAPL,nvarchar,256,0,0,1,
dbo,TDONNEEBANCAIREDETAIL,,65,oid,TOID,32,0,0,0,
dbo,TDONNEEBANCAIREDETAIL,,66,oidcompteBancaire,TOID,32,0,0,1,
dbo,TDONNEEBANCAIREDETAIL,,67,oidreleveOrigine,TOID,32,0,0,1,
dbo,TDONNEEBANCAIREDETAIL,,68,oidroleTiers,TOID,32,0,0,1,
dbo,TDONNEEBANCAIREDETAIL,,69,raisonSocialeTiers,nvarchar,256,0,0,1,
dbo,TDONNEEBANCAIREDETAIL,,70,rangEcheance,nvarchar,256,0,0,1,
dbo,TDONNEEBANCAIREDETAIL,,71,refBanqueEmettriceRejet,nvarchar,256,0,0,1,
dbo,TDONNEEBANCAIREDETAIL,,72,RefBordereauRemise,nvarchar,256,0,0,1,
dbo,TDONNEEBANCAIREDETAIL,,73,RefCheque,nvarchar,256,0,0,1,
dbo,TDONNEEBANCAIREDETAIL,,74,RefDestRaisonSociale,nvarchar,256,0,0,1,
dbo,TDONNEEBANCAIREDETAIL,,75,RefDestRIB,nvarchar,256,0,0,1,
dbo,TDONNEEBANCAIREDETAIL,,76,refDossier,nvarchar,256,0,0,1,
dbo,TDONNEEBANCAIREDETAIL,,77,referenceTire,nvarchar,256,0,0,1,
dbo,TDONNEEBANCAIREDETAIL,,78,referenceTireur,nvarchar,256,0,0,1,
dbo,TDONNEEBANCAIREDETAIL,,79,RefOpeRejetIC,nvarchar,256,0,0,1,
dbo,TDONNEEBANCAIREDETAIL,,80,RefPaiement,nvarchar,256,0,0,1,
dbo,TDONNEEBANCAIREDETAIL,,81,refPresentOpeInitiale,nvarchar,256,0,0,1,
dbo,TDONNEEBANCAIREDETAIL,,82,SirenTire,nvarchar,256,0,0,1,
dbo,TDONNEEBANCAIREDETAIL,,83,SirenTireur,nvarchar,256,0,0,1,
dbo,TDONNEEBANCAIREDETAIL,,84,tauxTva,float,8,53,0,1,
dbo,TDONNEEBANCAIREDETAIL,,85,UpdDate,datetime,8,23,3,1,
dbo,TDONNEEBANCAIREDETAIL,,86,UpdStamp,char,16,0,0,1,
dbo,TDONNEEBANCAIREDETAIL,,87,UpdUser,nvarchar,48,0,0,1,
dbo,TDONNEEBANCAIREDETAIL,,88,ZIB,nvarchar,256,0,0,1,
dbo,TDONNEEBANCAIREDETAIL,,89,ZIN,nvarchar,256,0,0,1,
dbo,TDONNEEBANCAIREDETAIL,,90,zoneEts,nvarchar,256,0,0,1,
dbo,TDONNEEBIENTVA,,1,anneeRegularisation,int,4,10,0,1,
dbo,TDONNEEBIENTVA,,2,assujettissementForce,bit,1,1,0,1,
dbo,TDONNEEBIENTVA,,3,Caption,nvarchar,256,0,0,1,
dbo,TDONNEEBIENTVA,,4,coefAssujettissement,float,8,53,0,1,
dbo,TDONNEEBIENTVA,,5,coefAssujettissement_Decimales,int,4,10,0,1,
dbo,TDONNEEBIENTVA,,6,coefTaxation,float,8,53,0,1,
dbo,TDONNEEBIENTVA,,7,coefTaxation_Decimales,int,4,10,0,1,
dbo,TDONNEEBIENTVA,,8,cumulRegularisation,money,8,19,4,1,
dbo,TDONNEEBIENTVA,,9,cumulRegularisation_CodeDevise,nvarchar,6,0,0,1,
dbo,TDONNEEBIENTVA,,10,dateReference,datetime,8,23,3,1,
dbo,TDONNEEBIENTVA,,11,idOTP,int,4,10,0,1,
dbo,TDONNEEBIENTVA,,12,mtTVADeductible,money,8,19,4,1,
dbo,TDONNEEBIENTVA,,13,mtTVADeductible_CodeDevise,nvarchar,6,0,0,1,
dbo,TDONNEEBIENTVA,,14,mtTVAFacturee,money,8,19,4,1,
dbo,TDONNEEBIENTVA,,15,mtTVAFacturee_CodeDevise,nvarchar,6,0,0,1,
dbo,TDONNEEBIENTVA,,16,oid,TOID,32,0,0,0,
dbo,TDONNEEBIENTVA,,17,oidBienComptable,TOID,32,0,0,1,
dbo,TDONNEEBIENTVA,,18,oidcoefficientAdmission,TOID,32,0,0,1,
dbo,TDONNEEBIENTVA,,19,oidRegularisationGlobale,TOID,32,0,0,1,
dbo,TDONNEEBIENTVA,,20,oidsecteurActivite,TOID,32,0,0,1,
dbo,TDONNEEBIENTVA,,21,regularisationAnnuelle,int,4,10,0,1,
dbo,TDONNEEBIENTVA,,22,UpdDate,datetime,8,23,3,1,
dbo,TDONNEEBIENTVA,,23,UpdStamp,char,16,0,0,1,
dbo,TDONNEEBIENTVA,,24,UpdUser,nvarchar,48,0,0,1,
dbo,TDONNEEBUDGETTVA,,1,Caption,nvarchar,256,0,0,1,
dbo,TDONNEEBUDGETTVA,,2,idOTP,int,4,10,0,1,
dbo,TDONNEEBUDGETTVA,,3,oid,TOID,32,0,0,0,
dbo,TDONNEEBUDGETTVA,,4,oidHypotheseBudgetaire,TOID,32,0,0,1,
dbo,TDONNEEBUDGETTVA,,5,oidPeriode,TOID,32,0,0,1,
dbo,TDONNEEBUDGETTVA,,6,soldeTVA,money,8,19,4,1,
dbo,TDONNEEBUDGETTVA,,7,soldeTVA_CodeDevise,nvarchar,6,0,0,1,
dbo,TDONNEEBUDGETTVA,,8,TVACollecteDebit,money,8,19,4,1,
dbo,TDONNEEBUDGETTVA,,9,TVACollecteDebit_CodeDevise,nvarchar,6,0,0,1,
dbo,TDONNEEBUDGETTVA,,10,TVACollecteEncais,money,8,19,4,1,
dbo,TDONNEEBUDGETTVA,,11,TVACollecteEncais_CodeDevise,nvarchar,6,0,0,1,
dbo,TDONNEEBUDGETTVA,,12,TVADeductibleDebit,money,8,19,4,1,
dbo,TDONNEEBUDGETTVA,,13,TVADeductibleDebit_CodeDevise,nvarchar,6,0,0,1,
dbo,TDONNEEBUDGETTVA,,14,TVADeductibleEncais,money,8,19,4,1,
dbo,TDONNEEBUDGETTVA,,15,TVADeductibleEncais_CodeDevise,nvarchar,6,0,0,1,
dbo,TDONNEEBUDGETTVA,,16,UpdDate,datetime,8,23,3,1,
dbo,TDONNEEBUDGETTVA,,17,UpdStamp,char,16,0,0,1,
dbo,TDONNEEBUDGETTVA,,18,UpdUser,nvarchar,48,0,0,1,
dbo,TDONNEECOMPLEMENTTIERS,,1,Caption,nvarchar,256,0,0,1,
dbo,TDONNEECOMPLEMENTTIERS,,2,idOTP,int,4,10,0,1,
dbo,TDONNEECOMPLEMENTTIERS,,3,oid,TOID,32,0,0,0,
dbo,TDONNEECOMPLEMENTTIERS,,4,oidzoneComplementEDI,TOID,32,0,0,1,
dbo,TDONNEECOMPLEMENTTIERS,,5,UpdDate,datetime,8,23,3,1,
dbo,TDONNEECOMPLEMENTTIERS,,6,UpdStamp,char,16,0,0,1,
dbo,TDONNEECOMPLEMENTTIERS,,7,UpdUser,nvarchar,48,0,0,1,
dbo,TDONNEECOMPLEMENTTIERS,,8,valeur,nvarchar,256,0,0,1,
dbo,TDONNEECOMPLEMENTTIERS,,9,oidReferenceEDISite,TOID,32,0,0,1,
dbo,TDOSSIERAFFAIRE,,1,Caption,nvarchar,256,0,0,1,
dbo,TDOSSIERAFFAIRE,,2,commentaireAchat,nvarchar,-1,0,0,1,
dbo,TDOSSIERAFFAIRE,,3,commentaireVente,nvarchar,-1,0,0,1,
dbo,TDOSSIERAFFAIRE,,4,dateDebut,datetime,8,23,3,1,
dbo,TDOSSIERAFFAIRE,,5,dateFin,datetime,8,23,3,1,
dbo,TDOSSIERAFFAIRE,,6,estTermine,bit,1,1,0,1,
dbo,TDOSSIERAFFAIRE,,7,idOTP,int,4,10,0,1,
dbo,TDOSSIERAFFAIRE,,8,numero,nvarchar,64,0,0,1,
dbo,TDOSSIERAFFAIRE,,9,numero_CounterName,nvarchar,64,0,0,1,
dbo,TDOSSIERAFFAIRE,,10,oid,TOID,32,0,0,0,
dbo,TDOSSIERAFFAIRE,,11,oidNature,TOID,32,0,0,1,
dbo,TDOSSIERAFFAIRE,,12,oidResponsable,TOID,32,0,0,1,
dbo,TDOSSIERAFFAIRE,,13,UpdDate,datetime,8,23,3,1,
dbo,TDOSSIERAFFAIRE,,14,UpdStamp,char,16,0,0,1,
dbo,TDOSSIERAFFAIRE,,15,UpdUser,nvarchar,48,0,0,1,
dbo,TDOSSIERNF,,1,Caption,nvarchar,256,0,0,1,
dbo,TDOSSIERNF,,2,clos,bit,1,1,0,1,
dbo,TDOSSIERNF,,3,code,nvarchar,64,0,0,1,
dbo,TDOSSIERNF,,4,code_CounterName,nvarchar,64,0,0,1,
dbo,TDOSSIERNF,,5,dateDossier,datetime,8,23,3,1,
dbo,TDOSSIERNF,,6,idOTP,int,4,10,0,1,
dbo,TDOSSIERNF,,7,justificatif,nvarchar,256,0,0,1,
dbo,TDOSSIERNF,,8,montantRetenu,money,8,19,4,1,
dbo,TDOSSIERNF,,9,montantRetenu_CodeDevise,nvarchar,6,0,0,1,
dbo,TDOSSIERNF,,10,numeroTraitement,int,4,10,0,1,
dbo,TDOSSIERNF,,11,oid,TOID,32,0,0,0,
dbo,TDOSSIERNF,,12,oidContactEtablissement,TOID,32,0,0,1,
dbo,TDOSSIERNF,,13,oidSalarie,TOID,32,0,0,1,
dbo,TDOSSIERNF,,14,UpdDate,datetime,8,23,3,1,
dbo,TDOSSIERNF,,15,UpdStamp,char,16,0,0,1,
dbo,TDOSSIERNF,,16,UpdUser,nvarchar,48,0,0,1,
dbo,TDOTATIONCESSION,,1,Caption,nvarchar,256,0,0,1,
dbo,TDOTATIONCESSION,,2,forcage,bit,1,1,0,1,
dbo,TDOTATIONCESSION,,3,idOTP,int,4,10,0,1,
dbo,TDOTATIONCESSION,,4,oid,TOID,32,0,0,0,
dbo,TDOTATIONCESSION,,5,oiddotationDonnee,TOID,32,0,0,1,
dbo,TDOTATIONCESSION,,6,UpdDate,datetime,8,23,3,1,
dbo,TDOTATIONCESSION,,7,UpdStamp,char,16,0,0,1,
dbo,TDOTATIONCESSION,,8,UpdUser,nvarchar,48,0,0,1,
dbo,TDOTATIONCESSION,,9,ajustValeurBrute,money,8,19,4,1,
dbo,TDOTATIONCESSION,,10,ajustValeurBrute_CodeDevise,nvarchar,6,0,0,1,
dbo,TDOTATIONCESSION,,11,annulDepreciation,money,8,19,4,1,
dbo,TDOTATIONCESSION,,12,annulDepreciation_CodeDevise,nvarchar,6,0,0,1,
dbo,TDOTATIONCESSION,,13,dateFinPrevue,datetime,8,23,3,1,
dbo,TDOTATIONCESSION,,14,ecartReevaluation,money,8,19,4,1,
dbo,TDOTATIONCESSION,,15,ecartReevaluation_CodeDevise,nvarchar,6,0,0,1,
dbo,TDOTATIONCESSION,,16,ExceptionnelSortie,money,8,19,4,1,
dbo,TDOTATIONCESSION,,17,ExceptionnelSortie_CodeDevise,nvarchar,6,0,0,1,
dbo,TDOTATIONCESSION,,18,exerciceAjustement,money,8,19,4,1,
dbo,TDOTATIONCESSION,,19,exerciceAjustement_CodeDevise,nvarchar,6,0,0,1,
dbo,TDOTATIONCESSION,,20,exerciceCession,money,8,19,4,1,
dbo,TDOTATIONCESSION,,21,exerciceCession_CodeDevise,nvarchar,6,0,0,1,
dbo,TDOTATIONCESSION,,22,exerciceDepreciatio,money,8,19,4,1,
dbo,TDOTATIONCESSION,,23,exerciceDepreciatio_CodeDevise,nvarchar,6,0,0,1,
dbo,TDOTATIONCESSION,,24,indiceCalcul,int,4,10,0,1,
dbo,TDOTATIONCESSION,,25,integDepreN,money,8,19,4,1,
dbo,TDOTATIONCESSION,,26,integDepreN_CodeDevise,nvarchar,6,0,0,1,
dbo,TDOTATIONCESSION,,27,integDepreN1,money,8,19,4,1,
dbo,TDOTATIONCESSION,,28,integDepreN1_CodeDevise,nvarchar,6,0,0,1,
dbo,TDOTATIONCESSION,,29,moinsValueCT,money,8,19,4,1,
dbo,TDOTATIONCESSION,,30,moinsValueCT_CodeDevise,nvarchar,6,0,0,1,
dbo,TDOTATIONCESSION,,31,moinsValueLT,money,8,19,4,1,
dbo,TDOTATIONCESSION,,32,moinsValueLT_CodeDevise,nvarchar,6,0,0,1,
dbo,TDOTATIONCESSION,,33,oidAmortissementBien,TOID,32,0,0,1,
dbo,TDOTATIONCESSION,,34,oidCessionBienDetail,TOID,32,0,0,1,
dbo,TDOTATIONCESSION,,35,plusValueCession,money,8,19,4,1,
dbo,TDOTATIONCESSION,,36,plusValueCession_CodeDevise,nvarchar,6,0,0,1,
dbo,TDOTATIONCESSION,,37,plusValueCT,money,8,19,4,1,
dbo,TDOTATIONCESSION,,38,plusValueCT_CodeDevise,nvarchar,6,0,0,1,
dbo,TDOTATIONCESSION,,39,plusValueLT,money,8,19,4,1,
dbo,TDOTATIONCESSION,,40,plusValueLT_CodeDevise,nvarchar,6,0,0,1,
dbo,TDOTATIONCESSION,,41,soldeDepreciation,money,8,19,4,1,
dbo,TDOTATIONCESSION,,42,soldeDepreciation_CodeDevise,nvarchar,6,0,0,1,
dbo,TDOTATIONCESSION,,43,valeurBrute,money,8,19,4,1,
dbo,TDOTATIONCESSION,,44,valeurBrute_CodeDevise,nvarchar,6,0,0,1,
dbo,TDOTATIONCESSION,,45,valeurBruteOrigine,money,8,19,4,1,
dbo,TDOTATIONCESSION,,46,valeurBruteOrigine_CodeDevise,nvarchar,6,0,0,1,
dbo,TDOTATIONCESSION,,47,valeurNetteCession,money,8,19,4,1,
dbo,TDOTATIONCESSION,,48,valeurNetteCession_CodeDevise,nvarchar,6,0,0,1,
dbo,TDOTATIONCHTMETHODE,,1,Caption,nvarchar,256,0,0,1,
dbo,TDOTATIONCHTMETHODE,,2,forcage,bit,1,1,0,1,
dbo,TDOTATIONCHTMETHODE,,3,idOTP,int,4,10,0,1,
dbo,TDOTATIONCHTMETHODE,,4,oid,TOID,32,0,0,0,
dbo,TDOTATIONCHTMETHODE,,5,oiddotationDonnee,TOID,32,0,0,1,
dbo,TDOTATIONCHTMETHODE,,6,UpdDate,datetime,8,23,3,1,
dbo,TDOTATIONCHTMETHODE,,7,UpdStamp,char,16,0,0,1,
dbo,TDOTATIONCHTMETHODE,,8,UpdUser,nvarchar,48,0,0,1,
dbo,TDOTATIONCHTMETHODE,,9,abaseAmortissement,money,8,19,4,1,
dbo,TDOTATIONCHTMETHODE,,10,abaseAmortissement_CodeDevise,nvarchar,6,0,0,1,
dbo,TDOTATIONCHTMETHODE,,11,dateDebut,datetime,8,23,3,1,
dbo,TDOTATIONCHTMETHODE,,12,dateFin,datetime,8,23,3,1,
dbo,TDOTATIONCHTMETHODE,,13,dateFinPrevue,datetime,8,23,3,1,
dbo,TDOTATIONCHTMETHODE,,14,duree,float,8,53,0,1,
dbo,TDOTATIONCHTMETHODE,,15,duree_Decimales,int,4,10,0,1,
dbo,TDOTATIONCHTMETHODE,,16,dureeAnnee,int,4,10,0,1,
dbo,TDOTATIONCHTMETHODE,,17,dureeMois,int,4,10,0,1,
dbo,TDOTATIONCHTMETHODE,,18,exceptionnelSortie,money,8,19,4,1,
dbo,TDOTATIONCHTMETHODE,,19,exceptionnelSortie_CodeDevise,nvarchar,6,0,0,1,
dbo,TDOTATIONCHTMETHODE,,20,excptAmt,money,8,19,4,1,
dbo,TDOTATIONCHTMETHODE,,21,excptAmt_CodeDevise,nvarchar,6,0,0,1,
dbo,TDOTATIONCHTMETHODE,,22,exercice,money,8,19,4,1,
dbo,TDOTATIONCHTMETHODE,,23,exercice_CodeDevise,nvarchar,6,0,0,1,
dbo,TDOTATIONCHTMETHODE,,24,exerciceRattrapage,money,8,19,4,1,
dbo,TDOTATIONCHTMETHODE,,25,exerciceRattrapage_CodeDevise,nvarchar,6,0,0,1,
dbo,TDOTATIONCHTMETHODE,,26,indiceCalcul,int,4,10,0,1,
dbo,TDOTATIONCHTMETHODE,,27,numeroTraitement,int,4,10,0,1,
dbo,TDOTATIONCHTMETHODE,,28,oidAideFiscale,TOID,32,0,0,1,
dbo,TDOTATIONCHTMETHODE,,29,oidAmortissementBien,TOID,32,0,0,1,
dbo,TDOTATIONCHTMETHODE,,30,oidPieceChangementMethode,TOID,32,0,0,1,
dbo,TDOTATIONCHTMETHODE,,31,oidRegleAmortissement,TOID,32,0,0,1,
dbo,TDOTATIONCHTMETHODE,,32,oidVentilationUO,TOID,32,0,0,1,
dbo,TDOTATIONCHTMETHODE,,33,taux,float,8,53,0,1,
dbo,TDOTATIONCHTMETHODE,,34,tauxMajoration,float,8,53,0,1,
dbo,TDOTATIONCHTMETHODE,,35,tauxMajoration_Decimales,int,4,10,0,1,
dbo,TDOTATIONCHTMETHODE,,36,valeurResiduelle,money,8,19,4,1,
dbo,TDOTATIONCHTMETHODE,,37,valeurResiduelle_CodeDevise,nvarchar,6,0,0,1,
dbo,TDOTATIONDEROGATOIRE,,1,Caption,nvarchar,256,0,0,1,
dbo,TDOTATIONDEROGATOIRE,,2,cumulAnnulDero,money,8,19,4,1,
dbo,TDOTATIONDEROGATOIRE,,3,cumulAnnulDero_CodeDevise,nvarchar,6,0,0,1,
dbo,TDOTATIONDEROGATOIRE,,4,cumulDerogatoire,money,8,19,4,1,
dbo,TDOTATIONDEROGATOIRE,,5,cumulDerogatoire_CodeDevise,nvarchar,6,0,0,1,
dbo,TDOTATIONDEROGATOIRE,,6,cumulReintegration,money,8,19,4,1,
dbo,TDOTATIONDEROGATOIRE,,7,cumulReintegration_CodeDevise,nvarchar,6,0,0,1,
dbo,TDOTATIONDEROGATOIRE,,8,forcage,bit,1,1,0,1,
dbo,TDOTATIONDEROGATOIRE,,9,idOTP,int,4,10,0,1,
dbo,TDOTATIONDEROGATOIRE,,10,montantForcageCptDerog,money,8,19,4,1,
dbo,TDOTATIONDEROGATOIRE,,11,montantForcageCptDerog_CodeDev,nvarchar,6,0,0,1,
dbo,TDOTATIONDEROGATOIRE,,12,montantForcageCptReinte,money,8,19,4,1,
dbo,TDOTATIONDEROGATOIRE,,13,montantForcageCptReinte_CodeDe,nvarchar,6,0,0,1,
dbo,TDOTATIONDEROGATOIRE,,14,oid,TOID,32,0,0,0,
dbo,TDOTATIONDEROGATOIRE,,15,oidAmortissementDerogatoire,TOID,32,0,0,1,
dbo,TDOTATIONDEROGATOIRE,,16,oidAmortissementReference,TOID,32,0,0,1,
dbo,TDOTATIONDEROGATOIRE,,17,oidderogatoireDonnee,TOID,32,0,0,1,
dbo,TDOTATIONDEROGATOIRE,,18,UpdDate,datetime,8,23,3,1,
dbo,TDOTATIONDEROGATOIRE,,19,UpdStamp,char,16,0,0,1,
dbo,TDOTATIONDEROGATOIRE,,20,UpdUser,nvarchar,48,0,0,1,
dbo,TDOTATIONDEROGATOIREDIFFERE,,1,Caption,nvarchar,256,0,0,1,
dbo,TDOTATIONDEROGATOIREDIFFERE,,2,cumulAnnulDero,money,8,19,4,1,
dbo,TDOTATIONDEROGATOIREDIFFERE,,3,cumulAnnulDero_CodeDevise,nvarchar,6,0,0,1,
dbo,TDOTATIONDEROGATOIREDIFFERE,,4,cumulDerogatoire,money,8,19,4,1,
dbo,TDOTATIONDEROGATOIREDIFFERE,,5,cumulDerogatoire_CodeDevise,nvarchar,6,0,0,1,
dbo,TDOTATIONDEROGATOIREDIFFERE,,6,cumulReintegration,money,8,19,4,1,
dbo,TDOTATIONDEROGATOIREDIFFERE,,7,cumulReintegration_CodeDevise,nvarchar,6,0,0,1,
dbo,TDOTATIONDEROGATOIREDIFFERE,,8,forcage,bit,1,1,0,1,
dbo,TDOTATIONDEROGATOIREDIFFERE,,9,idOTP,int,4,10,0,1,
dbo,TDOTATIONDEROGATOIREDIFFERE,,10,indiceDero,int,4,10,0,1,
dbo,TDOTATIONDEROGATOIREDIFFERE,,11,indiceReference,int,4,10,0,1,
dbo,TDOTATIONDEROGATOIREDIFFERE,,12,indiceTableau,int,4,10,0,1,
dbo,TDOTATIONDEROGATOIREDIFFERE,,13,oid,TOID,32,0,0,0,
dbo,TDOTATIONDEROGATOIREDIFFERE,,14,oidDerogatoireDonnee,TOID,32,0,0,1,
dbo,TDOTATIONDEROGATOIREDIFFERE,,15,UpdDate,datetime,8,23,3,1,
dbo,TDOTATIONDEROGATOIREDIFFERE,,16,UpdStamp,char,16,0,0,1,
dbo,TDOTATIONDEROGATOIREDIFFERE,,17,UpdUser,nvarchar,48,0,0,1,
dbo,TDOTATIONDEROGATOIREPERIODE,,1,aideFiscale,money,8,19,4,1,
dbo,TDOTATIONDEROGATOIREPERIODE,,2,aideFiscale_CodeDevise,nvarchar,6,0,0,1,
dbo,TDOTATIONDEROGATOIREPERIODE,,3,Caption,nvarchar,256,0,0,1,
dbo,TDOTATIONDEROGATOIREPERIODE,,4,coefficient,float,8,53,0,1,
dbo,TDOTATIONDEROGATOIREPERIODE,,5,cumulDerogatoire,money,8,19,4,1,
dbo,TDOTATIONDEROGATOIREPERIODE,,6,cumulDerogatoire_CodeDevise,nvarchar,6,0,0,1,
dbo,TDOTATIONDEROGATOIREPERIODE,,7,dateDebut,datetime,8,23,3,1,
dbo,TDOTATIONDEROGATOIREPERIODE,,8,dateFin,datetime,8,23,3,1,
dbo,TDOTATIONDEROGATOIREPERIODE,,9,idOTP,int,4,10,0,1,
dbo,TDOTATIONDEROGATOIREPERIODE,,10,indiceExercice,int,4,10,0,1,
dbo,TDOTATIONDEROGATOIREPERIODE,,11,montant,money,8,19,4,1,
dbo,TDOTATIONDEROGATOIREPERIODE,,12,montant_CodeDevise,nvarchar,6,0,0,1,
dbo,TDOTATIONDEROGATOIREPERIODE,,13,numerateur,float,8,53,0,1,
dbo,TDOTATIONDEROGATOIREPERIODE,,14,numerateur_Decimales,int,4,10,0,1,
dbo,TDOTATIONDEROGATOIREPERIODE,,15,oid,TOID,32,0,0,0,
dbo,TDOTATIONDEROGATOIREPERIODE,,16,oidAmortissementPeriodeDero,TOID,32,0,0,1,
dbo,TDOTATIONDEROGATOIREPERIODE,,17,oidAmortissementPeriodeRef,TOID,32,0,0,1,
dbo,TDOTATIONDEROGATOIREPERIODE,,18,oidDotation,TOID,32,0,0,1,
dbo,TDOTATIONDEROGATOIREPERIODE,,19,oidRepartitionPeriode,TOID,32,0,0,1,
dbo,TDOTATIONDEROGATOIREPERIODE,,20,reintegration,money,8,19,4,1,
dbo,TDOTATIONDEROGATOIREPERIODE,,21,reintegration_CodeDevise,nvarchar,6,0,0,1,
dbo,TDOTATIONDEROGATOIREPERIODE,,22,UpdDate,datetime,8,23,3,1,
dbo,TDOTATIONDEROGATOIREPERIODE,,23,UpdStamp,char,16,0,0,1,
dbo,TDOTATIONDEROGATOIREPERIODE,,24,UpdUser,nvarchar,48,0,0,1,
dbo,TDOTATIONDIFFERE,,1,Caption,nvarchar,256,0,0,1,
dbo,TDOTATIONDIFFERE,,2,forcage,bit,1,1,0,1,
dbo,TDOTATIONDIFFERE,,3,idOTP,int,4,10,0,1,
dbo,TDOTATIONDIFFERE,,4,oid,TOID,32,0,0,0,
dbo,TDOTATIONDIFFERE,,5,oiddotationDonnee,TOID,32,0,0,1,
dbo,TDOTATIONDIFFERE,,6,UpdDate,datetime,8,23,3,1,
dbo,TDOTATIONDIFFERE,,7,UpdStamp,char,16,0,0,1,
dbo,TDOTATIONDIFFERE,,8,UpdUser,nvarchar,48,0,0,1,
dbo,TDOTATIONDIFFERE,,9,ajustValeurBrute,money,8,19,4,1,
dbo,TDOTATIONDIFFERE,,10,ajustValeurBrute_CodeDevise,nvarchar,6,0,0,1,
dbo,TDOTATIONDIFFERE,,11,dateFinPrevue,datetime,8,23,3,1,
dbo,TDOTATIONDIFFERE,,12,dureeASaisir,float,8,53,0,1,
dbo,TDOTATIONDIFFERE,,13,dureeASaisir_Decimales,int,4,10,0,1,
dbo,TDOTATIONDIFFERE,,14,ecartReevaluation,money,8,19,4,1,
dbo,TDOTATIONDIFFERE,,15,ecartReevaluation_CodeDevise,nvarchar,6,0,0,1,
dbo,TDOTATIONDIFFERE,,16,ExceptionnelSortie,money,8,19,4,1,
dbo,TDOTATIONDIFFERE,,17,ExceptionnelSortie_CodeDevise,nvarchar,6,0,0,1,
dbo,TDOTATIONDIFFERE,,18,exerciceAjustement,money,8,19,4,1,
dbo,TDOTATIONDIFFERE,,19,exerciceAjustement_CodeDevise,nvarchar,6,0,0,1,
dbo,TDOTATIONDIFFERE,,20,exerciceDepreciatio,money,8,19,4,1,
dbo,TDOTATIONDIFFERE,,21,exerciceDepreciatio_CodeDevise,nvarchar,6,0,0,1,
dbo,TDOTATIONDIFFERE,,22,indiceCalcul,int,4,10,0,1,
dbo,TDOTATIONDIFFERE,,23,methodeDiffere,smallint,2,5,0,1,
dbo,TDOTATIONDIFFERE,,24,montantDifferable,money,8,19,4,1,
dbo,TDOTATIONDIFFERE,,25,montantDifferable_CodeDevise,nvarchar,6,0,0,1,
dbo,TDOTATIONDIFFERE,,26,montantDiffere,money,8,19,4,1,
dbo,TDOTATIONDIFFERE,,27,montantDiffere_CodeDevise,nvarchar,6,0,0,1,
dbo,TDOTATIONDIFFERE,,28,oidAmortissementComptable,TOID,32,0,0,1,
dbo,TDOTATIONDIFFERE,,29,oidAmortissementFiscal,TOID,32,0,0,1,
dbo,TDOTATIONDIFFERE,,30,oidDotationDerogatoireDiffere,TOID,32,0,0,1,
dbo,TDOTATIONDIFFERE,,31,oidDotationMinimumLegal,TOID,32,0,0,1,
dbo,TDOTATIONDIFFERE,,32,oidPieceDiffereAmortissement,TOID,32,0,0,1,
dbo,TDOTATIONDIFFERE,,33,oidRegleAmortissement,TOID,32,0,0,1,
dbo,TDOTATIONDIFFERE,,34,pourcentage,float,8,53,0,1,
dbo,TDOTATIONDIFFERE,,35,pourcentage_Decimales,int,4,10,0,1,
dbo,TDOTATIONDIFFERE,,36,soldeDiffere,money,8,19,4,1,
dbo,TDOTATIONDIFFERE,,37,soldeDiffere_CodeDevise,nvarchar,6,0,0,1,
dbo,TDOTATIONDIFFERE,,38,valeurBrute,money,8,19,4,1,
dbo,TDOTATIONDIFFERE,,39,valeurBrute_CodeDevise,nvarchar,6,0,0,1,
dbo,TDOTATIONDONNEE,,1,aideFiscales_0,money,8,19,4,1,
dbo,TDOTATIONDONNEE,,2,aideFiscales_1,money,8,19,4,1,
dbo,TDOTATIONDONNEE,,3,aideFiscales_2,money,8,19,4,1,
dbo,TDOTATIONDONNEE,,4,Caption,nvarchar,256,0,0,1,
dbo,TDOTATIONDONNEE,,5,dotationExceptionnelFu_0,money,8,19,4,1,
dbo,TDOTATIONDONNEE,,6,dotationExceptionnelFu_1,money,8,19,4,1,
dbo,TDOTATIONDONNEE,,7,dotationExceptionnelFu_2,money,8,19,4,1,
dbo,TDOTATIONDONNEE,,8,dotationExceptionnelFu_3,money,8,19,4,1,
dbo,TDOTATIONDONNEE,,9,dotationExceptionnelFu_4,money,8,19,4,1,
dbo,TDOTATIONDONNEE,,10,dotationExceptionnelFu_5,money,8,19,4,1,
dbo,TDOTATIONDONNEE,,11,dotationExceptionnelFu_6,money,8,19,4,1,
dbo,TDOTATIONDONNEE,,12,dotationExceptionnelFu_7,money,8,19,4,1,
dbo,TDOTATIONDONNEE,,13,dotationExceptionnelFu_8,money,8,19,4,1,
dbo,TDOTATIONDONNEE,,14,dotationExceptionnelFu_9,money,8,19,4,1,
dbo,TDOTATIONDONNEE,,15,dotationExceptionnelFu_10,money,8,19,4,1,
dbo,TDOTATIONDONNEE,,16,dotationExceptionnelPa_0,money,8,19,4,1,
dbo,TDOTATIONDONNEE,,17,dotationExceptionnelPa_1,money,8,19,4,1,
dbo,TDOTATIONDONNEE,,18,dotationExceptionnelPa_2,money,8,19,4,1,
dbo,TDOTATIONDONNEE,,19,dotationExceptionnelPa_3,money,8,19,4,1,
dbo,TDOTATIONDONNEE,,20,dotationExceptionnelPa_4,money,8,19,4,1,
dbo,TDOTATIONDONNEE,,21,dotationExceptionnelPa_5,money,8,19,4,1,
dbo,TDOTATIONDONNEE,,22,dotationExceptionnelPa_6,money,8,19,4,1,
dbo,TDOTATIONDONNEE,,23,dotationExceptionnelPa_7,money,8,19,4,1,
dbo,TDOTATIONDONNEE,,24,dotationExceptionnelPa_8,money,8,19,4,1,
dbo,TDOTATIONDONNEE,,25,dotationExceptionnelPa_9,money,8,19,4,1,
dbo,TDOTATIONDONNEE,,26,dotationExploitationFu_0,money,8,19,4,1,
dbo,TDOTATIONDONNEE,,27,dotationExploitationFu_1,money,8,19,4,1,
dbo,TDOTATIONDONNEE,,28,dotationExploitationFu_2,money,8,19,4,1,
dbo,TDOTATIONDONNEE,,29,dotationExploitationFu_3,money,8,19,4,1,
dbo,TDOTATIONDONNEE,,30,dotationExploitationFu_4,money,8,19,4,1,
dbo,TDOTATIONDONNEE,,31,dotationExploitationFu_5,money,8,19,4,1,
dbo,TDOTATIONDONNEE,,32,dotationExploitationFu_6,money,8,19,4,1,
dbo,TDOTATIONDONNEE,,33,dotationExploitationFu_7,money,8,19,4,1,
dbo,TDOTATIONDONNEE,,34,dotationExploitationFu_8,money,8,19,4,1,
dbo,TDOTATIONDONNEE,,35,dotationExploitationFu_9,money,8,19,4,1,
dbo,TDOTATIONDONNEE,,36,dotationExploitationFu_10,money,8,19,4,1,
dbo,TDOTATIONDONNEE,,37,dotationExploitationPa_0,money,8,19,4,1,
dbo,TDOTATIONDONNEE,,38,dotationExploitationPa_1,money,8,19,4,1,
dbo,TDOTATIONDONNEE,,39,dotationExploitationPa_2,money,8,19,4,1,
dbo,TDOTATIONDONNEE,,40,dotationExploitationPa_3,money,8,19,4,1,
dbo,TDOTATIONDONNEE,,41,dotationExploitationPa_4,money,8,19,4,1,
dbo,TDOTATIONDONNEE,,42,dotationExploitationPa_5,money,8,19,4,1,
dbo,TDOTATIONDONNEE,,43,dotationExploitationPa_6,money,8,19,4,1,
dbo,TDOTATIONDONNEE,,44,dotationExploitationPa_7,money,8,19,4,1,
dbo,TDOTATIONDONNEE,,45,dotationExploitationPa_8,money,8,19,4,1,
dbo,TDOTATIONDONNEE,,46,dotationExploitationPa_9,money,8,19,4,1,
dbo,TDOTATIONDONNEE,,47,dotations_0,money,8,19,4,1,
dbo,TDOTATIONDONNEE,,48,dotations_1,money,8,19,4,1,
dbo,TDOTATIONDONNEE,,49,dotations_2,money,8,19,4,1,
dbo,TDOTATIONDONNEE,,50,dotations_3,money,8,19,4,1,
dbo,TDOTATIONDONNEE,,51,dotations_4,money,8,19,4,1,
dbo,TDOTATIONDONNEE,,52,dotations_5,money,8,19,4,1,
dbo,TDOTATIONDONNEE,,53,dotations_6,money,8,19,4,1,
dbo,TDOTATIONDONNEE,,54,dotations_7,money,8,19,4,1,
dbo,TDOTATIONDONNEE,,55,dotations_8,money,8,19,4,1,
dbo,TDOTATIONDONNEE,,56,dotations_9,money,8,19,4,1,
dbo,TDOTATIONDONNEE,,57,dotations_10,money,8,19,4,1,
dbo,TDOTATIONDONNEE,,58,dotations_11,money,8,19,4,1,
dbo,TDOTATIONDONNEE,,59,dotations_12,money,8,19,4,1,
dbo,TDOTATIONDONNEE,,60,dotations_13,money,8,19,4,1,
dbo,TDOTATIONDONNEE,,61,dotations_14,money,8,19,4,1,
dbo,TDOTATIONDONNEE,,62,dotations_15,money,8,19,4,1,
dbo,TDOTATIONDONNEE,,63,dotations_16,money,8,19,4,1,
dbo,TDOTATIONDONNEE,,64,dotations_17,money,8,19,4,1,
dbo,TDOTATIONDONNEE,,65,dotations_18,money,8,19,4,1,
dbo,TDOTATIONDONNEE,,66,dotations_19,money,8,19,4,1,
dbo,TDOTATIONDONNEE,,67,dotations_20,money,8,19,4,1,
dbo,TDOTATIONDONNEE,,68,dotations_21,money,8,19,4,1,
dbo,TDOTATIONDONNEE,,69,dotations_22,money,8,19,4,1,
dbo,TDOTATIONDONNEE,,70,dotations_23,money,8,19,4,1,
dbo,TDOTATIONDONNEE,,71,dotations_24,money,8,19,4,1,
dbo,TDOTATIONDONNEE,,72,dotations_25,money,8,19,4,1,
dbo,TDOTATIONDONNEE,,73,dotations_26,money,8,19,4,1,
dbo,TDOTATIONDONNEE,,74,dotations_27,money,8,19,4,1,
dbo,TDOTATIONDONNEE,,75,dotations_28,money,8,19,4,1,
dbo,TDOTATIONDONNEE,,76,dotations_29,money,8,19,4,1,
dbo,TDOTATIONDONNEE,,77,dotations_30,money,8,19,4,1,
dbo,TDOTATIONDONNEE,,78,dotations_31,money,8,19,4,1,
dbo,TDOTATIONDONNEE,,79,dotations_32,money,8,19,4,1,
dbo,TDOTATIONDONNEE,,80,dotations_33,money,8,19,4,1,
dbo,TDOTATIONDONNEE,,81,dotations_34,money,8,19,4,1,
dbo,TDOTATIONDONNEE,,82,dotations_35,money,8,19,4,1,
dbo,TDOTATIONDONNEE,,83,dotations_36,money,8,19,4,1,
dbo,TDOTATIONDONNEE,,84,dotations_37,money,8,19,4,1,
dbo,TDOTATIONDONNEE,,85,dotations_38,money,8,19,4,1,
dbo,TDOTATIONDONNEE,,86,dotations_39,money,8,19,4,1,
dbo,TDOTATIONDONNEE,,87,dotations_40,money,8,19,4,1,
dbo,TDOTATIONDONNEE,,88,dotations_41,money,8,19,4,1,
dbo,TDOTATIONDONNEE,,89,dotations_42,money,8,19,4,1,
dbo,TDOTATIONDONNEE,,90,dotations_43,money,8,19,4,1,
dbo,TDOTATIONDONNEE,,91,dotations_44,money,8,19,4,1,
dbo,TDOTATIONDONNEE,,92,dotations_45,money,8,19,4,1,
dbo,TDOTATIONDONNEE,,93,dotations_46,money,8,19,4,1,
dbo,TDOTATIONDONNEE,,94,dotations_47,money,8,19,4,1,
dbo,TDOTATIONDONNEE,,95,dotations_48,money,8,19,4,1,
dbo,TDOTATIONDONNEE,,96,dotations_49,money,8,19,4,1,
dbo,TDOTATIONDONNEE,,97,dotations_50,money,8,19,4,1,
dbo,TDOTATIONDONNEE,,98,idOTP,int,4,10,0,1,
dbo,TDOTATIONDONNEE,,99,oid,TOID,32,0,0,0,
dbo,TDOTATIONDONNEE,,100,oidDotationSup50,TOID,32,0,0,1,
dbo,TDOTATIONDONNEE,,101,UpdDate,datetime,8,23,3,1,
dbo,TDOTATIONDONNEE,,102,UpdStamp,char,16,0,0,1,
dbo,TDOTATIONDONNEE,,103,UpdUser,nvarchar,48,0,0,1,
dbo,TDOTATIONEVALUATION,,1,Caption,nvarchar,256,0,0,1,
dbo,TDOTATIONEVALUATION,,2,forcage,bit,1,1,0,1,
dbo,TDOTATIONEVALUATION,,3,idOTP,int,4,10,0,1,
dbo,TDOTATIONEVALUATION,,4,oid,TOID,32,0,0,0,
dbo,TDOTATIONEVALUATION,,5,oiddotationDonnee,TOID,32,0,0,1,
dbo,TDOTATIONEVALUATION,,6,UpdDate,datetime,8,23,3,1,
dbo,TDOTATIONEVALUATION,,7,UpdStamp,char,16,0,0,1,
dbo,TDOTATIONEVALUATION,,8,UpdUser,nvarchar,48,0,0,1,
dbo,TDOTATIONEVALUATION,,9,ajustValeurBrute,money,8,19,4,1,
dbo,TDOTATIONEVALUATION,,10,ajustValeurBrute_CodeDevise,nvarchar,6,0,0,1,
dbo,TDOTATIONEVALUATION,,11,annulDepreciation,money,8,19,4,1,
dbo,TDOTATIONEVALUATION,,12,annulDepreciation_CodeDevise,nvarchar,6,0,0,1,
dbo,TDOTATIONEVALUATION,,13,annulDero,money,8,19,4,1,
dbo,TDOTATIONEVALUATION,,14,annulDero_CodeDevise,nvarchar,6,0,0,1,
dbo,TDOTATIONEVALUATION,,15,dateFinPrevue,datetime,8,23,3,1,
dbo,TDOTATIONEVALUATION,,16,dureeASaisir,float,8,53,0,1,
dbo,TDOTATIONEVALUATION,,17,dureeASaisir_Decimales,int,4,10,0,1,
dbo,TDOTATIONEVALUATION,,18,ecartReevaluation,money,8,19,4,1,
dbo,TDOTATIONEVALUATION,,19,ecartReevaluation_CodeDevise,nvarchar,6,0,0,1,
dbo,TDOTATIONEVALUATION,,20,ExceptionnelSortie,money,8,19,4,1,
dbo,TDOTATIONEVALUATION,,21,ExceptionnelSortie_CodeDevise,nvarchar,6,0,0,1,
dbo,TDOTATIONEVALUATION,,22,exerciceAjustement,money,8,19,4,1,
dbo,TDOTATIONEVALUATION,,23,exerciceAjustement_CodeDevise,nvarchar,6,0,0,1,
dbo,TDOTATIONEVALUATION,,24,exerciceDepreciatio,money,8,19,4,1,
dbo,TDOTATIONEVALUATION,,25,exerciceDepreciatio_CodeDevise,nvarchar,6,0,0,1,
dbo,TDOTATIONEVALUATION,,26,indiceCalcul,int,4,10,0,1,
dbo,TDOTATIONEVALUATION,,27,nouvelleValeur,money,8,19,4,1,
dbo,TDOTATIONEVALUATION,,28,nouvelleValeur_CodeDevise,nvarchar,6,0,0,1,
dbo,TDOTATIONEVALUATION,,29,oidAmortissementBien,TOID,32,0,0,1,
dbo,TDOTATIONEVALUATION,,30,oidDotationEvaluation,TOID,32,0,0,1,
dbo,TDOTATIONEVALUATION,,31,oidPieceEvaluationImmo,TOID,32,0,0,1,
dbo,TDOTATIONEVALUATION,,32,oidRegleAmortissement,TOID,32,0,0,1,
dbo,TDOTATIONEVALUATION,,33,reciproque,bit,1,1,0,1,
dbo,TDOTATIONEVALUATION,,34,repriseDeprec,money,8,19,4,1,
dbo,TDOTATIONEVALUATION,,35,repriseDeprec_CodeDevise,nvarchar,6,0,0,1,
dbo,TDOTATIONEVALUATION,,36,valeurBrute,money,8,19,4,1,
dbo,TDOTATIONEVALUATION,,37,valeurBrute_CodeDevise,nvarchar,6,0,0,1,
dbo,TDOTATIONINITIALE,,1,Caption,nvarchar,256,0,0,1,
dbo,TDOTATIONINITIALE,,2,forcage,bit,1,1,0,1,
dbo,TDOTATIONINITIALE,,3,idOTP,int,4,10,0,1,
dbo,TDOTATIONINITIALE,,4,oid,TOID,32,0,0,0,
dbo,TDOTATIONINITIALE,,5,oiddotationDonnee,TOID,32,0,0,1,
dbo,TDOTATIONINITIALE,,6,UpdDate,datetime,8,23,3,1,
dbo,TDOTATIONINITIALE,,7,UpdStamp,char,16,0,0,1,
dbo,TDOTATIONINITIALE,,8,UpdUser,nvarchar,48,0,0,1,
dbo,TDOTATIONINITIALE,,9,cumulAideFiscale,money,8,19,4,1,
dbo,TDOTATIONINITIALE,,10,cumulAideFiscale_CodeDevise,nvarchar,6,0,0,1,
dbo,TDOTATIONINITIALE,,11,cumulAmorti,money,8,19,4,1,
dbo,TDOTATIONINITIALE,,12,cumulAmorti_CodeDevise,nvarchar,6,0,0,1,
dbo,TDOTATIONINITIALE,,13,cumulExceptionnel,money,8,19,4,1,
dbo,TDOTATIONINITIALE,,14,cumulExceptionnel_CodeDevise,nvarchar,6,0,0,1,
dbo,TDOTATIONINITIALE,,15,ExceptionnelSortie,money,8,19,4,1,
dbo,TDOTATIONINITIALE,,16,ExceptionnelSortie_CodeDevise,nvarchar,6,0,0,1,
dbo,TDOTATIONINITIALE,,17,exerciceRattrapage,money,8,19,4,1,
dbo,TDOTATIONINITIALE,,18,exerciceRattrapage_CodeDevise,nvarchar,6,0,0,1,
dbo,TDOTATIONINITIALE,,19,indiceCalcul,int,4,10,0,1,
dbo,TDOTATIONINITIALE,,20,oidamortissementBien,TOID,32,0,0,1,
dbo,TDOTATIONINITIALE,,21,valeurBrute,money,8,19,4,1,
dbo,TDOTATIONINITIALE,,22,valeurBrute_CodeDevise,nvarchar,6,0,0,1,
dbo,TDOTATIONINITIALEREEVALUEE,,1,Caption,nvarchar,256,0,0,1,
dbo,TDOTATIONINITIALEREEVALUEE,,2,forcage,bit,1,1,0,1,
dbo,TDOTATIONINITIALEREEVALUEE,,3,idOTP,int,4,10,0,1,
dbo,TDOTATIONINITIALEREEVALUEE,,4,oid,TOID,32,0,0,0,
dbo,TDOTATIONINITIALEREEVALUEE,,5,oiddotationDonnee,TOID,32,0,0,1,
dbo,TDOTATIONINITIALEREEVALUEE,,6,UpdDate,datetime,8,23,3,1,
dbo,TDOTATIONINITIALEREEVALUEE,,7,UpdStamp,char,16,0,0,1,
dbo,TDOTATIONINITIALEREEVALUEE,,8,UpdUser,nvarchar,48,0,0,1,
dbo,TDOTATIONINITIALEREEVALUEE,,9,cumulAideFiscale,money,8,19,4,1,
dbo,TDOTATIONINITIALEREEVALUEE,,10,cumulAideFiscale_CodeDevise,nvarchar,6,0,0,1,
dbo,TDOTATIONINITIALEREEVALUEE,,11,cumulAmorti,money,8,19,4,1,
dbo,TDOTATIONINITIALEREEVALUEE,,12,cumulAmorti_CodeDevise,nvarchar,6,0,0,1,
dbo,TDOTATIONINITIALEREEVALUEE,,13,cumulDepreciation,money,8,19,4,1,
dbo,TDOTATIONINITIALEREEVALUEE,,14,cumulDepreciation_CodeDevise,nvarchar,6,0,0,1,
dbo,TDOTATIONINITIALEREEVALUEE,,15,cumulExceptionnel,money,8,19,4,1,
dbo,TDOTATIONINITIALEREEVALUEE,,16,cumulExceptionnel_CodeDevise,nvarchar,6,0,0,1,
dbo,TDOTATIONINITIALEREEVALUEE,,17,ExceptionnelSortie,money,8,19,4,1,
dbo,TDOTATIONINITIALEREEVALUEE,,18,ExceptionnelSortie_CodeDevise,nvarchar,6,0,0,1,
dbo,TDOTATIONINITIALEREEVALUEE,,19,exerciceAjustement,money,8,19,4,1,
dbo,TDOTATIONINITIALEREEVALUEE,,20,exerciceAjustement_CodeDevise,nvarchar,6,0,0,1,
dbo,TDOTATIONINITIALEREEVALUEE,,21,exerciceRattrapage,money,8,19,4,1,
dbo,TDOTATIONINITIALEREEVALUEE,,22,exerciceRattrapage_CodeDevise,nvarchar,6,0,0,1,
dbo,TDOTATIONINITIALEREEVALUEE,,23,indiceCalcul,int,4,10,0,1,
dbo,TDOTATIONINITIALEREEVALUEE,,24,oidamortissementBien,TOID,32,0,0,1,
dbo,TDOTATIONINITIALEREEVALUEE,,25,valeurBrute,money,8,19,4,1,
dbo,TDOTATIONINITIALEREEVALUEE,,26,valeurBrute_CodeDevise,nvarchar,6,0,0,1,
dbo,TDOTATIONMINIMUMLEGAL,,1,Caption,nvarchar,256,0,0,1,
dbo,TDOTATIONMINIMUMLEGAL,,2,forcage,bit,1,1,0,1,
dbo,TDOTATIONMINIMUMLEGAL,,3,idOTP,int,4,10,0,1,
dbo,TDOTATIONMINIMUMLEGAL,,4,oid,TOID,32,0,0,0,
dbo,TDOTATIONMINIMUMLEGAL,,5,oiddotationDonnee,TOID,32,0,0,1,
dbo,TDOTATIONMINIMUMLEGAL,,6,UpdDate,datetime,8,23,3,1,
dbo,TDOTATIONMINIMUMLEGAL,,7,UpdStamp,char,16,0,0,1,
dbo,TDOTATIONMINIMUMLEGAL,,8,UpdUser,nvarchar,48,0,0,1,
dbo,TDOTATIONMINIMUMLEGAL,,9,cumulAmorti,money,8,19,4,1,
dbo,TDOTATIONMINIMUMLEGAL,,10,cumulAmorti_CodeDevise,nvarchar,6,0,0,1,
dbo,TDOTATIONMINIMUMLEGAL,,11,dateDebut,datetime,8,23,3,1,
dbo,TDOTATIONMINIMUMLEGAL,,12,dateFin,datetime,8,23,3,1,
dbo,TDOTATIONMINIMUMLEGAL,,13,dateFinPrevue,datetime,8,23,3,1,
dbo,TDOTATIONMINIMUMLEGAL,,14,exceptionnelSortie,money,8,19,4,1,
dbo,TDOTATIONMINIMUMLEGAL,,15,exceptionnelSortie_CodeDevise,nvarchar,6,0,0,1,
dbo,TDOTATIONMINIMUMLEGAL,,16,indiceCalcul,int,4,10,0,1,
dbo,TDOTATIONMINIMUMLEGAL,,17,oidamortissementBien,TOID,32,0,0,1,
dbo,TDOTATIONMINIMUMLEGAL,,18,oidRegleAmortissement,TOID,32,0,0,1,
dbo,TDOTATIONMINIMUMLEGAL,,19,taux,float,8,53,0,1,
dbo,TDOTATIONPLAFONNEE,,1,Caption,nvarchar,256,0,0,1,
dbo,TDOTATIONPLAFONNEE,,2,forcage,bit,1,1,0,1,
dbo,TDOTATIONPLAFONNEE,,3,idOTP,int,4,10,0,1,
dbo,TDOTATIONPLAFONNEE,,4,oid,TOID,32,0,0,0,
dbo,TDOTATIONPLAFONNEE,,5,oiddotationDonnee,TOID,32,0,0,1,
dbo,TDOTATIONPLAFONNEE,,6,UpdDate,datetime,8,23,3,1,
dbo,TDOTATIONPLAFONNEE,,7,UpdStamp,char,16,0,0,1,
dbo,TDOTATIONPLAFONNEE,,8,UpdUser,nvarchar,48,0,0,1,
dbo,TDOTATIONPLAFONNEE,,9,cumulAideFiscale,money,8,19,4,1,
dbo,TDOTATIONPLAFONNEE,,10,cumulAideFiscale_CodeDevise,nvarchar,6,0,0,1,
dbo,TDOTATIONPLAFONNEE,,11,cumulAmorti,money,8,19,4,1,
dbo,TDOTATIONPLAFONNEE,,12,cumulAmorti_CodeDevise,nvarchar,6,0,0,1,
dbo,TDOTATIONPLAFONNEE,,13,cumulExceptionnel,money,8,19,4,1,
dbo,TDOTATIONPLAFONNEE,,14,cumulExceptionnel_CodeDevise,nvarchar,6,0,0,1,
dbo,TDOTATIONPLAFONNEE,,15,cumulReintegration,money,8,19,4,1,
dbo,TDOTATIONPLAFONNEE,,16,cumulReintegration_CodeDevise,nvarchar,6,0,0,1,
dbo,TDOTATIONPLAFONNEE,,17,exceptionnelSortie,money,8,19,4,1,
dbo,TDOTATIONPLAFONNEE,,18,exceptionnelSortie_CodeDevise,nvarchar,6,0,0,1,
dbo,TDOTATIONPLAFONNEE,,19,exerciceRattrapage,money,8,19,4,1,
dbo,TDOTATIONPLAFONNEE,,20,exerciceRattrapage_CodeDevise,nvarchar,6,0,0,1,
dbo,TDOTATIONPLAFONNEE,,21,indiceCalcul,int,4,10,0,1,
dbo,TDOTATIONPLAFONNEE,,22,oidamortissementBien,TOID,32,0,0,1,
dbo,TDOTATIONPLAFONNEE,,23,valeurBrute,money,8,19,4,1,
dbo,TDOTATIONPLAFONNEE,,24,valeurBrute_CodeDevise,nvarchar,6,0,0,1,
dbo,TDOTATIONREGULARISATION,,1,Caption,nvarchar,256,0,0,1,
dbo,TDOTATIONREGULARISATION,,2,forcage,bit,1,1,0,1,
dbo,TDOTATIONREGULARISATION,,3,idOTP,int,4,10,0,1,
dbo,TDOTATIONREGULARISATION,,4,oid,TOID,32,0,0,0,
dbo,TDOTATIONREGULARISATION,,5,oiddotationDonnee,TOID,32,0,0,1,
dbo,TDOTATIONREGULARISATION,,6,UpdDate,datetime,8,23,3,1,
dbo,TDOTATIONREGULARISATION,,7,UpdStamp,char,16,0,0,1,
dbo,TDOTATIONREGULARISATION,,8,UpdUser,nvarchar,48,0,0,1,
dbo,TDOTATIONREGULARISATION,,9,exerciceException,money,8,19,4,1,
dbo,TDOTATIONREGULARISATION,,10,exerciceException_CodeDevise,nvarchar,6,0,0,1,
dbo,TDOTATIONREGULARISATION,,11,indiceCalcul,int,4,10,0,1,
dbo,TDOTATIONREGULARISATION,,12,montantRegul,money,8,19,4,1,
dbo,TDOTATIONREGULARISATION,,13,montantRegul_CodeDevise,nvarchar,6,0,0,1,
dbo,TDOTATIONREGULARISATION,,14,oidAmortissementBien,TOID,32,0,0,1,
dbo,TDOTATIONREGULARISATION,,15,oidDetailRegularisation,TOID,32,0,0,1,
dbo,TDOTATIONREGULARISATION,,16,oidRegleAmortissement,TOID,32,0,0,1,
dbo,TDOTATIONREGULARISATION,,17,valeurBrute,money,8,19,4,1,
dbo,TDOTATIONREGULARISATION,,18,valeurBrute_CodeDevise,nvarchar,6,0,0,1,
dbo,TDOTATIONREGULARISATION,,19,variationVB,money,8,19,4,1,
dbo,TDOTATIONREGULARISATION,,20,variationVB_CodeDevise,nvarchar,6,0,0,1,
dbo,TDOTATIONTABLEAU,,1,Caption,nvarchar,256,0,0,1,
dbo,TDOTATIONTABLEAU,,2,dotations_0,money,8,19,4,1,
dbo,TDOTATIONTABLEAU,,3,dotations_1,money,8,19,4,1,
dbo,TDOTATIONTABLEAU,,4,dotations_2,money,8,19,4,1,
dbo,TDOTATIONTABLEAU,,5,dotations_3,money,8,19,4,1,
dbo,TDOTATIONTABLEAU,,6,dotations_4,money,8,19,4,1,
dbo,TDOTATIONTABLEAU,,7,dotations_5,money,8,19,4,1,
dbo,TDOTATIONTABLEAU,,8,dotations_6,money,8,19,4,1,
dbo,TDOTATIONTABLEAU,,9,dotations_7,money,8,19,4,1,
dbo,TDOTATIONTABLEAU,,10,dotations_8,money,8,19,4,1,
dbo,TDOTATIONTABLEAU,,11,dotations_9,money,8,19,4,1,
dbo,TDOTATIONTABLEAU,,12,dotations_10,money,8,19,4,1,
dbo,TDOTATIONTABLEAU,,13,dotations_11,money,8,19,4,1,
dbo,TDOTATIONTABLEAU,,14,dotations_12,money,8,19,4,1,
dbo,TDOTATIONTABLEAU,,15,dotations_13,money,8,19,4,1,
dbo,TDOTATIONTABLEAU,,16,dotations_14,money,8,19,4,1,
dbo,TDOTATIONTABLEAU,,17,dotations_15,money,8,19,4,1,
dbo,TDOTATIONTABLEAU,,18,dotations_16,money,8,19,4,1,
dbo,TDOTATIONTABLEAU,,19,dotations_17,money,8,19,4,1,
dbo,TDOTATIONTABLEAU,,20,dotations_18,money,8,19,4,1,
dbo,TDOTATIONTABLEAU,,21,dotations_19,money,8,19,4,1,
dbo,TDOTATIONTABLEAU,,22,dotations_20,money,8,19,4,1,
dbo,TDOTATIONTABLEAU,,23,dotations_21,money,8,19,4,1,
dbo,TDOTATIONTABLEAU,,24,dotations_22,money,8,19,4,1,
dbo,TDOTATIONTABLEAU,,25,dotations_23,money,8,19,4,1,
dbo,TDOTATIONTABLEAU,,26,dotations_24,money,8,19,4,1,
dbo,TDOTATIONTABLEAU,,27,dotations_25,money,8,19,4,1,
dbo,TDOTATIONTABLEAU,,28,dotations_26,money,8,19,4,1,
dbo,TDOTATIONTABLEAU,,29,dotations_27,money,8,19,4,1,
dbo,TDOTATIONTABLEAU,,30,dotations_28,money,8,19,4,1,
dbo,TDOTATIONTABLEAU,,31,dotations_29,money,8,19,4,1,
dbo,TDOTATIONTABLEAU,,32,dotations_30,money,8,19,4,1,
dbo,TDOTATIONTABLEAU,,33,dotations_31,money,8,19,4,1,
dbo,TDOTATIONTABLEAU,,34,dotations_32,money,8,19,4,1,
dbo,TDOTATIONTABLEAU,,35,dotations_33,money,8,19,4,1,
dbo,TDOTATIONTABLEAU,,36,dotations_34,money,8,19,4,1,
dbo,TDOTATIONTABLEAU,,37,dotations_35,money,8,19,4,1,
dbo,TDOTATIONTABLEAU,,38,dotations_36,money,8,19,4,1,
dbo,TDOTATIONTABLEAU,,39,dotations_37,money,8,19,4,1,
dbo,TDOTATIONTABLEAU,,40,dotations_38,money,8,19,4,1,
dbo,TDOTATIONTABLEAU,,41,dotations_39,money,8,19,4,1,
dbo,TDOTATIONTABLEAU,,42,dotations_40,money,8,19,4,1,
dbo,TDOTATIONTABLEAU,,43,dotations_41,money,8,19,4,1,
dbo,TDOTATIONTABLEAU,,44,dotations_42,money,8,19,4,1,
dbo,TDOTATIONTABLEAU,,45,dotations_43,money,8,19,4,1,
dbo,TDOTATIONTABLEAU,,46,dotations_44,money,8,19,4,1,
dbo,TDOTATIONTABLEAU,,47,dotations_45,money,8,19,4,1,
dbo,TDOTATIONTABLEAU,,48,dotations_46,money,8,19,4,1,
dbo,TDOTATIONTABLEAU,,49,dotations_47,money,8,19,4,1,
dbo,TDOTATIONTABLEAU,,50,dotations_48,money,8,19,4,1,
dbo,TDOTATIONTABLEAU,,51,dotations_49,money,8,19,4,1,
dbo,TDOTATIONTABLEAU,,52,dotations_50,money,8,19,4,1,
dbo,TDOTATIONTABLEAU,,53,dotations_51,money,8,19,4,1,
dbo,TDOTATIONTABLEAU,,54,dotations_52,money,8,19,4,1,
dbo,TDOTATIONTABLEAU,,55,dotations_53,money,8,19,4,1,
dbo,TDOTATIONTABLEAU,,56,dotations_54,money,8,19,4,1,
dbo,TDOTATIONTABLEAU,,57,dotations_55,money,8,19,4,1,
dbo,TDOTATIONTABLEAU,,58,dotations_56,money,8,19,4,1,
dbo,TDOTATIONTABLEAU,,59,dotations_57,money,8,19,4,1,
dbo,TDOTATIONTABLEAU,,60,dotations_58,money,8,19,4,1,
dbo,TDOTATIONTABLEAU,,61,dotations_59,money,8,19,4,1,
dbo,TDOTATIONTABLEAU,,62,dotations_60,money,8,19,4,1,
dbo,TDOTATIONTABLEAU,,63,dotations_61,money,8,19,4,1,
dbo,TDOTATIONTABLEAU,,64,dotations_62,money,8,19,4,1,
dbo,TDOTATIONTABLEAU,,65,dotations_63,money,8,19,4,1,
dbo,TDOTATIONTABLEAU,,66,dotations_64,money,8,19,4,1,
dbo,TDOTATIONTABLEAU,,67,dotations_65,money,8,19,4,1,
dbo,TDOTATIONTABLEAU,,68,dotations_66,money,8,19,4,1,
dbo,TDOTATIONTABLEAU,,69,dotations_67,money,8,19,4,1,
dbo,TDOTATIONTABLEAU,,70,dotations_68,money,8,19,4,1,
dbo,TDOTATIONTABLEAU,,71,dotations_69,money,8,19,4,1,
dbo,TDOTATIONTABLEAU,,72,dotations_70,money,8,19,4,1,
dbo,TDOTATIONTABLEAU,,73,dotations_71,money,8,19,4,1,
dbo,TDOTATIONTABLEAU,,74,dotations_72,money,8,19,4,1,
dbo,TDOTATIONTABLEAU,,75,dotations_73,money,8,19,4,1,
dbo,TDOTATIONTABLEAU,,76,dotations_74,money,8,19,4,1,
dbo,TDOTATIONTABLEAU,,77,dotations_75,money,8,19,4,1,
dbo,TDOTATIONTABLEAU,,78,dotations_76,money,8,19,4,1,
dbo,TDOTATIONTABLEAU,,79,dotations_77,money,8,19,4,1,
dbo,TDOTATIONTABLEAU,,80,dotations_78,money,8,19,4,1,
dbo,TDOTATIONTABLEAU,,81,dotations_79,money,8,19,4,1,
dbo,TDOTATIONTABLEAU,,82,dotations_80,money,8,19,4,1,
dbo,TDOTATIONTABLEAU,,83,dotations_81,money,8,19,4,1,
dbo,TDOTATIONTABLEAU,,84,dotations_82,money,8,19,4,1,
dbo,TDOTATIONTABLEAU,,85,dotations_83,money,8,19,4,1,
dbo,TDOTATIONTABLEAU,,86,dotations_84,money,8,19,4,1,
dbo,TDOTATIONTABLEAU,,87,dotations_85,money,8,19,4,1,
dbo,TDOTATIONTABLEAU,,88,dotations_86,money,8,19,4,1,
dbo,TDOTATIONTABLEAU,,89,dotations_87,money,8,19,4,1,
dbo,TDOTATIONTABLEAU,,90,dotations_88,money,8,19,4,1,
dbo,TDOTATIONTABLEAU,,91,dotations_89,money,8,19,4,1,
dbo,TDOTATIONTABLEAU,,92,dotations_90,money,8,19,4,1,
dbo,TDOTATIONTABLEAU,,93,dotations_91,money,8,19,4,1,
dbo,TDOTATIONTABLEAU,,94,dotations_92,money,8,19,4,1,
dbo,TDOTATIONTABLEAU,,95,dotations_93,money,8,19,4,1,
dbo,TDOTATIONTABLEAU,,96,dotations_94,money,8,19,4,1,
dbo,TDOTATIONTABLEAU,,97,dotations_95,money,8,19,4,1,
dbo,TDOTATIONTABLEAU,,98,dotations_96,money,8,19,4,1,
dbo,TDOTATIONTABLEAU,,99,dotations_97,money,8,19,4,1,
dbo,TDOTATIONTABLEAU,,100,dotations_98,money,8,19,4,1,
dbo,TDOTATIONTABLEAU,,101,dotations_99,money,8,19,4,1,
dbo,TDOTATIONTABLEAU,,102,dotations_100,money,8,19,4,1,
dbo,TDOTATIONTABLEAU,,103,dotations_101,money,8,19,4,1,
dbo,TDOTATIONTABLEAU,,104,dotations_102,money,8,19,4,1,
dbo,TDOTATIONTABLEAU,,105,dotations_103,money,8,19,4,1,
dbo,TDOTATIONTABLEAU,,106,dotations_104,money,8,19,4,1,
dbo,TDOTATIONTABLEAU,,107,dotations_105,money,8,19,4,1,
dbo,TDOTATIONTABLEAU,,108,dotations_106,money,8,19,4,1,
dbo,TDOTATIONTABLEAU,,109,dotations_107,money,8,19,4,1,
dbo,TDOTATIONTABLEAU,,110,dotations_108,money,8,19,4,1,
dbo,TDOTATIONTABLEAU,,111,dotations_109,money,8,19,4,1,
dbo,TDOTATIONTABLEAU,,112,dotations_110,money,8,19,4,1,
dbo,TDOTATIONTABLEAU,,113,dotations_111,money,8,19,4,1,
dbo,TDOTATIONTABLEAU,,114,dotations_112,money,8,19,4,1,
dbo,TDOTATIONTABLEAU,,115,dotations_113,money,8,19,4,1,
dbo,TDOTATIONTABLEAU,,116,dotations_114,money,8,19,4,1,
dbo,TDOTATIONTABLEAU,,117,dotations_115,money,8,19,4,1,
dbo,TDOTATIONTABLEAU,,118,dotations_116,money,8,19,4,1,
dbo,TDOTATIONTABLEAU,,119,dotations_117,money,8,19,4,1,
dbo,TDOTATIONTABLEAU,,120,dotations_118,money,8,19,4,1,
dbo,TDOTATIONTABLEAU,,121,dotations_119,money,8,19,4,1,
dbo,TDOTATIONTABLEAU,,122,dotations_120,money,8,19,4,1,
dbo,TDOTATIONTABLEAU,,123,dotations_121,money,8,19,4,1,
dbo,TDOTATIONTABLEAU,,124,dotations_122,money,8,19,4,1,
dbo,TDOTATIONTABLEAU,,125,dotations_123,money,8,19,4,1,
dbo,TDOTATIONTABLEAU,,126,dotations_124,money,8,19,4,1,
dbo,TDOTATIONTABLEAU,,127,dotations_125,money,8,19,4,1,
dbo,TDOTATIONTABLEAU,,128,dotations_126,money,8,19,4,1,
dbo,TDOTATIONTABLEAU,,129,dotations_127,money,8,19,4,1,
dbo,TDOTATIONTABLEAU,,130,dotations_128,money,8,19,4,1,
dbo,TDOTATIONTABLEAU,,131,dotations_129,money,8,19,4,1,
dbo,TDOTATIONTABLEAU,,132,dotations_130,money,8,19,4,1,
dbo,TDOTATIONTABLEAU,,133,dotations_131,money,8,19,4,1,
dbo,TDOTATIONTABLEAU,,134,dotations_132,money,8,19,4,1,
dbo,TDOTATIONTABLEAU,,135,dotations_133,money,8,19,4,1,
dbo,TDOTATIONTABLEAU,,136,dotations_134,money,8,19,4,1,
dbo,TDOTATIONTABLEAU,,137,dotations_135,money,8,19,4,1,
dbo,TDOTATIONTABLEAU,,138,dotations_136,money,8,19,4,1,
dbo,TDOTATIONTABLEAU,,139,dotations_137,money,8,19,4,1,
dbo,TDOTATIONTABLEAU,,140,dotations_138,money,8,19,4,1,
dbo,TDOTATIONTABLEAU,,141,dotations_139,money,8,19,4,1,
dbo,TDOTATIONTABLEAU,,142,dotations_140,money,8,19,4,1,
dbo,TDOTATIONTABLEAU,,143,dotations_141,money,8,19,4,1,
dbo,TDOTATIONTABLEAU,,144,dotations_142,money,8,19,4,1,
dbo,TDOTATIONTABLEAU,,145,dotations_143,money,8,19,4,1,
dbo,TDOTATIONTABLEAU,,146,dotations_144,money,8,19,4,1,
dbo,TDOTATIONTABLEAU,,147,dotations_145,money,8,19,4,1,
dbo,TDOTATIONTABLEAU,,148,dotations_146,money,8,19,4,1,
dbo,TDOTATIONTABLEAU,,149,dotations_147,money,8,19,4,1,
dbo,TDOTATIONTABLEAU,,150,dotations_148,money,8,19,4,1,
dbo,TDOTATIONTABLEAU,,151,dotations_149,money,8,19,4,1,
dbo,TDOTATIONTABLEAU,,152,dotations_150,money,8,19,4,1,
dbo,TDOTATIONTABLEAU,,153,idOTP,int,4,10,0,1,
dbo,TDOTATIONTABLEAU,,154,oid,TOID,32,0,0,0,
dbo,TDOTATIONTABLEAU,,155,UpdDate,datetime,8,23,3,1,
dbo,TDOTATIONTABLEAU,,156,UpdStamp,char,16,0,0,1,
dbo,TDOTATIONTABLEAU,,157,UpdUser,nvarchar,48,0,0,1,
dbo,TDOTATIONVALORISATION,,1,Caption,nvarchar,256,0,0,1,
dbo,TDOTATIONVALORISATION,,2,forcage,bit,1,1,0,1,
dbo,TDOTATIONVALORISATION,,3,idOTP,int,4,10,0,1,
dbo,TDOTATIONVALORISATION,,4,oid,TOID,32,0,0,0,
dbo,TDOTATIONVALORISATION,,5,oiddotationDonnee,TOID,32,0,0,1,
dbo,TDOTATIONVALORISATION,,6,UpdDate,datetime,8,23,3,1,
dbo,TDOTATIONVALORISATION,,7,UpdStamp,char,16,0,0,1,
dbo,TDOTATIONVALORISATION,,8,UpdUser,nvarchar,48,0,0,1,
dbo,TDOTATIONVALORISATION,,9,exceptionnelSortie,money,8,19,4,1,
dbo,TDOTATIONVALORISATION,,10,exceptionnelSortie_CodeDevise,nvarchar,6,0,0,1,
dbo,TDOTATIONVALORISATION,,11,exerciceAjustement,money,8,19,4,1,
dbo,TDOTATIONVALORISATION,,12,exerciceAjustement_CodeDevise,nvarchar,6,0,0,1,
dbo,TDOTATIONVALORISATION,,13,indiceCalcul,int,4,10,0,1,
dbo,TDOTATIONVALORISATION,,14,oidAmortissementBien,TOID,32,0,0,1,
dbo,TDOTATIONVALORISATION,,15,oidPieceValorisationBien,TOID,32,0,0,1,
dbo,TDOTATIONVALORISATION,,16,oidRegleAmortissement,TOID,32,0,0,1,
dbo,TDOTATIONVALORISATION,,17,rattrapage,money,8,19,4,1,
dbo,TDOTATIONVALORISATION,,18,rattrapage_CodeDevise,nvarchar,6,0,0,1,
dbo,TDOTATIONVALORISATION,,19,valeurBrute,money,8,19,4,1,
dbo,TDOTATIONVALORISATION,,20,valeurBrute_CodeDevise,nvarchar,6,0,0,1,
dbo,TDROITS,,1,Caption,nvarchar,256,0,0,1,
dbo,TDROITS,,2,codeRestrict,nvarchar,256,0,0,1,
dbo,TDROITS,,3,idOTP,int,4,10,0,1,
dbo,TDROITS,,4,oid,TOID,32,0,0,0,
dbo,TDROITS,,5,oidInterdiction,TOID,32,0,0,1,
dbo,TDROITS,,6,oidRestrictions,TOID,32,0,0,1,
dbo,TDROITS,,7,oldInterdiction,nvarchar,256,0,0,1,
dbo,TDROITS,,8,secondaire,bit,1,1,0,1,
dbo,TDROITS,,9,UpdDate,datetime,8,23,3,1,
dbo,TDROITS,,10,UpdStamp,char,16,0,0,1,
dbo,TDROITS,,11,UpdUser,nvarchar,48,0,0,1,
dbo,TDUREECOEFFICIENT,,1,Caption,nvarchar,256,0,0,1,
dbo,TDUREECOEFFICIENT,,2,coefficient,float,8,53,0,1,
dbo,TDUREECOEFFICIENT,,3,coefficient_Decimales,int,4,10,0,1,
dbo,TDUREECOEFFICIENT,,4,comparateur,smallint,2,5,0,1,
dbo,TDUREECOEFFICIENT,,5,duree,int,4,10,0,1,
dbo,TDUREECOEFFICIENT,,6,dureeReference,float,8,53,0,1,
dbo,TDUREECOEFFICIENT,,7,idOTP,int,4,10,0,1,
dbo,TDUREECOEFFICIENT,,8,oid,TOID,32,0,0,0,
dbo,TDUREECOEFFICIENT,,9,oidPeriodeCoefficient,TOID,32,0,0,1,
dbo,TDUREECOEFFICIENT,,10,UpdDate,datetime,8,23,3,1,
dbo,TDUREECOEFFICIENT,,11,UpdStamp,char,16,0,0,1,
dbo,TDUREECOEFFICIENT,,12,UpdUser,nvarchar,48,0,0,1,
dbo,TECARTREGLEMENT,,1,Caption,nvarchar,256,0,0,1,
dbo,TECARTREGLEMENT,,2,escompte,bit,1,1,0,1,
dbo,TECARTREGLEMENT,,3,idOTP,int,4,10,0,1,
dbo,TECARTREGLEMENT,,4,montant,money,8,19,4,1,
dbo,TECARTREGLEMENT,,5,montant_CodeDevise,nvarchar,6,0,0,1,
dbo,TECARTREGLEMENT,,6,oid,TOID,32,0,0,0,
dbo,TECARTREGLEMENT,,7,oidcompteGeneral,TOID,32,0,0,1,
dbo,TECARTREGLEMENT,,8,oidProfilTVA,TOID,32,0,0,1,
dbo,TECARTREGLEMENT,,9,oidreglement,TOID,32,0,0,1,
dbo,TECARTREGLEMENT,,10,oidRoleTiers,TOID,32,0,0,1,
dbo,TECARTREGLEMENT,,11,UpdDate,datetime,8,23,3,1,
dbo,TECARTREGLEMENT,,12,UpdStamp,char,16,0,0,1,
dbo,TECARTREGLEMENT,,13,UpdUser,nvarchar,48,0,0,1,
dbo,TECHEANCE,,1,aRegler,bit,1,1,0,1,
dbo,TECHEANCE,,2,Caption,nvarchar,256,0,0,1,
dbo,TECHEANCE,,3,couvertureLettrage,money,8,19,4,1,
dbo,TECHEANCE,,4,couvertureLettrage_CodeDevise,nvarchar,6,0,0,1,
dbo,TECHEANCE,,5,couvertureLettrage_Date,datetime,8,23,3,1,
dbo,TECHEANCE,,6,couvertureLettrage_TCConv,nvarchar,256,0,0,1,
dbo,TECHEANCE,,7,couvertureLettrage_TCValue,money,8,19,4,1,
dbo,TECHEANCE,,8,couvertureLettrage_RPConv,nvarchar,256,0,0,1,
dbo,TECHEANCE,,9,couvertureLettrage_RPValue,money,8,19,4,1,
dbo,TECHEANCE,,10,dateEcheance,datetime,8,23,3,1,
dbo,TECHEANCE,,11,dateLettrage,datetime,8,23,3,1,
dbo,TECHEANCE,,12,dateOrigine,datetime,8,23,3,1,
dbo,TECHEANCE,,13,exporte,bit,1,1,0,1,
dbo,TECHEANCE,,14,idOTP,int,4,10,0,1,
dbo,TECHEANCE,,15,montant,money,8,19,4,1,
dbo,TECHEANCE,,16,montant_CodeDevise,nvarchar,6,0,0,1,
dbo,TECHEANCE,,17,montant_Date,datetime,8,23,3,1,
dbo,TECHEANCE,,18,montant_TCConv,nvarchar,256,0,0,1,
dbo,TECHEANCE,,19,montant_TCValue,money,8,19,4,1,
dbo,TECHEANCE,,20,montant_RPConv,nvarchar,256,0,0,1,
dbo,TECHEANCE,,21,montant_RPValue,money,8,19,4,1,
dbo,TECHEANCE,,22,montantARegler,money,8,19,4,1,
dbo,TECHEANCE,,23,oid,TOID,32,0,0,0,
dbo,TECHEANCE,,24,oidBordereauReglement,TOID,32,0,0,1,
dbo,TECHEANCE,,25,oidCompteBancaireTiers,TOID,32,0,0,1,
dbo,TECHEANCE,,26,oidDeclarationDAS2Seuil,TOID,32,0,0,1,
dbo,TECHEANCE,,27,oidderniereRelance,TOID,32,0,0,1,
dbo,TECHEANCE,,28,oidEcriture,TOID,32,0,0,1,
dbo,TECHEANCE,,29,oidLettrage,TOID,32,0,0,1,
dbo,TECHEANCE,,30,oidMarquageEcheance,TOID,32,0,0,1,
dbo,TECHEANCE,,31,oidModeReglement,TOID,32,0,0,1,
dbo,TECHEANCE,,32,oidreglementEmis,TOID,32,0,0,1,
dbo,TECHEANCE,,33,oidreleve,TOID,32,0,0,1,
dbo,TECHEANCE,,34,referenceExterne,nvarchar,256,0,0,1,
dbo,TECHEANCE,,35,rgltNonAutorise,bit,1,1,0,1,
dbo,TECHEANCE,,36,sens,smallint,2,5,0,1,
dbo,TECHEANCE,,37,typeAcceptation,smallint,2,5,0,1,
dbo,TECHEANCE,,38,UpdDate,datetime,8,23,3,1,
dbo,TECHEANCE,,39,UpdStamp,char,16,0,0,1,
dbo,TECHEANCE,,40,UpdUser,nvarchar,48,0,0,1,
dbo,TECHEANCE,,41,oidMandatSEPA,TOID,32,0,0,1,
dbo,TECHEANCEMENT,,1,Caption,nvarchar,256,0,0,1,
dbo,TECHEANCEMENT,,2,code,nvarchar,256,0,0,1,
dbo,TECHEANCEMENT,,3,commentaire,nvarchar,-1,0,0,1,
dbo,TECHEANCEMENT,,4,idOTP,int,4,10,0,1,
dbo,TECHEANCEMENT,,5,oid,TOID,32,0,0,0,
dbo,TECHEANCEMENT,,6,UpdDate,datetime,8,23,3,1,
dbo,TECHEANCEMENT,,7,UpdStamp,char,16,0,0,1,
dbo,TECHEANCEMENT,,8,UpdUser,nvarchar,48,0,0,1,
dbo,TECHEANCEREGLEMENT,,1,Caption,nvarchar,256,0,0,1,
dbo,TECHEANCEREGLEMENT,,2,comptabilise,bit,1,1,0,1,
dbo,TECHEANCEREGLEMENT,,3,dateEcheanceOrigine,datetime,8,23,3,1,
dbo,TECHEANCEREGLEMENT,,4,idEcheanceOrigine,nvarchar,256,0,0,1,
dbo,TECHEANCEREGLEMENT,,5,idOTP,int,4,10,0,1,
dbo,TECHEANCEREGLEMENT,,6,montant,money,8,19,4,1,
dbo,TECHEANCEREGLEMENT,,7,montant_CodeDevise,nvarchar,6,0,0,1,
dbo,TECHEANCEREGLEMENT,,8,montantRegle,money,8,19,4,1,
dbo,TECHEANCEREGLEMENT,,9,montantRegle_CodeDevise,nvarchar,6,0,0,1,
dbo,TECHEANCEREGLEMENT,,10,oid,TOID,32,0,0,0,
dbo,TECHEANCEREGLEMENT,,11,oidEcheance,TOID,32,0,0,1,
dbo,TECHEANCEREGLEMENT,,12,oidProfilTVA,TOID,32,0,0,1,
dbo,TECHEANCEREGLEMENT,,13,oidReglement,TOID,32,0,0,1,
dbo,TECHEANCEREGLEMENT,,14,oidSocieteSource,TOID,32,0,0,1,
dbo,TECHEANCEREGLEMENT,,15,pourcentageEscompte,float,8,53,0,1,
dbo,TECHEANCEREGLEMENT,,16,pourcentageEscompte_Decimales,int,4,10,0,1,
dbo,TECHEANCEREGLEMENT,,17,UpdDate,datetime,8,23,3,1,
dbo,TECHEANCEREGLEMENT,,18,UpdStamp,char,16,0,0,1,
dbo,TECHEANCEREGLEMENT,,19,UpdUser,nvarchar,48,0,0,1,
dbo,TECHEANCERELANCE,,1,Caption,nvarchar,256,0,0,1,
dbo,TECHEANCERELANCE,,2,idOTP,int,4,10,0,1,
dbo,TECHEANCERELANCE,,3,oid,TOID,32,0,0,0,
dbo,TECHEANCERELANCE,,4,oidEcheance,TOID,32,0,0,1,
dbo,TECHEANCERELANCE,,5,oidRelance,TOID,32,0,0,1,
dbo,TECHEANCERELANCE,,6,Report,bit,1,1,0,1,
dbo,TECHEANCERELANCE,,7,UpdDate,datetime,8,23,3,1,
dbo,TECHEANCERELANCE,,8,UpdStamp,char,16,0,0,1,
dbo,TECHEANCERELANCE,,9,UpdUser,nvarchar,48,0,0,1,
dbo,TECLATEMENTBIEN,,1,Caption,nvarchar,256,0,0,1,
dbo,TECLATEMENTBIEN,,2,dateEffet,datetime,8,23,3,1,
dbo,TECLATEMENTBIEN,,3,eclatementBien,smallint,2,5,0,1,
dbo,TECLATEMENTBIEN,,4,eDate,datetime,8,23,3,1,
dbo,TECLATEMENTBIEN,,5,enregistre,bit,1,1,0,1,
dbo,TECLATEMENTBIEN,,6,erreurTraitementList,nvarchar,-1,0,0,1,
dbo,TECLATEMENTBIEN,,7,idOTP,int,4,10,0,1,
dbo,TECLATEMENTBIEN,,8,montantInitial,money,8,19,4,1,
dbo,TECLATEMENTBIEN,,9,montantInitial_CodeDevise,nvarchar,6,0,0,1,
dbo,TECLATEMENTBIEN,,10,numero,nvarchar,64,0,0,1,
dbo,TECLATEMENTBIEN,,11,numero_CounterName,nvarchar,64,0,0,1,
dbo,TECLATEMENTBIEN,,12,numeroTraitement,int,4,10,0,1,
dbo,TECLATEMENTBIEN,,13,oid,TOID,32,0,0,0,
dbo,TECLATEMENTBIEN,,14,oidbienComptable,TOID,32,0,0,1,
dbo,TECLATEMENTBIEN,,15,quantiteInitiale,float,8,53,0,1,
dbo,TECLATEMENTBIEN,,16,quantiteInitiale_Decimales,int,4,10,0,1,
dbo,TECLATEMENTBIEN,,17,quantiteInitiale_CodeUnit,nvarchar,64,0,0,1,
dbo,TECLATEMENTBIEN,,18,UpdDate,datetime,8,23,3,1,
dbo,TECLATEMENTBIEN,,19,UpdStamp,char,16,0,0,1,
dbo,TECLATEMENTBIEN,,20,UpdUser,nvarchar,48,0,0,1,
dbo,TECLATEMENTBIEN,,21,creerPieceChgmtMethode,bit,1,1,0,1,
dbo,TECLATEMENTBIEN,,22,dateCalculDotation,smallint,2,5,0,1,
dbo,TECLATEMENTBIEN,,23,oidNumeroEnsembleImmo,TOID,32,0,0,1,
dbo,TECLATEMENTBIEN,,24,oidschemaEclatementBien,TOID,32,0,0,1,
dbo,TECLATEMENTBIEN,,25,regularisationRattrapage,smallint,2,5,0,1,
dbo,TECLATEMENTBIEN,,26,repliquerNumEnsemble,bit,1,1,0,1,
dbo,TECLATEMENTBIEN,,27,nombreBien,int,4,10,0,1,
dbo,TECLATEMENTBIENDETAIL,,1,Caption,nvarchar,256,0,0,1,
dbo,TECLATEMENTBIENDETAIL,,2,captionBienCree,nvarchar,256,0,0,1,
dbo,TECLATEMENTBIENDETAIL,,3,idOTP,int,4,10,0,1,
dbo,TECLATEMENTBIENDETAIL,,4,libelle2biencree,nvarchar,256,0,0,1,
dbo,TECLATEMENTBIENDETAIL,,5,montant,money,8,19,4,1,
dbo,TECLATEMENTBIENDETAIL,,6,montant_CodeDevise,nvarchar,6,0,0,1,
dbo,TECLATEMENTBIENDETAIL,,7,oid,TOID,32,0,0,0,
dbo,TECLATEMENTBIENDETAIL,,8,oidbienComptable,TOID,32,0,0,1,
dbo,TECLATEMENTBIENDETAIL,,9,oidEclatementBien,TOID,32,0,0,1,
dbo,TECLATEMENTBIENDETAIL,,10,oidFamilleBien,TOID,32,0,0,1,
dbo,TECLATEMENTBIENDETAIL,,11,oidNumeroEnsembleImmo,TOID,32,0,0,1,
dbo,TECLATEMENTBIENDETAIL,,12,oidSchemaEclatementDetail,TOID,32,0,0,1,
dbo,TECLATEMENTBIENDETAIL,,13,pourcentage,float,8,53,0,1,
dbo,TECLATEMENTBIENDETAIL,,14,quantite,float,8,53,0,1,
dbo,TECLATEMENTBIENDETAIL,,15,quantite_Decimales,int,4,10,0,1,
dbo,TECLATEMENTBIENDETAIL,,16,quantite_CodeUnit,nvarchar,64,0,0,1,
dbo,TECLATEMENTBIENDETAIL,,17,UpdDate,datetime,8,23,3,1,
dbo,TECLATEMENTBIENDETAIL,,18,UpdStamp,char,16,0,0,1,
dbo,TECLATEMENTBIENDETAIL,,19,UpdUser,nvarchar,48,0,0,1,
dbo,TECLATEMENTBP,,1,Caption,nvarchar,256,0,0,1,
dbo,TECLATEMENTBP,,2,dateEffet,datetime,8,23,3,1,
dbo,TECLATEMENTBP,,3,dateTraitement,datetime,8,23,3,1,
dbo,TECLATEMENTBP,,4,idOTP,int,4,10,0,1,
dbo,TECLATEMENTBP,,5,nombreBien,int,4,10,0,1,
dbo,TECLATEMENTBP,,6,numero,nvarchar,64,0,0,1,
dbo,TECLATEMENTBP,,7,numero_CounterName,nvarchar,64,0,0,1,
dbo,TECLATEMENTBP,,8,oid,TOID,32,0,0,0,
dbo,TECLATEMENTBP,,9,oidBienPhysique,TOID,32,0,0,1,
dbo,TECLATEMENTBP,,10,oidEnsemble,TOID,32,0,0,1,
dbo,TECLATEMENTBP,,11,quantiteInitiale,float,8,53,0,1,
dbo,TECLATEMENTBP,,12,quantiteInitiale_Decimales,int,4,10,0,1,
dbo,TECLATEMENTBP,,13,quantiteInitiale_CodeUnit,nvarchar,64,0,0,1,
dbo,TECLATEMENTBP,,14,UpdDate,datetime,8,23,3,1,
dbo,TECLATEMENTBP,,15,UpdStamp,char,16,0,0,1,
dbo,TECLATEMENTBP,,16,UpdUser,nvarchar,48,0,0,1,
dbo,TECLATEMENTBP,,17,valide,bit,1,1,0,1,
dbo,TECLATEMENTBUDGETAIRE,,1,Caption,nvarchar,256,0,0,1,
dbo,TECLATEMENTBUDGETAIRE,,2,idOTP,int,4,10,0,1,
dbo,TECLATEMENTBUDGETAIRE,,3,oid,TOID,32,0,0,0,
dbo,TECLATEMENTBUDGETAIRE,,4,oidPositionGroupe,TOID,32,0,0,1,
dbo,TECLATEMENTBUDGETAIRE,,5,oidPosteBudgetaire,TOID,32,0,0,1,
dbo,TECLATEMENTBUDGETAIRE,,6,pourcentage,float,8,53,0,1,
dbo,TECLATEMENTBUDGETAIRE,,7,pourcentage_Decimales,int,4,10,0,1,
dbo,TECLATEMENTBUDGETAIRE,,8,UpdDate,datetime,8,23,3,1,
dbo,TECLATEMENTBUDGETAIRE,,9,UpdStamp,char,16,0,0,1,
dbo,TECLATEMENTBUDGETAIRE,,10,UpdUser,nvarchar,48,0,0,1,
dbo,TECLATEMENTDETAILBP,,1,Caption,nvarchar,256,0,0,1,
dbo,TECLATEMENTDETAILBP,,2,codeBarre,nvarchar,256,0,0,1,
dbo,TECLATEMENTDETAILBP,,3,contratMaintenance,nvarchar,256,0,0,1,
dbo,TECLATEMENTDETAILBP,,4,dateFinGarantie,datetime,8,23,3,1,
dbo,TECLATEMENTDETAILBP,,5,dateFinMaintenance,datetime,8,23,3,1,
dbo,TECLATEMENTDETAILBP,,6,dateMiseEnSer,datetime,8,23,3,1,
dbo,TECLATEMENTDETAILBP,,7,description,nvarchar,256,0,0,1,
dbo,TECLATEMENTDETAILBP,,8,idOTP,int,4,10,0,1,
dbo,TECLATEMENTDETAILBP,,9,inventoriable,bit,1,1,0,1,
dbo,TECLATEMENTDETAILBP,,10,lot,nvarchar,256,0,0,1,
dbo,TECLATEMENTDETAILBP,,11,numLot,nvarchar,256,0,0,1,
dbo,TECLATEMENTDETAILBP,,12,numSerie,nvarchar,256,0,0,1,
dbo,TECLATEMENTDETAILBP,,13,oid,TOID,32,0,0,0,
dbo,TECLATEMENTDETAILBP,,14,oideclatement,TOID,32,0,0,1,
dbo,TECLATEMENTDETAILBP,,15,oidPrestataireMaintenance,TOID,32,0,0,1,
dbo,TECLATEMENTDETAILBP,,16,quantite,float,8,53,0,1,
dbo,TECLATEMENTDETAILBP,,17,quantite_Decimales,int,4,10,0,1,
dbo,TECLATEMENTDETAILBP,,18,quantite_CodeUnit,nvarchar,64,0,0,1,
dbo,TECLATEMENTDETAILBP,,19,UpdDate,datetime,8,23,3,1,
dbo,TECLATEMENTDETAILBP,,20,UpdStamp,char,16,0,0,1,
dbo,TECLATEMENTDETAILBP,,21,UpdUser,nvarchar,48,0,0,1,
dbo,TECLATEMENTESPACE,,1,Caption,nvarchar,256,0,0,1,
dbo,TECLATEMENTESPACE,,2,code,nvarchar,256,0,0,1,
dbo,TECLATEMENTESPACE,,3,idOTP,int,4,10,0,1,
dbo,TECLATEMENTESPACE,,4,oid,TOID,32,0,0,0,
dbo,TECLATEMENTESPACE,,5,oidEspaceAnalytique,TOID,32,0,0,1,
dbo,TECLATEMENTESPACE,,6,UpdDate,datetime,8,23,3,1,
dbo,TECLATEMENTESPACE,,7,UpdStamp,char,16,0,0,1,
dbo,TECLATEMENTESPACE,,8,UpdUser,nvarchar,48,0,0,1,
dbo,TECLATEMENTPERIODE,,1,Caption,nvarchar,256,0,0,1,
dbo,TECLATEMENTPERIODE,,2,idOTP,int,4,10,0,1,
dbo,TECLATEMENTPERIODE,,3,oid,TOID,32,0,0,0,
dbo,TECLATEMENTPERIODE,,4,oidEclatementTemps,TOID,32,0,0,1,
dbo,TECLATEMENTPERIODE,,5,oidPeriode,TOID,32,0,0,1,
dbo,TECLATEMENTPERIODE,,6,pourcentage,float,8,53,0,1,
dbo,TECLATEMENTPERIODE,,7,pourcentage_Decimales,int,4,10,0,1,
dbo,TECLATEMENTPERIODE,,8,UpdDate,datetime,8,23,3,1,
dbo,TECLATEMENTPERIODE,,9,UpdStamp,char,16,0,0,1,
dbo,TECLATEMENTPERIODE,,10,UpdUser,nvarchar,48,0,0,1,
dbo,TECLATEMENTPOSITIONESPACE,,1,Caption,nvarchar,256,0,0,1,
dbo,TECLATEMENTPOSITIONESPACE,,2,idOTP,int,4,10,0,1,
dbo,TECLATEMENTPOSITIONESPACE,,3,oid,TOID,32,0,0,0,
dbo,TECLATEMENTPOSITIONESPACE,,4,oidEclatementEspace,TOID,32,0,0,1,
dbo,TECLATEMENTPOSITIONESPACE,,5,oidPositionGroupe,TOID,32,0,0,1,
dbo,TECLATEMENTPOSITIONESPACE,,6,UpdDate,datetime,8,23,3,1,
dbo,TECLATEMENTPOSITIONESPACE,,7,UpdStamp,char,16,0,0,1,
dbo,TECLATEMENTPOSITIONESPACE,,8,UpdUser,nvarchar,48,0,0,1,
dbo,TECLATEMENTPOSITIONTEMPS,,1,Caption,nvarchar,256,0,0,1,
dbo,TECLATEMENTPOSITIONTEMPS,,2,idOTP,int,4,10,0,1,
dbo,TECLATEMENTPOSITIONTEMPS,,3,oid,TOID,32,0,0,0,
dbo,TECLATEMENTPOSITIONTEMPS,,4,oidEclatementTemps,TOID,32,0,0,1,
dbo,TECLATEMENTPOSITIONTEMPS,,5,oidPositionGroupe,TOID,32,0,0,1,
dbo,TECLATEMENTPOSITIONTEMPS,,6,UpdDate,datetime,8,23,3,1,
dbo,TECLATEMENTPOSITIONTEMPS,,7,UpdStamp,char,16,0,0,1,
dbo,TECLATEMENTPOSITIONTEMPS,,8,UpdUser,nvarchar,48,0,0,1,
dbo,TECLATEMENTSECTION,,1,Caption,nvarchar,256,0,0,1,
dbo,TECLATEMENTSECTION,,2,idOTP,int,4,10,0,1,
dbo,TECLATEMENTSECTION,,3,oid,TOID,32,0,0,0,
dbo,TECLATEMENTSECTION,,4,oidEclatementEspace,TOID,32,0,0,1,
dbo,TECLATEMENTSECTION,,5,oidSectionAnalytique,TOID,32,0,0,1,
dbo,TECLATEMENTSECTION,,6,pourcentage,float,8,53,0,1,
dbo,TECLATEMENTSECTION,,7,pourcentage_Decimales,int,4,10,0,1,
dbo,TECLATEMENTSECTION,,8,UpdDate,datetime,8,23,3,1,
dbo,TECLATEMENTSECTION,,9,UpdStamp,char,16,0,0,1,
dbo,TECLATEMENTSECTION,,10,UpdUser,nvarchar,48,0,0,1,
dbo,TECLATEMENTTEMPS,,1,Caption,nvarchar,256,0,0,1,
dbo,TECLATEMENTTEMPS,,2,code,nvarchar,256,0,0,1,
dbo,TECLATEMENTTEMPS,,3,idOTP,int,4,10,0,1,
dbo,TECLATEMENTTEMPS,,4,oid,TOID,32,0,0,0,
dbo,TECLATEMENTTEMPS,,5,oidExerciceAnalytique,TOID,32,0,0,1,
dbo,TECLATEMENTTEMPS,,6,typeEclatement,smallint,2,5,0,1,
dbo,TECLATEMENTTEMPS,,7,UpdDate,datetime,8,23,3,1,
dbo,TECLATEMENTTEMPS,,8,UpdStamp,char,16,0,0,1,
dbo,TECLATEMENTTEMPS,,9,UpdUser,nvarchar,48,0,0,1,
dbo,TECRITURE,,1,assujettissementForce,bit,1,1,0,1,
dbo,TECRITURE,,2,baseHTCredit,money,8,19,4,1,
dbo,TECRITURE,,3,baseHTCredit_CodeDevise,nvarchar,6,0,0,1,
dbo,TECRITURE,,4,baseHTCredit_Date,datetime,8,23,3,1,
dbo,TECRITURE,,5,baseHTCredit_TCConv,nvarchar,256,0,0,1,
dbo,TECRITURE,,6,baseHTCredit_TCValue,money,8,19,4,1,
dbo,TECRITURE,,7,baseHTCredit_RPConv,nvarchar,256,0,0,1,
dbo,TECRITURE,,8,baseHTCredit_RPValue,money,8,19,4,1,
dbo,TECRITURE,,9,baseHTDebit,money,8,19,4,1,
dbo,TECRITURE,,10,baseHTDebit_CodeDevise,nvarchar,6,0,0,1,
dbo,TECRITURE,,11,baseHTDebit_Date,datetime,8,23,3,1,
dbo,TECRITURE,,12,baseHTDebit_TCConv,nvarchar,256,0,0,1,
dbo,TECRITURE,,13,baseHTDebit_TCValue,money,8,19,4,1,
dbo,TECRITURE,,14,baseHTDebit_RPConv,nvarchar,256,0,0,1,
dbo,TECRITURE,,15,baseHTDebit_RPValue,money,8,19,4,1,
dbo,TECRITURE,,16,BaseHTProrata,money,8,19,4,1,
dbo,TECRITURE,,17,BaseHTProrata_CodeDevise,nvarchar,6,0,0,1,
dbo,TECRITURE,,18,BaseHTProrata_Date,datetime,8,23,3,1,
dbo,TECRITURE,,19,BaseHTProrata_TCConv,nvarchar,256,0,0,1,
dbo,TECRITURE,,20,BaseHTProrata_TCValue,money,8,19,4,1,
dbo,TECRITURE,,21,BaseHTProrata_RPConv,nvarchar,256,0,0,1,
dbo,TECRITURE,,22,BaseHTProrata_RPValue,money,8,19,4,1,
dbo,TECRITURE,,23,Caption,nvarchar,256,0,0,1,
dbo,TECRITURE,,24,CodeLettrageExterne,nvarchar,256,0,0,1,
dbo,TECRITURE,,25,codePointageExterne,nvarchar,256,0,0,1,
dbo,TECRITURE,,26,coefAssujettissement,float,8,53,0,1,
dbo,TECRITURE,,27,coefAssujettissement_Decimales,int,4,10,0,1,
dbo,TECRITURE,,28,coefTaxation,float,8,53,0,1,
dbo,TECRITURE,,29,coefTaxation_Decimales,int,4,10,0,1,
dbo,TECRITURE,,30,commentaire,nvarchar,-1,0,0,1,
dbo,TECRITURE,,31,credit,money,8,19,4,1,
dbo,TECRITURE,,32,credit_CodeDevise,nvarchar,6,0,0,1,
dbo,TECRITURE,,33,credit_Date,datetime,8,23,3,1,
dbo,TECRITURE,,34,credit_TCConv,nvarchar,256,0,0,1,
dbo,TECRITURE,,35,credit_TCValue,money,8,19,4,1,
dbo,TECRITURE,,36,credit_RPConv,nvarchar,256,0,0,1,
dbo,TECRITURE,,37,credit_RPValue,money,8,19,4,1,
dbo,TECRITURE,,38,creditDeviseCompte,money,8,19,4,1,
dbo,TECRITURE,,39,creditDeviseCompte_CodeDevise,nvarchar,6,0,0,1,
dbo,TECRITURE,,40,dateDeclarationTVA,datetime,8,23,3,1,
dbo,TECRITURE,,41,dateLettrage,datetime,8,23,3,1,
dbo,TECRITURE,,42,debit,money,8,19,4,1,
dbo,TECRITURE,,43,debit_CodeDevise,nvarchar,6,0,0,1,
dbo,TECRITURE,,44,debit_Date,datetime,8,23,3,1,
dbo,TECRITURE,,45,debit_TCConv,nvarchar,256,0,0,1,
dbo,TECRITURE,,46,debit_TCValue,money,8,19,4,1,
dbo,TECRITURE,,47,debit_RPConv,nvarchar,256,0,0,1,
dbo,TECRITURE,,48,debit_RPValue,money,8,19,4,1,
dbo,TECRITURE,,49,debitDeviseCompte,money,8,19,4,1,
dbo,TECRITURE,,50,debitDeviseCompte_CodeDevise,nvarchar,6,0,0,1,
dbo,TECRITURE,,51,echeancementEcriture,nvarchar,256,0,0,1,
dbo,TECRITURE,,52,eDate,datetime,8,23,3,1,
dbo,TECRITURE,,53,estBienImmo,bit,1,1,0,1,
dbo,TECRITURE,,54,estDetaillee,bit,1,1,0,1,
dbo,TECRITURE,,55,estHistoriseeTVA,bit,1,1,0,1,
dbo,TECRITURE,,56,excluImmo,bit,1,1,0,1,
dbo,TECRITURE,,57,exporte,bit,1,1,0,1,
dbo,TECRITURE,,58,idBienComptable,nvarchar,256,0,0,1,
dbo,TECRITURE,,59,idOTP,int,4,10,0,1,
dbo,TECRITURE,,60,ModeRempComposant,smallint,2,5,0,1,
dbo,TECRITURE,,61,montant,money,8,19,4,1,
dbo,TECRITURE,,62,montant_CodeDevise,nvarchar,6,0,0,1,
dbo,TECRITURE,,63,montant_Date,datetime,8,23,3,1,
dbo,TECRITURE,,64,montant_TCConv,nvarchar,256,0,0,1,
dbo,TECRITURE,,65,montant_TCValue,money,8,19,4,1,
dbo,TECRITURE,,66,montant_RPConv,nvarchar,256,0,0,1,
dbo,TECRITURE,,67,montant_RPValue,money,8,19,4,1,
dbo,TECRITURE,,68,montantTVAReel,money,8,19,4,1,
dbo,TECRITURE,,69,montantTVAReel_CodeDevise,nvarchar,6,0,0,1,
dbo,TECRITURE,,70,natureReglement,smallint,2,5,0,1,
dbo,TECRITURE,,71,numEcritureBancaire,nvarchar,256,0,0,1,
dbo,TECRITURE,,72,numero,int,4,10,0,1,
dbo,TECRITURE,,73,numeroDefinitif,int,4,10,0,1,
dbo,TECRITURE,,74,NumeroDest_Extourne,int,4,10,0,1,
dbo,TECRITURE,,75,NumeroOri_Extourne,int,4,10,0,1,
dbo,TECRITURE,,76,oid,TOID,32,0,0,0,
dbo,TECRITURE,,77,oidAffaire,TOID,32,0,0,1,
dbo,TECRITURE,,78,oidbaseTVA,TOID,32,0,0,1,
dbo,TECRITURE,,79,oidCoefficientAdmission,TOID,32,0,0,1,
dbo,TECRITURE,,80,oidcompteGeneral,TOID,32,0,0,1,
dbo,TECRITURE,,81,oidDeclarationTVALigne,TOID,32,0,0,1,
dbo,TECRITURE,,82,oidEcheance,TOID,32,0,0,1,
dbo,TECRITURE,,83,oidGroupePointage,TOID,32,0,0,1,
dbo,TECRITURE,,84,oidlettrageEcriture,TOID,32,0,0,1,
dbo,TECRITURE,,85,oidMarquageEcriture,TOID,32,0,0,1,
dbo,TECRITURE,,86,oidOriginePieceImmo,TOID,32,0,0,1,
dbo,TECRITURE,,87,oidpiece,TOID,32,0,0,1,
dbo,TECRITURE,,88,oidProfilTVA,TOID,32,0,0,1,
dbo,TECRITURE,,89,oidregularisationTVA,TOID,32,0,0,1,
dbo,TECRITURE,,90,oidrModeReglement,TOID,32,0,0,1,
dbo,TECRITURE,,91,oidroleTiers,TOID,32,0,0,1,
dbo,TECRITURE,,92,oidSecteurActivite,TOID,32,0,0,1,
dbo,TECRITURE,,93,oidTiersSociete,TOID,32,0,0,1,
dbo,TECRITURE,,94,oidunite,TOID,32,0,0,1,
dbo,TECRITURE,,95,ProrataTVA,float,8,53,0,1,
dbo,TECRITURE,,96,ProrataTVA_Decimales,int,4,10,0,1,
dbo,TECRITURE,,97,quantite,float,8,53,0,1,
dbo,TECRITURE,,98,quantite_Decimales,int,4,10,0,1,
dbo,TECRITURE,,99,quantite_CodeUnit,nvarchar,64,0,0,1,
dbo,TECRITURE,,100,reference,nvarchar,256,0,0,1,
dbo,TECRITURE,,101,referenceBien,nvarchar,256,0,0,1,
dbo,TECRITURE,,102,regroupement,nvarchar,256,0,0,1,
dbo,TECRITURE,,103,reserveGP,nvarchar,256,0,0,1,
dbo,TECRITURE,,104,sens,smallint,2,5,0,1,
dbo,TECRITURE,,105,SensProrata,smallint,2,5,0,1,
dbo,TECRITURE,,106,traitementEcriture,smallint,2,5,0,1,
dbo,TECRITURE,,107,typeEcriture,smallint,2,5,0,1,
dbo,TECRITURE,,108,TypeMarquageExterne,nvarchar,256,0,0,1,
dbo,TECRITURE,,109,UpdDate,datetime,8,23,3,1,
dbo,TECRITURE,,110,UpdStamp,char,16,0,0,1,
dbo,TECRITURE,,111,UpdUser,nvarchar,48,0,0,1,
dbo,TECRITURE,,112,DeverseAssurance,bit,1,1,0,1,
dbo,TECRITURE,,113,oidClefDeversementAssurance,TOID,32,0,0,1,
dbo,TECRITURE,,114,oidCptDeversementAssurance,TOID,32,0,0,1,
dbo,TECRITURE,,115,oidPerimetreBudgetaire,TOID,32,0,0,1,
dbo,TECRITURE,,116,oidPeriodeBudgetaire,TOID,32,0,0,1,
dbo,TECRITURE,,117,oidPosteBudgetaire,TOID,32,0,0,1,
dbo,TECRITURE,,118,dateValeur,datetime,8,23,3,1,
dbo,TECRITURE,,119,oidEcritureRappro,TOID,32,0,0,1,
dbo,TECRITURE,,120,oidSousGroupePointage,TOID,32,0,0,1,
dbo,TECRITURE,,121,oidMandatSEPA,TOID,32,0,0,1,
dbo,TECRITUREANALYTIQUE,,1,aDate,datetime,8,23,3,1,
dbo,TECRITUREANALYTIQUE,,2,Caption,nvarchar,256,0,0,1,
dbo,TECRITUREANALYTIQUE,,3,CreditTC,money,8,19,4,1,
dbo,TECRITUREANALYTIQUE,,4,DebitTC,money,8,19,4,1,
dbo,TECRITUREANALYTIQUE,,5,idOTP,int,4,10,0,1,
dbo,TECRITUREANALYTIQUE,,6,montant,money,8,19,4,1,
dbo,TECRITUREANALYTIQUE,,7,montant_CodeDevise,nvarchar,6,0,0,1,
dbo,TECRITUREANALYTIQUE,,8,montant_Date,datetime,8,23,3,1,
dbo,TECRITUREANALYTIQUE,,9,montant_TCConv,nvarchar,256,0,0,1,
dbo,TECRITUREANALYTIQUE,,10,montant_TCValue,money,8,19,4,1,
dbo,TECRITUREANALYTIQUE,,11,montant_RPConv,nvarchar,256,0,0,1,
dbo,TECRITUREANALYTIQUE,,12,montant_RPValue,money,8,19,4,1,
dbo,TECRITUREANALYTIQUE,,13,montantCreditDeverse,money,8,19,4,1,
dbo,TECRITUREANALYTIQUE,,14,montantCreditDeverse_CodeDevis,nvarchar,6,0,0,1,
dbo,TECRITUREANALYTIQUE,,15,montantDebitRecu,money,8,19,4,1,
dbo,TECRITUREANALYTIQUE,,16,montantDebitRecu_CodeDevise,nvarchar,6,0,0,1,
dbo,TECRITUREANALYTIQUE,,17,montantStandardHistorique,money,8,19,4,1,
dbo,TECRITUREANALYTIQUE,,18,montantStandardHistorique_Code,nvarchar,6,0,0,1,
dbo,TECRITUREANALYTIQUE,,19,oid,TOID,32,0,0,0,
dbo,TECRITUREANALYTIQUE,,20,oidperiode,TOID,32,0,0,1,
dbo,TECRITUREANALYTIQUE,,21,oidpieceAnalytique,TOID,32,0,0,1,
dbo,TECRITUREANALYTIQUE,,22,oidpointAnalytique,TOID,32,0,0,1,
dbo,TECRITUREANALYTIQUE,,23,Pourcentage,float,8,53,0,1,
dbo,TECRITUREANALYTIQUE,,24,Pourcentage_Decimales,int,4,10,0,1,
dbo,TECRITUREANALYTIQUE,,25,prestationsReciproques,bit,1,1,0,1,
dbo,TECRITUREANALYTIQUE,,26,quantite,float,8,53,0,1,
dbo,TECRITUREANALYTIQUE,,27,quantite_Decimales,int,4,10,0,1,
dbo,TECRITUREANALYTIQUE,,28,quantite_CodeUnit,nvarchar,64,0,0,1,
dbo,TECRITUREANALYTIQUE,,29,quantiteCreditDeverse,float,8,53,0,1,
dbo,TECRITUREANALYTIQUE,,30,quantiteCreditDeverse_Decimale,int,4,10,0,1,
dbo,TECRITUREANALYTIQUE,,31,quantiteCreditDeverse_CodeUnit,nvarchar,64,0,0,1,
dbo,TECRITUREANALYTIQUE,,32,quantiteDebitRecu,float,8,53,0,1,
dbo,TECRITUREANALYTIQUE,,33,quantiteDebitRecu_Decimales,int,4,10,0,1,
dbo,TECRITUREANALYTIQUE,,34,quantiteDebitRecu_CodeUnit,nvarchar,64,0,0,1,
dbo,TECRITUREANALYTIQUE,,35,sens,smallint,2,5,0,1,
dbo,TECRITUREANALYTIQUE,,36,sensDeversement,smallint,2,5,0,1,
dbo,TECRITUREANALYTIQUE,,37,UpdDate,datetime,8,23,3,1,
dbo,TECRITUREANALYTIQUE,,38,UpdStamp,char,16,0,0,1,
dbo,TECRITUREANALYTIQUE,,39,UpdUser,nvarchar,48,0,0,1,
dbo,TECRITUREANALYTIQUE,,40,DeverseeAPartirEcriture,bit,1,1,0,1,
dbo,TECRITUREANALYTIQUE,,41,oidClefDeversementAssurance,TOID,32,0,0,1,
dbo,TECRITUREANALYTIQUE,,42,oidCptDeversementAssurance,TOID,32,0,0,1,
dbo,TECRITUREANALYTIQUE,,43,oidEcritureAnalytiqueDest,TOID,32,0,0,1,
dbo,TECRITUREANALYTIQUE,,44,oidPerimetreBudgetaire,TOID,32,0,0,1,
dbo,TECRITUREANALYTIQUE,,45,oidPeriodeBudgetaire,TOID,32,0,0,1,
dbo,TECRITUREANALYTIQUE,,46,oidPosteBudgetaire,TOID,32,0,0,1,
dbo,TECRITUREBANCAIRE,,1,Caption,nvarchar,256,0,0,1,
dbo,TECRITUREBANCAIRE,,2,comptabilise,datetime,8,23,3,1,
dbo,TECRITUREBANCAIRE,,3,dateOperation,datetime,8,23,3,1,
dbo,TECRITUREBANCAIRE,,4,dateValeur,datetime,8,23,3,1,
dbo,TECRITUREBANCAIRE,,5,donneurOrdre,nvarchar,256,0,0,1,
dbo,TECRITUREBANCAIRE,,6,existeFluxBancaire,bit,1,1,0,1,
dbo,TECRITUREBANCAIRE,,7,existeRapprochementCpt,bit,1,1,0,1,
dbo,TECRITUREBANCAIRE,,8,idOTP,int,4,10,0,1,
dbo,TECRITUREBANCAIRE,,9,indiceExoneration,bit,1,1,0,1,
dbo,TECRITUREBANCAIRE,,10,indiceIndisponibilite,bit,1,1,0,1,
dbo,TECRITUREBANCAIRE,,11,jourOperation,int,4,10,0,1,
dbo,TECRITUREBANCAIRE,,12,jourValeur,int,4,10,0,1,
dbo,TECRITUREBANCAIRE,,13,moisOperation,datetime,8,23,3,1,
dbo,TECRITUREBANCAIRE,,14,moisValeur,datetime,8,23,3,1,
dbo,TECRITUREBANCAIRE,,15,monnaieOrigine,nvarchar,256,0,0,1,
dbo,TECRITUREBANCAIRE,,16,montant,money,8,19,4,1,
dbo,TECRITUREBANCAIRE,,17,montant_CodeDevise,nvarchar,6,0,0,1,
dbo,TECRITUREBANCAIRE,,18,montant_Date,datetime,8,23,3,1,
dbo,TECRITUREBANCAIRE,,19,montant_TCConv,nvarchar,256,0,0,1,
dbo,TECRITUREBANCAIRE,,20,montant_TCValue,money,8,19,4,1,
dbo,TECRITUREBANCAIRE,,21,montant_RPConv,nvarchar,256,0,0,1,
dbo,TECRITUREBANCAIRE,,22,montant_RPValue,money,8,19,4,1,
dbo,TECRITUREBANCAIRE,,23,montantOrigine,money,8,19,4,1,
dbo,TECRITUREBANCAIRE,,24,montantOrigine_CodeDevise,nvarchar,6,0,0,1,
dbo,TECRITUREBANCAIRE,,25,montantSigne,money,8,19,4,1,
dbo,TECRITUREBANCAIRE,,26,montantSigne_CodeDevise,nvarchar,6,0,0,1,
dbo,TECRITUREBANCAIRE,,27,montantSigne_Date,datetime,8,23,3,1,
dbo,TECRITUREBANCAIRE,,28,montantSigne_TCConv,nvarchar,256,0,0,1,
dbo,TECRITUREBANCAIRE,,29,montantSigne_TCValue,money,8,19,4,1,
dbo,TECRITUREBANCAIRE,,30,montantSigne_RPConv,nvarchar,256,0,0,1,
dbo,TECRITUREBANCAIRE,,31,montantSigne_RPValue,money,8,19,4,1,
dbo,TECRITUREBANCAIRE,,32,nbTransaction,int,4,10,0,1,
dbo,TECRITUREBANCAIRE,,33,noTraitement,int,4,10,0,1,
dbo,TECRITUREBANCAIRE,,34,numero,int,4,10,0,1,
dbo,TECRITUREBANCAIRE,,35,oid,TOID,32,0,0,0,
dbo,TECRITUREBANCAIRE,,36,oidCodeInterneBanque,TOID,32,0,0,1,
dbo,TECRITUREBANCAIRE,,37,oiddevise,TOID,32,0,0,1,
dbo,TECRITUREBANCAIRE,,38,oiddeviseOrigine,TOID,32,0,0,1,
dbo,TECRITUREBANCAIRE,,39,oidInformationMMO,TOID,32,0,0,1,
dbo,TECRITUREBANCAIRE,,40,oidmotifRejet,TOID,32,0,0,1,
dbo,TECRITUREBANCAIRE,,41,oidoperationInterbancaire,TOID,32,0,0,1,
dbo,TECRITUREBANCAIRE,,42,oidSoldeReleve,TOID,32,0,0,1,
dbo,TECRITUREBANCAIRE,,43,referenceOrigine,nvarchar,256,0,0,1,
dbo,TECRITUREBANCAIRE,,44,sens,smallint,2,5,0,1,
dbo,TECRITUREBANCAIRE,,45,UpdDate,datetime,8,23,3,1,
dbo,TECRITUREBANCAIRE,,46,UpdStamp,char,16,0,0,1,
dbo,TECRITUREBANCAIRE,,47,UpdUser,nvarchar,48,0,0,1,
dbo,TECRITUREBANCAIRE,,48,zoneReference,nvarchar,256,0,0,1,
dbo,TECRITUREBANCAIRE,,49,oidSousGroupePointage,TOID,32,0,0,1,
dbo,TECRITUREBANCAIRE,,50,reserveGP,nvarchar,256,0,0,1,
dbo,TECRITURECONTREPARTIE,,1,Caption,nvarchar,256,0,0,1,
dbo,TECRITURECONTREPARTIE,,2,idOTP,int,4,10,0,1,
dbo,TECRITURECONTREPARTIE,,3,isSolde,bit,1,1,0,1,
dbo,TECRITURECONTREPARTIE,,4,isSoumisTVA,bit,1,1,0,1,
dbo,TECRITURECONTREPARTIE,,5,montant,float,8,53,0,1,
dbo,TECRITURECONTREPARTIE,,6,oid,TOID,32,0,0,0,
dbo,TECRITURECONTREPARTIE,,7,oidcompteGeneral,TOID,32,0,0,1,
dbo,TECRITURECONTREPARTIE,,8,oidschemaComptable,TOID,32,0,0,1,
dbo,TECRITURECONTREPARTIE,,9,pourcentage,float,8,53,0,1,
dbo,TECRITURECONTREPARTIE,,10,UpdDate,datetime,8,23,3,1,
dbo,TECRITURECONTREPARTIE,,11,UpdStamp,char,16,0,0,1,
dbo,TECRITURECONTREPARTIE,,12,UpdUser,nvarchar,48,0,0,1,
dbo,TECRITURERAPPRO,,1,Caption,nvarchar,256,0,0,1,
dbo,TECRITURERAPPRO,,2,codePointageExterne,nvarchar,256,0,0,1,
dbo,TECRITURERAPPRO,,3,Credit,money,8,19,4,1,
dbo,TECRITURERAPPRO,,4,Credit_CodeDevise,nvarchar,6,0,0,1,
dbo,TECRITURERAPPRO,,5,Credit_Date,datetime,8,23,3,1,
dbo,TECRITURERAPPRO,,6,Credit_TCConv,nvarchar,256,0,0,1,
dbo,TECRITURERAPPRO,,7,Credit_TCValue,money,8,19,4,1,
dbo,TECRITURERAPPRO,,8,Credit_RPConv,nvarchar,256,0,0,1,
dbo,TECRITURERAPPRO,,9,Credit_RPValue,money,8,19,4,1,
dbo,TECRITURERAPPRO,,10,CreditDeviseCompte,money,8,19,4,1,
dbo,TECRITURERAPPRO,,11,CreditDeviseCompte_CodeDevise,nvarchar,6,0,0,1,
dbo,TECRITURERAPPRO,,12,DateOperation,datetime,8,23,3,1,
dbo,TECRITURERAPPRO,,13,DateValeur,datetime,8,23,3,1,
dbo,TECRITURERAPPRO,,14,Debit,money,8,19,4,1,
dbo,TECRITURERAPPRO,,15,Debit_CodeDevise,nvarchar,6,0,0,1,
dbo,TECRITURERAPPRO,,16,Debit_Date,datetime,8,23,3,1,
dbo,TECRITURERAPPRO,,17,Debit_TCConv,nvarchar,256,0,0,1,
dbo,TECRITURERAPPRO,,18,Debit_TCValue,money,8,19,4,1,
dbo,TECRITURERAPPRO,,19,Debit_RPConv,nvarchar,256,0,0,1,
dbo,TECRITURERAPPRO,,20,Debit_RPValue,money,8,19,4,1,
dbo,TECRITURERAPPRO,,21,DebitDeviseCompte,money,8,19,4,1,
dbo,TECRITURERAPPRO,,22,DebitDeviseCompte_CodeDevise,nvarchar,6,0,0,1,
dbo,TECRITURERAPPRO,,23,ecritureEcart,bit,1,1,0,1,
dbo,TECRITURERAPPRO,,24,identIntegrale,nvarchar,34,0,0,1,
dbo,TECRITURERAPPRO,,25,idOTP,int,4,10,0,1,
dbo,TECRITURERAPPRO,,26,journal,nvarchar,48,0,0,1,
dbo,TECRITURERAPPRO,,27,montantDeviseCompte,money,8,19,4,1,
dbo,TECRITURERAPPRO,,28,montantDeviseCompte_CodeDevise,nvarchar,6,0,0,1,
dbo,TECRITURERAPPRO,,29,noTraitement,int,4,10,0,1,
dbo,TECRITURERAPPRO,,30,Numero,nvarchar,256,0,0,1,
dbo,TECRITURERAPPRO,,31,NumeroId,int,4,10,0,1,
dbo,TECRITURERAPPRO,,32,NumeroInt,int,4,10,0,1,
dbo,TECRITURERAPPRO,,33,oid,TOID,32,0,0,0,
dbo,TECRITURERAPPRO,,34,oidCompteGeneral,TOID,32,0,0,1,
dbo,TECRITURERAPPRO,,35,oidDevise,TOID,32,0,0,1,
dbo,TECRITURERAPPRO,,36,oidEtablissement,TOID,32,0,0,1,
dbo,TECRITURERAPPRO,,37,oidModeReglement,TOID,32,0,0,1,
dbo,TECRITURERAPPRO,,38,oidSessionImportation,TOID,32,0,0,1,
dbo,TECRITURERAPPRO,,39,oidSociete,TOID,32,0,0,1,
dbo,TECRITURERAPPRO,,40,oidSousGroupePointage,TOID,32,0,0,1,
dbo,TECRITURERAPPRO,,41,ReferenceOrigine,nvarchar,256,0,0,1,
dbo,TECRITURERAPPRO,,42,UpdDate,datetime,8,23,3,1,
dbo,TECRITURERAPPRO,,43,UpdStamp,char,16,0,0,1,
dbo,TECRITURERAPPRO,,44,UpdUser,nvarchar,48,0,0,1,
dbo,TELEMENTBUDGETAIRE,,1,Caption,nvarchar,256,0,0,1,
dbo,TELEMENTBUDGETAIRE,,2,idOTP,int,4,10,0,1,
dbo,TELEMENTBUDGETAIRE,,3,montant,money,8,19,4,1,
dbo,TELEMENTBUDGETAIRE,,4,montant_CodeDevise,nvarchar,6,0,0,1,
dbo,TELEMENTBUDGETAIRE,,5,oid,TOID,32,0,0,0,
dbo,TELEMENTBUDGETAIRE,,6,oidGroupeCumulAnalytique,TOID,32,0,0,1,
dbo,TELEMENTBUDGETAIRE,,7,oidHypotheseBudgetaire,TOID,32,0,0,1,
dbo,TELEMENTBUDGETAIRE,,8,oidPosteBudgetaire,TOID,32,0,0,1,
dbo,TELEMENTBUDGETAIRE,,9,quantite,float,8,53,0,1,
dbo,TELEMENTBUDGETAIRE,,10,quantite_Decimales,int,4,10,0,1,
dbo,TELEMENTBUDGETAIRE,,11,quantite_CodeUnit,nvarchar,64,0,0,1,
dbo,TELEMENTBUDGETAIRE,,12,UpdDate,datetime,8,23,3,1,
dbo,TELEMENTBUDGETAIRE,,13,UpdStamp,char,16,0,0,1,
dbo,TELEMENTBUDGETAIRE,,14,UpdUser,nvarchar,48,0,0,1,
dbo,TELEMENTBUDGETEXERCICE,,1,Caption,nvarchar,256,0,0,1,
dbo,TELEMENTBUDGETEXERCICE,,2,idOTP,int,4,10,0,1,
dbo,TELEMENTBUDGETEXERCICE,,3,idPosteParametre,nvarchar,256,0,0,1,
dbo,TELEMENTBUDGETEXERCICE,,4,montant,money,8,19,4,1,
dbo,TELEMENTBUDGETEXERCICE,,5,montant_CodeDevise,nvarchar,6,0,0,1,
dbo,TELEMENTBUDGETEXERCICE,,6,oid,TOID,32,0,0,0,
dbo,TELEMENTBUDGETEXERCICE,,7,oidHypotheseBudgetaire,TOID,32,0,0,1,
dbo,TELEMENTBUDGETEXERCICE,,8,oidLoiDecalage,TOID,32,0,0,1,
dbo,TELEMENTBUDGETEXERCICE,,9,oidLoiRepartitionPeriodique,TOID,32,0,0,1,
dbo,TELEMENTBUDGETEXERCICE,,10,oidPosteBudgetaire,TOID,32,0,0,1,
dbo,TELEMENTBUDGETEXERCICE,,11,UpdDate,datetime,8,23,3,1,
dbo,TELEMENTBUDGETEXERCICE,,12,UpdStamp,char,16,0,0,1,
dbo,TELEMENTBUDGETEXERCICE,,13,UpdUser,nvarchar,48,0,0,1,
dbo,TELEMENTBUDGETPERIODE,,1,Caption,nvarchar,256,0,0,1,
dbo,TELEMENTBUDGETPERIODE,,2,commentaire,nvarchar,-1,0,0,1,
dbo,TELEMENTBUDGETPERIODE,,3,idOTP,int,4,10,0,1,
dbo,TELEMENTBUDGETPERIODE,,4,montant,money,8,19,4,1,
dbo,TELEMENTBUDGETPERIODE,,5,montant_CodeDevise,nvarchar,6,0,0,1,
dbo,TELEMENTBUDGETPERIODE,,6,oid,TOID,32,0,0,0,
dbo,TELEMENTBUDGETPERIODE,,7,oidElementBudgetExercice,TOID,32,0,0,1,
dbo,TELEMENTBUDGETPERIODE,,8,oidPeriode,TOID,32,0,0,1,
dbo,TELEMENTBUDGETPERIODE,,9,UpdDate,datetime,8,23,3,1,
dbo,TELEMENTBUDGETPERIODE,,10,UpdStamp,char,16,0,0,1,
dbo,TELEMENTBUDGETPERIODE,,11,UpdUser,nvarchar,48,0,0,1,
dbo,TELEMENTBUDGETTRESORERIE,,1,Caption,nvarchar,256,0,0,1,
dbo,TELEMENTBUDGETTRESORERIE,,2,commentaire,nvarchar,-1,0,0,1,
dbo,TELEMENTBUDGETTRESORERIE,,3,idOTP,int,4,10,0,1,
dbo,TELEMENTBUDGETTRESORERIE,,4,montant,money,8,19,4,1,
dbo,TELEMENTBUDGETTRESORERIE,,5,montant_CodeDevise,nvarchar,6,0,0,1,
dbo,TELEMENTBUDGETTRESORERIE,,6,montantTVAEncaissement,money,8,19,4,1,
dbo,TELEMENTBUDGETTRESORERIE,,7,montantTVAEncaissement_CodeDev,nvarchar,6,0,0,1,
dbo,TELEMENTBUDGETTRESORERIE,,8,oid,TOID,32,0,0,0,
dbo,TELEMENTBUDGETTRESORERIE,,9,oidElementTresoExercice,TOID,32,0,0,1,
dbo,TELEMENTBUDGETTRESORERIE,,10,oidPeriode,TOID,32,0,0,1,
dbo,TELEMENTBUDGETTRESORERIE,,11,UpdDate,datetime,8,23,3,1,
dbo,TELEMENTBUDGETTRESORERIE,,12,UpdStamp,char,16,0,0,1,
dbo,TELEMENTBUDGETTRESORERIE,,13,UpdUser,nvarchar,48,0,0,1,
dbo,TELEMENTDECLARATIONTVA,,1,Caption,nvarchar,256,0,0,1,
dbo,TELEMENTDECLARATIONTVA,,2,dDate,datetime,8,23,3,1,
dbo,TELEMENTDECLARATIONTVA,,3,idOTP,int,4,10,0,1,
dbo,TELEMENTDECLARATIONTVA,,4,montantCollecte,money,8,19,4,1,
dbo,TELEMENTDECLARATIONTVA,,5,montantCollecte_CodeDevise,nvarchar,6,0,0,1,
dbo,TELEMENTDECLARATIONTVA,,6,montantDeductible,money,8,19,4,1,
dbo,TELEMENTDECLARATIONTVA,,7,montantDeductible_CodeDevise,nvarchar,6,0,0,1,
dbo,TELEMENTDECLARATIONTVA,,8,oid,TOID,32,0,0,0,
dbo,TELEMENTDECLARATIONTVA,,9,oidHypotheseBudgetaire,TOID,32,0,0,1,
dbo,TELEMENTDECLARATIONTVA,,10,soldeTVA,money,8,19,4,1,
dbo,TELEMENTDECLARATIONTVA,,11,soldeTVA_CodeDevise,nvarchar,6,0,0,1,
dbo,TELEMENTDECLARATIONTVA,,12,UpdDate,datetime,8,23,3,1,
dbo,TELEMENTDECLARATIONTVA,,13,UpdStamp,char,16,0,0,1,
dbo,TELEMENTDECLARATIONTVA,,14,UpdUser,nvarchar,48,0,0,1,
dbo,TELEMENTTRESOEXERCICE,,1,Caption,nvarchar,256,0,0,1,
dbo,TELEMENTTRESOEXERCICE,,2,idOTP,int,4,10,0,1,
dbo,TELEMENTTRESOEXERCICE,,3,montant,money,8,19,4,1,
dbo,TELEMENTTRESOEXERCICE,,4,montant_CodeDevise,nvarchar,6,0,0,1,
dbo,TELEMENTTRESOEXERCICE,,5,oid,TOID,32,0,0,0,
dbo,TELEMENTTRESOEXERCICE,,6,oidHypotheseBudgetaire,TOID,32,0,0,1,
dbo,TELEMENTTRESOEXERCICE,,7,oidLoiRepartitionPeriodique,TOID,32,0,0,1,
dbo,TELEMENTTRESOEXERCICE,,8,oidPosteBudgetaireTresorerie,TOID,32,0,0,1,
dbo,TELEMENTTRESOEXERCICE,,9,UpdDate,datetime,8,23,3,1,
dbo,TELEMENTTRESOEXERCICE,,10,UpdStamp,char,16,0,0,1,
dbo,TELEMENTTRESOEXERCICE,,11,UpdUser,nvarchar,48,0,0,1,
dbo,TEMPLACEMENTBP,,1,Caption,nvarchar,256,0,0,1,
dbo,TEMPLACEMENTBP,,2,code,nvarchar,256,0,0,1,
dbo,TEMPLACEMENTBP,,3,codeBarre,nvarchar,4096,0,0,1,
dbo,TEMPLACEMENTBP,,4,codeBarre_code,int,4,10,0,1,
dbo,TEMPLACEMENTBP,,5,idOTP,int,4,10,0,1,
dbo,TEMPLACEMENTBP,,6,infoGeoLocalisation_lat,float,8,53,0,1,
dbo,TEMPLACEMENTBP,,7,infoGeoLocalisation_long,float,8,53,0,1,
dbo,TEMPLACEMENTBP,,8,oid,TOID,32,0,0,0,
dbo,TEMPLACEMENTBP,,9,oidParent,TOID,32,0,0,1,
dbo,TEMPLACEMENTBP,,10,UpdDate,datetime,8,23,3,1,
dbo,TEMPLACEMENTBP,,11,UpdStamp,char,16,0,0,1,
dbo,TEMPLACEMENTBP,,12,UpdUser,nvarchar,48,0,0,1,
dbo,TENCHAINEMENTDEVERSEMENT,,1,Caption,nvarchar,256,0,0,1,
dbo,TENCHAINEMENTDEVERSEMENT,,2,code,nvarchar,256,0,0,1,
dbo,TENCHAINEMENTDEVERSEMENT,,3,commentaire,nvarchar,-1,0,0,1,
dbo,TENCHAINEMENTDEVERSEMENT,,4,idOTP,int,4,10,0,1,
dbo,TENCHAINEMENTDEVERSEMENT,,5,oid,TOID,32,0,0,0,
dbo,TENCHAINEMENTDEVERSEMENT,,6,oidEspaceAnalytique,TOID,32,0,0,1,
dbo,TENCHAINEMENTDEVERSEMENT,,7,UpdDate,datetime,8,23,3,1,
dbo,TENCHAINEMENTDEVERSEMENT,,8,UpdStamp,char,16,0,0,1,
dbo,TENCHAINEMENTDEVERSEMENT,,9,UpdUser,nvarchar,48,0,0,1,
dbo,TENCHAINEMENTDEVERSEMENT,,10,DeversAPartirEcrituresAna,bit,1,1,0,1,
dbo,TENSEMBLELIAISON,,1,Caption,nvarchar,256,0,0,1,
dbo,TENSEMBLELIAISON,,2,code,nvarchar,256,0,0,1,
dbo,TENSEMBLELIAISON,,3,idOTP,int,4,10,0,1,
dbo,TENSEMBLELIAISON,,4,oid,TOID,32,0,0,0,
dbo,TENSEMBLELIAISON,,5,UpdDate,datetime,8,23,3,1,
dbo,TENSEMBLELIAISON,,6,UpdStamp,char,16,0,0,1,
dbo,TENSEMBLELIAISON,,7,UpdUser,nvarchar,48,0,0,1,
dbo,TEQUIVALENCEUNITEPRODUIT,,1,Caption,nvarchar,256,0,0,1,
dbo,TEQUIVALENCEUNITEPRODUIT,,2,code,nvarchar,256,0,0,1,
dbo,TEQUIVALENCEUNITEPRODUIT,,3,idOTP,int,4,10,0,1,
dbo,TEQUIVALENCEUNITEPRODUIT,,4,oid,TOID,32,0,0,0,
dbo,TEQUIVALENCEUNITEPRODUIT,,5,oiduniteReference,TOID,32,0,0,1,
dbo,TEQUIVALENCEUNITEPRODUIT,,6,UpdDate,datetime,8,23,3,1,
dbo,TEQUIVALENCEUNITEPRODUIT,,7,UpdStamp,char,16,0,0,1,
dbo,TEQUIVALENCEUNITEPRODUIT,,8,UpdUser,nvarchar,48,0,0,1,
dbo,TESCOMPTEDATE,,1,Caption,nvarchar,256,0,0,1,
dbo,TESCOMPTEDATE,,2,eDate,datetime,8,23,3,1,
dbo,TESCOMPTEDATE,,3,idOTP,int,4,10,0,1,
dbo,TESCOMPTEDATE,,4,oid,TOID,32,0,0,0,
dbo,TESCOMPTEDATE,,5,oidCategorieEscompteReglement,TOID,32,0,0,1,
dbo,TESCOMPTEDATE,,6,UpdDate,datetime,8,23,3,1,
dbo,TESCOMPTEDATE,,7,UpdStamp,char,16,0,0,1,
dbo,TESCOMPTEDATE,,8,UpdUser,nvarchar,48,0,0,1,
dbo,TESCOMPTETAUXJOUR,,1,Caption,nvarchar,256,0,0,1,
dbo,TESCOMPTETAUXJOUR,,2,idOTP,int,4,10,0,1,
dbo,TESCOMPTETAUXJOUR,,3,nombreJour,int,4,10,0,1,
dbo,TESCOMPTETAUXJOUR,,4,oid,TOID,32,0,0,0,
dbo,TESCOMPTETAUXJOUR,,5,oidEscompteDate,TOID,32,0,0,1,
dbo,TESCOMPTETAUXJOUR,,6,taux,float,8,53,0,1,
dbo,TESCOMPTETAUXJOUR,,7,taux_Decimales,int,4,10,0,1,
dbo,TESCOMPTETAUXJOUR,,8,UpdDate,datetime,8,23,3,1,
dbo,TESCOMPTETAUXJOUR,,9,UpdStamp,char,16,0,0,1,
dbo,TESCOMPTETAUXJOUR,,10,UpdUser,nvarchar,48,0,0,1,
dbo,TESPACEANALYTIQUE,,1,AffecterDiffIncorporation,bit,1,1,0,1,
dbo,TESPACEANALYTIQUE,,2,AutoriserDesequilibreNS,bit,1,1,0,1,
dbo,TESPACEANALYTIQUE,,3,Caption,nvarchar,256,0,0,1,
dbo,TESPACEANALYTIQUE,,4,centresNiveauPlusBas,bit,1,1,0,1,
dbo,TESPACEANALYTIQUE,,5,code,nvarchar,256,0,0,1,
dbo,TESPACEANALYTIQUE,,6,codeSectionAuto,bit,1,1,0,1,
dbo,TESPACEANALYTIQUE,,7,commentaire,nvarchar,-1,0,0,1,
dbo,TESPACEANALYTIQUE,,8,controleSectionAttente,smallint,2,5,0,1,
dbo,TESPACEANALYTIQUE,,9,controleSectionDiffIncorp,smallint,2,5,0,1,
dbo,TESPACEANALYTIQUE,,10,controleSoldeSectAttente,bit,1,1,0,1,
dbo,TESPACEANALYTIQUE,,11,createSDInexistant,bit,1,1,0,1,
dbo,TESPACEANALYTIQUE,,12,creerAutoCA,bit,1,1,0,1,
dbo,TESPACEANALYTIQUE,,13,creerSD,bit,1,1,0,1,
dbo,TESPACEANALYTIQUE,,14,dateDebutValidite,datetime,8,23,3,1,
dbo,TESPACEANALYTIQUE,,15,dateEpuration,datetime,8,23,3,1,
dbo,TESPACEANALYTIQUE,,16,dateFinValidite,datetime,8,23,3,1,
dbo,TESPACEANALYTIQUE,,17,dateNatureModifiable,datetime,8,23,3,1,
dbo,TESPACEANALYTIQUE,,18,enActivite,bit,1,1,0,1,
dbo,TESPACEANALYTIQUE,,19,estGroupe,bit,1,1,0,1,
dbo,TESPACEANALYTIQUE,,20,estMouvementeImmo,bit,1,1,0,1,
dbo,TESPACEANALYTIQUE,,21,estNatureModifiable,bit,1,1,0,1,
dbo,TESPACEANALYTIQUE,,22,idOTP,int,4,10,0,1,
dbo,TESPACEANALYTIQUE,,23,impactVentilationAna,smallint,2,5,0,1,
dbo,TESPACEANALYTIQUE,,24,libelleSection,bit,1,1,0,1,
dbo,TESPACEANALYTIQUE,,25,MAJCumulAPlat,bit,1,1,0,1,
dbo,TESPACEANALYTIQUE,,26,oid,TOID,32,0,0,0,
dbo,TESPACEANALYTIQUE,,27,oiddifferenceIncorporation,TOID,32,0,0,1,
dbo,TESPACEANALYTIQUE,,28,oidDimensionGroupe,TOID,32,0,0,1,
dbo,TESPACEANALYTIQUE,,29,oidDimensionTemps,TOID,32,0,0,1,
dbo,TESPACEANALYTIQUE,,30,oidModeleVentilation,TOID,32,0,0,1,
dbo,TESPACEANALYTIQUE,,31,oidsectionAttente,TOID,32,0,0,1,
dbo,TESPACEANALYTIQUE,,32,oidSectionResultat,TOID,32,0,0,1,
dbo,TESPACEANALYTIQUE,,33,oidSectionTransfert,TOID,32,0,0,1,
dbo,TESPACEANALYTIQUE,,34,selectSD,bit,1,1,0,1,
dbo,TESPACEANALYTIQUE,,35,separateurSection,smallint,2,5,0,1,
dbo,TESPACEANALYTIQUE,,36,seuilTolereSectionAttente,money,8,19,4,1,
dbo,TESPACEANALYTIQUE,,37,seuilTolereSectionAttente_Code,nvarchar,6,0,0,1,
dbo,TESPACEANALYTIQUE,,38,seuilTolereSectionDiff,money,8,19,4,1,
dbo,TESPACEANALYTIQUE,,39,seuilTolereSectionDiff_CodeDev,nvarchar,6,0,0,1,
dbo,TESPACEANALYTIQUE,,40,soldePieceNonNul,bit,1,1,0,1,
dbo,TESPACEANALYTIQUE,,41,UpdDate,datetime,8,23,3,1,
dbo,TESPACEANALYTIQUE,,42,UpdStamp,char,16,0,0,1,
dbo,TESPACEANALYTIQUE,,43,UpdUser,nvarchar,48,0,0,1,
dbo,TESPACEANALYTIQUE,,44,ventilableTotale,bit,1,1,0,1,
dbo,TESPACEANALYTIQUE,,45,axeDeversementAssurance,bit,1,1,0,1,
dbo,TESPACEANALYTIQUEAPLAT,,1,Caption,nvarchar,256,0,0,1,
dbo,TESPACEANALYTIQUEAPLAT,,2,idOTP,int,4,10,0,1,
dbo,TESPACEANALYTIQUEAPLAT,,3,oid,TOID,32,0,0,0,
dbo,TESPACEANALYTIQUEAPLAT,,4,oidEspaceAnalytique,TOID,32,0,0,1,
dbo,TESPACEANALYTIQUEAPLAT,,5,oidPlanAnalytique_1,nvarchar,256,0,0,1,
dbo,TESPACEANALYTIQUEAPLAT,,6,oidPlanAnalytique_2,nvarchar,256,0,0,1,
dbo,TESPACEANALYTIQUEAPLAT,,7,oidPlanAnalytique_3,nvarchar,256,0,0,1,
dbo,TESPACEANALYTIQUEAPLAT,,8,oidPlanAnalytique_4,nvarchar,256,0,0,1,
dbo,TESPACEANALYTIQUEAPLAT,,9,oidPlanAnalytique_5,nvarchar,256,0,0,1,
dbo,TESPACEANALYTIQUEAPLAT,,10,oidPlanAnalytique_6,nvarchar,256,0,0,1,
dbo,TESPACEANALYTIQUEAPLAT,,11,oidPlanAnalytique_7,nvarchar,256,0,0,1,
dbo,TESPACEANALYTIQUEAPLAT,,12,oidPlanAnalytique_8,nvarchar,256,0,0,1,
dbo,TESPACEANALYTIQUEAPLAT,,13,UpdDate,datetime,8,23,3,1,
dbo,TESPACEANALYTIQUEAPLAT,,14,UpdStamp,char,16,0,0,1,
dbo,TESPACEANALYTIQUEAPLAT,,15,UpdUser,nvarchar,48,0,0,1,
dbo,TESPACEEXERCICEPRECLOTURE,,1,Caption,nvarchar,256,0,0,1,
dbo,TESPACEEXERCICEPRECLOTURE,,2,idOTP,int,4,10,0,1,
dbo,TESPACEEXERCICEPRECLOTURE,,3,oid,TOID,32,0,0,0,
dbo,TESPACEEXERCICEPRECLOTURE,,4,oidEspaceAnalytique,TOID,32,0,0,1,
dbo,TESPACEEXERCICEPRECLOTURE,,5,oidExerciceAnalytique,TOID,32,0,0,1,
dbo,TESPACEEXERCICEPRECLOTURE,,6,UpdDate,datetime,8,23,3,1,
dbo,TESPACEEXERCICEPRECLOTURE,,7,UpdStamp,char,16,0,0,1,
dbo,TESPACEEXERCICEPRECLOTURE,,8,UpdUser,nvarchar,48,0,0,1,
dbo,TESPACEMONETAIRE,,1,Caption,nvarchar,256,0,0,1,
dbo,TESPACEMONETAIRE,,2,code,nvarchar,256,0,0,1,
dbo,TESPACEMONETAIRE,,3,idOTP,int,4,10,0,1,
dbo,TESPACEMONETAIRE,,4,oid,TOID,32,0,0,0,
dbo,TESPACEMONETAIRE,,5,oidDeviseReference,TOID,32,0,0,1,
dbo,TESPACEMONETAIRE,,6,UpdDate,datetime,8,23,3,1,
dbo,TESPACEMONETAIRE,,7,UpdStamp,char,16,0,0,1,
dbo,TESPACEMONETAIRE,,8,UpdUser,nvarchar,48,0,0,1,
dbo,TETABLISSEMENT,,1,Caption,nvarchar,256,0,0,1,
dbo,TETABLISSEMENT,,2,code,nvarchar,256,0,0,1,
dbo,TETABLISSEMENT,,3,commentaire,nvarchar,-1,0,0,1,
dbo,TETABLISSEMENT,,4,idOTP,int,4,10,0,1,
dbo,TETABLISSEMENT,,5,oid,TOID,32,0,0,0,
dbo,TETABLISSEMENT,,6,oidAdresse,TOID,32,0,0,1,
dbo,TETABLISSEMENT,,7,oidcompteBancairePrivilegie,TOID,32,0,0,1,
dbo,TETABLISSEMENT,,8,oidPositionEtablissement,TOID,32,0,0,1,
dbo,TETABLISSEMENT,,9,oidSiteSociete,TOID,32,0,0,1,
dbo,TETABLISSEMENT,,10,UpdDate,datetime,8,23,3,1,
dbo,TETABLISSEMENT,,11,UpdStamp,char,16,0,0,1,
dbo,TETABLISSEMENT,,12,UpdUser,nvarchar,48,0,0,1,
dbo,TETAPEECHEANCE,,1,Caption,nvarchar,256,0,0,1,
dbo,TETAPEECHEANCE,,2,code,nvarchar,256,0,0,1,
dbo,TETAPEECHEANCE,,3,Compensable,bit,1,1,0,1,
dbo,TETAPEECHEANCE,,4,idOTP,int,4,10,0,1,
dbo,TETAPEECHEANCE,,5,oid,TOID,32,0,0,0,
dbo,TETAPEECHEANCE,,6,oidModeReglement,TOID,32,0,0,1,
dbo,TETAPEECHEANCE,,7,typeReglement,smallint,2,5,0,1,
dbo,TETAPEECHEANCE,,8,UpdDate,datetime,8,23,3,1,
dbo,TETAPEECHEANCE,,9,UpdStamp,char,16,0,0,1,
dbo,TETAPEECHEANCE,,10,UpdUser,nvarchar,48,0,0,1,
dbo,TETAPEECHEANCE,,11,oidQuotatEcheance,TOID,32,0,0,1,
dbo,TETAPEECHEANCE,,12,affecterCBPrivilegie,bit,1,1,0,1,
dbo,TETAPEECHEANCE,,13,centraliser,bit,1,1,0,1,
dbo,TETAPEECHEANCE,,14,CollectifGroupe,bit,1,1,0,1,
dbo,TETAPEECHEANCE,,15,ComptabiliserADateEcheance,bit,1,1,0,1,
dbo,TETAPEECHEANCE,,16,dateReglement,bit,1,1,0,1,
dbo,TETAPEECHEANCE,,17,ecartChange,bit,1,1,0,1,
dbo,TETAPEECHEANCE,,18,escompteReglement,bit,1,1,0,1,
dbo,TETAPEECHEANCE,,19,oidCompteBancaireEtablissement,TOID,32,0,0,1,
dbo,TETAPEECHEANCE,,20,oidCompteGeneral,TOID,32,0,0,1,
dbo,TETAPEECHEANCE,,21,oidJournal,TOID,32,0,0,1,
dbo,TETAPEECHEANCE,,22,oidtypePiece,TOID,32,0,0,1,
dbo,TETAPEECHEANCE,,23,remise,bit,1,1,0,1,
dbo,TETAPEECHEANCE,,24,typeRemise,smallint,2,5,0,1,
dbo,TETATBIENPHYSIQUE,,1,Caption,nvarchar,256,0,0,1,
dbo,TETATBIENPHYSIQUE,,2,code,nvarchar,256,0,0,1,
dbo,TETATBIENPHYSIQUE,,3,idOTP,int,4,10,0,1,
dbo,TETATBIENPHYSIQUE,,4,oid,TOID,32,0,0,0,
dbo,TETATBIENPHYSIQUE,,5,UpdDate,datetime,8,23,3,1,
dbo,TETATBIENPHYSIQUE,,6,UpdStamp,char,16,0,0,1,
dbo,TETATBIENPHYSIQUE,,7,UpdUser,nvarchar,48,0,0,1,
dbo,TETATCOLONNEIMMO,,1,Caption,nvarchar,256,0,0,1,
dbo,TETATCOLONNEIMMO,,2,idOTP,int,4,10,0,1,
dbo,TETATCOLONNEIMMO,,3,oid,TOID,32,0,0,0,
dbo,TETATCOLONNEIMMO,,4,oidTColonneEtatImmo,TOID,32,0,0,1,
dbo,TETATCOLONNEIMMO,,5,oidTEtatPreparatoireImmo,TOID,32,0,0,1,
dbo,TETATCOLONNEIMMO,,6,UpdDate,datetime,8,23,3,1,
dbo,TETATCOLONNEIMMO,,7,UpdStamp,char,16,0,0,1,
dbo,TETATCOLONNEIMMO,,8,UpdUser,nvarchar,48,0,0,1,
dbo,TETATMETIER,,1,Caption,nvarchar,256,0,0,1,
dbo,TETATMETIER,,2,code,nvarchar,256,0,0,1,
dbo,TETATMETIER,,3,idOTP,int,4,10,0,1,
dbo,TETATMETIER,,4,oid,TOID,32,0,0,0,
dbo,TETATMETIER,,5,UpdDate,datetime,8,23,3,1,
dbo,TETATMETIER,,6,UpdStamp,char,16,0,0,1,
dbo,TETATMETIER,,7,UpdUser,nvarchar,48,0,0,1,
dbo,TETATMETIER,,8,scellement,bit,1,1,0,1,
dbo,TETATMETIER,,9,definitif,bit,1,1,0,1,
dbo,TETATPOSSIBLE,,1,Caption,nvarchar,256,0,0,1,
dbo,TETATPOSSIBLE,,2,idOTP,int,4,10,0,1,
dbo,TETATPOSSIBLE,,3,oid,TOID,32,0,0,0,
dbo,TETATPOSSIBLE,,4,oidCircuitValidation,TOID,32,0,0,1,
dbo,TETATPOSSIBLE,,5,oidEtatMetier,TOID,32,0,0,1,
dbo,TETATPOSSIBLE,,6,oidEtatMetierOK,TOID,32,0,0,1,
dbo,TETATPOSSIBLE,,7,oidEtatMetierRefus,TOID,32,0,0,1,
dbo,TETATPOSSIBLE,,8,ordre,int,4,10,0,1,
dbo,TETATPOSSIBLE,,9,UpdDate,datetime,8,23,3,1,
dbo,TETATPOSSIBLE,,10,UpdStamp,char,16,0,0,1,
dbo,TETATPOSSIBLE,,11,UpdUser,nvarchar,48,0,0,1,
dbo,TETATPREPARATOIRE,,1,attributDate,nvarchar,256,0,0,1,
dbo,TETATPREPARATOIRE,,2,attributDevise,nvarchar,256,0,0,1,
dbo,TETATPREPARATOIRE,,3,attributEtablissement,nvarchar,256,0,0,1,
dbo,TETATPREPARATOIRE,,4,attributExercice,nvarchar,256,0,0,1,
dbo,TETATPREPARATOIRE,,5,attributSelection,nvarchar,256,0,0,1,
dbo,TETATPREPARATOIRE,,6,Caption,nvarchar,256,0,0,1,
dbo,TETATPREPARATOIRE,,7,code,nvarchar,256,0,0,1,
dbo,TETATPREPARATOIRE,,8,idOTP,int,4,10,0,1,
dbo,TETATPREPARATOIRE,,9,millesime,nvarchar,256,0,0,1,
dbo,TETATPREPARATOIRE,,10,oid,TOID,32,0,0,0,
dbo,TETATPREPARATOIRE,,11,oidformatGenerationFichier,TOID,32,0,0,1,
dbo,TETATPREPARATOIRE,,12,systeme,bit,1,1,0,1,
dbo,TETATPREPARATOIRE,,13,UpdDate,datetime,8,23,3,1,
dbo,TETATPREPARATOIRE,,14,UpdStamp,char,16,0,0,1,
dbo,TETATPREPARATOIRE,,15,UpdUser,nvarchar,48,0,0,1,
dbo,TETATPREPARATOIREIMMO,,1,Caption,nvarchar,256,0,0,1,
dbo,TETATPREPARATOIREIMMO,,2,code,nvarchar,256,0,0,1,
dbo,TETATPREPARATOIREIMMO,,3,idOTP,int,4,10,0,1,
dbo,TETATPREPARATOIREIMMO,,4,oid,TOID,32,0,0,0,
dbo,TETATPREPARATOIREIMMO,,5,systeme,bit,1,1,0,1,
dbo,TETATPREPARATOIREIMMO,,6,UpdDate,datetime,8,23,3,1,
dbo,TETATPREPARATOIREIMMO,,7,UpdStamp,char,16,0,0,1,
dbo,TETATPREPARATOIREIMMO,,8,UpdUser,nvarchar,48,0,0,1,
dbo,TETATPREPARATOIRERUBRIQUE,,1,Caption,nvarchar,256,0,0,1,
dbo,TETATPREPARATOIRERUBRIQUE,,2,codeRubrique,nvarchar,256,0,0,1,
dbo,TETATPREPARATOIRERUBRIQUE,,3,idOTP,int,4,10,0,1,
dbo,TETATPREPARATOIRERUBRIQUE,,4,oid,TOID,32,0,0,0,
dbo,TETATPREPARATOIRERUBRIQUE,,5,oidformulaireEtat,TOID,32,0,0,1,
dbo,TETATPREPARATOIRERUBRIQUE,,6,oidTEtatPreparatoire,TOID,32,0,0,1,
dbo,TETATPREPARATOIRERUBRIQUE,,7,oidTRubriqueEtat,TOID,32,0,0,1,
dbo,TETATPREPARATOIRERUBRIQUE,,8,resultatNul,bit,1,1,0,1,
dbo,TETATPREPARATOIRERUBRIQUE,,9,UpdDate,datetime,8,23,3,1,
dbo,TETATPREPARATOIRERUBRIQUE,,10,UpdStamp,char,16,0,0,1,
dbo,TETATPREPARATOIRERUBRIQUE,,11,UpdUser,nvarchar,48,0,0,1,
dbo,TEXERCICE,,1,Caption,nvarchar,256,0,0,1,
dbo,TEXERCICE,,2,code,nvarchar,256,0,0,1,
dbo,TEXERCICE,,3,dateDebut,datetime,8,23,3,1,
dbo,TEXERCICE,,4,dateFin,datetime,8,23,3,1,
dbo,TEXERCICE,,5,idOTP,int,4,10,0,1,
dbo,TEXERCICE,,6,oid,TOID,32,0,0,0,
dbo,TEXERCICE,,7,oidDimensionTemps,TOID,32,0,0,1,
dbo,TEXERCICE,,8,UpdDate,datetime,8,23,3,1,
dbo,TEXERCICE,,9,UpdStamp,char,16,0,0,1,
dbo,TEXERCICE,,10,UpdUser,nvarchar,48,0,0,1,
dbo,TEXERCICE,,11,aCloturer,bit,1,1,0,1,
dbo,TEXERCICE,,12,cloture,bit,1,1,0,1,
dbo,TEXERCICE,,13,denominateur,float,8,53,0,1,
dbo,TEXERCICE,,14,denominateur_Decimales,int,4,10,0,1,
dbo,TEXERCICE,,15,etatImmo,smallint,2,5,0,1,
dbo,TEXERCICE,,16,oidCompteResultat,TOID,32,0,0,1,
dbo,TEXERCICE,,17,typeNumerateur,smallint,2,5,0,1,
dbo,TEXERCICE,,18,dateClotureImmo,datetime,8,23,3,1,
dbo,TEXERCICE,,19,archive,bit,1,1,0,1,
dbo,TEXERCICE,,20,dateArchivage,datetime,8,23,3,1,
dbo,TEXERCICE,,21,dateCloture,datetime,8,23,3,1,
dbo,TEXERCICE,,22,oidlotAnouveau,TOID,32,0,0,1,
dbo,TEXERCICE,,23,oidLotANouveauIAS,TOID,32,0,0,1,
dbo,TEXERCICE,,24,oidlotCloture,TOID,32,0,0,1,
dbo,TEXERCICE,,25,oidLotClotureIAS,TOID,32,0,0,1,
dbo,TEXERCICEANALYTIQUE,,1,Caption,nvarchar,256,0,0,1,
dbo,TEXERCICEANALYTIQUE,,2,cloture,bit,1,1,0,1,
dbo,TEXERCICEANALYTIQUE,,3,code,nvarchar,256,0,0,1,
dbo,TEXERCICEANALYTIQUE,,4,dateDebut,datetime,8,23,3,1,
dbo,TEXERCICEANALYTIQUE,,5,dateFin,datetime,8,23,3,1,
dbo,TEXERCICEANALYTIQUE,,6,enCoursDeCloture,bit,1,1,0,1,
dbo,TEXERCICEANALYTIQUE,,7,idOTP,int,4,10,0,1,
dbo,TEXERCICEANALYTIQUE,,8,modifie,bit,1,1,0,1,
dbo,TEXERCICEANALYTIQUE,,9,oid,TOID,32,0,0,0,
dbo,TEXERCICEANALYTIQUE,,10,oiddimensionTemps,TOID,32,0,0,1,
dbo,TEXERCICEANALYTIQUE,,11,UpdDate,datetime,8,23,3,1,
dbo,TEXERCICEANALYTIQUE,,12,UpdStamp,char,16,0,0,1,
dbo,TEXERCICEANALYTIQUE,,13,UpdUser,nvarchar,48,0,0,1,
dbo,TEXERCICEBUDGETAIRE,,1,Caption,nvarchar,256,0,0,1,
dbo,TEXERCICEBUDGETAIRE,,2,code,nvarchar,256,0,0,1,
dbo,TEXERCICEBUDGETAIRE,,3,dateDebut,datetime,8,23,3,1,
dbo,TEXERCICEBUDGETAIRE,,4,dateFin,datetime,8,23,3,1,
dbo,TEXERCICEBUDGETAIRE,,5,idOTP,int,4,10,0,1,
dbo,TEXERCICEBUDGETAIRE,,6,oid,TOID,32,0,0,0,
dbo,TEXERCICEBUDGETAIRE,,7,oidDimensionTemps,TOID,32,0,0,1,
dbo,TEXERCICEBUDGETAIRE,,8,UpdDate,datetime,8,23,3,1,
dbo,TEXERCICEBUDGETAIRE,,9,UpdStamp,char,16,0,0,1,
dbo,TEXERCICEBUDGETAIRE,,10,UpdUser,nvarchar,48,0,0,1,
dbo,TEXERCICEGROUPE,,1,Caption,nvarchar,256,0,0,1,
dbo,TEXERCICEGROUPE,,2,code,nvarchar,256,0,0,1,
dbo,TEXERCICEGROUPE,,3,dateDebut,datetime,8,23,3,1,
dbo,TEXERCICEGROUPE,,4,dateFin,datetime,8,23,3,1,
dbo,TEXERCICEGROUPE,,5,idOTP,int,4,10,0,1,
dbo,TEXERCICEGROUPE,,6,oid,TOID,32,0,0,0,
dbo,TEXERCICEGROUPE,,7,oidDimensionTemps,TOID,32,0,0,1,
dbo,TEXERCICEGROUPE,,8,UpdDate,datetime,8,23,3,1,
dbo,TEXERCICEGROUPE,,9,UpdStamp,char,16,0,0,1,
dbo,TEXERCICEGROUPE,,10,UpdUser,nvarchar,48,0,0,1,
dbo,TEXERCICEPERIMETREREF,,1,BudgetAffiche,nvarchar,256,0,0,1,
dbo,TEXERCICEPERIMETREREF,,2,Caption,nvarchar,256,0,0,1,
dbo,TEXERCICEPERIMETREREF,,3,idOTP,int,4,10,0,1,
dbo,TEXERCICEPERIMETREREF,,4,NatureRubrique,smallint,2,5,0,1,
dbo,TEXERCICEPERIMETREREF,,5,oid,TOID,32,0,0,0,
dbo,TEXERCICEPERIMETREREF,,6,oidAxeSelection,TOID,32,0,0,1,
dbo,TEXERCICEPERIMETREREF,,7,oidExerciceBudgetaire,TOID,32,0,0,1,
dbo,TEXERCICEPERIMETREREF,,8,oidHypotheseReference,TOID,32,0,0,1,
dbo,TEXERCICEPERIMETREREF,,9,oidPerimetreBudgetaireSociete,TOID,32,0,0,1,
dbo,TEXERCICEPERIMETREREF,,10,UpdDate,datetime,8,23,3,1,
dbo,TEXERCICEPERIMETREREF,,11,UpdStamp,char,16,0,0,1,
dbo,TEXERCICEPERIMETREREF,,12,UpdUser,nvarchar,48,0,0,1,
dbo,TEXTENSIONIMPORTRELEVECPT,,1,attributExtension,nvarchar,256,0,0,1,
dbo,TEXTENSIONIMPORTRELEVECPT,,2,attributImport,nvarchar,256,0,0,1,
dbo,TEXTENSIONIMPORTRELEVECPT,,3,Caption,nvarchar,256,0,0,1,
dbo,TEXTENSIONIMPORTRELEVECPT,,4,idOTP,int,4,10,0,1,
dbo,TEXTENSIONIMPORTRELEVECPT,,5,oid,TOID,32,0,0,0,
dbo,TEXTENSIONIMPORTRELEVECPT,,6,UpdDate,datetime,8,23,3,1,
dbo,TEXTENSIONIMPORTRELEVECPT,,7,UpdStamp,char,16,0,0,1,
dbo,TEXTENSIONIMPORTRELEVECPT,,8,UpdUser,nvarchar,48,0,0,1,
dbo,TFAMILLEBANQUE,,1,Caption,nvarchar,256,0,0,1,
dbo,TFAMILLEBANQUE,,2,code,nvarchar,256,0,0,1,
dbo,TFAMILLEBANQUE,,3,idOTP,int,4,10,0,1,
dbo,TFAMILLEBANQUE,,4,oid,TOID,32,0,0,0,
dbo,TFAMILLEBANQUE,,5,UpdDate,datetime,8,23,3,1,
dbo,TFAMILLEBANQUE,,6,UpdStamp,char,16,0,0,1,
dbo,TFAMILLEBANQUE,,7,UpdUser,nvarchar,48,0,0,1,
dbo,TFAMILLEBIEN,,1,Caption,nvarchar,256,0,0,1,
dbo,TFAMILLEBIEN,,2,code,nvarchar,256,0,0,1,
dbo,TFAMILLEBIEN,,3,idOTP,int,4,10,0,1,
dbo,TFAMILLEBIEN,,4,oid,TOID,32,0,0,0,
dbo,TFAMILLEBIEN,,5,oidBienModele,TOID,32,0,0,1,
dbo,TFAMILLEBIEN,,6,UpdDate,datetime,8,23,3,1,
dbo,TFAMILLEBIEN,,7,UpdStamp,char,16,0,0,1,
dbo,TFAMILLEBIEN,,8,UpdUser,nvarchar,48,0,0,1,
dbo,TFAMILLEBIENPHYSIQUE,,1,Caption,nvarchar,256,0,0,1,
dbo,TFAMILLEBIENPHYSIQUE,,2,code,nvarchar,256,0,0,1,
dbo,TFAMILLEBIENPHYSIQUE,,3,idOTP,int,4,10,0,1,
dbo,TFAMILLEBIENPHYSIQUE,,4,oid,TOID,32,0,0,0,
dbo,TFAMILLEBIENPHYSIQUE,,5,UpdDate,datetime,8,23,3,1,
dbo,TFAMILLEBIENPHYSIQUE,,6,UpdStamp,char,16,0,0,1,
dbo,TFAMILLEBIENPHYSIQUE,,7,UpdUser,nvarchar,48,0,0,1,
dbo,TFAMILLECOMPTE,,1,Caption,nvarchar,256,0,0,1,
dbo,TFAMILLECOMPTE,,2,code,nvarchar,256,0,0,1,
dbo,TFAMILLECOMPTE,,3,idOTP,int,4,10,0,1,
dbo,TFAMILLECOMPTE,,4,oid,TOID,32,0,0,0,
dbo,TFAMILLECOMPTE,,5,UpdDate,datetime,8,23,3,1,
dbo,TFAMILLECOMPTE,,6,UpdStamp,char,16,0,0,1,
dbo,TFAMILLECOMPTE,,7,UpdUser,nvarchar,48,0,0,1,
dbo,TFAMILLECOMPTE,,8,oidComptePivotCrediteur,TOID,32,0,0,1,
dbo,TFAMILLECOMPTE,,9,oidComptePivotDebiteur,TOID,32,0,0,1,
dbo,TFAMILLEISO20022,,1,Caption,nvarchar,256,0,0,1,
dbo,TFAMILLEISO20022,,2,code,nvarchar,256,0,0,1,
dbo,TFAMILLEISO20022,,3,idOTP,int,4,10,0,1,
dbo,TFAMILLEISO20022,,4,oid,TOID,32,0,0,0,
dbo,TFAMILLEISO20022,,5,UpdDate,datetime,8,23,3,1,
dbo,TFAMILLEISO20022,,6,UpdStamp,char,16,0,0,1,
dbo,TFAMILLEISO20022,,7,UpdUser,nvarchar,48,0,0,1,
dbo,TFAMILLERUBRIQUE,,1,Caption,nvarchar,256,0,0,1,
dbo,TFAMILLERUBRIQUE,,2,idOTP,int,4,10,0,1,
dbo,TFAMILLERUBRIQUE,,3,oid,TOID,32,0,0,0,
dbo,TFAMILLERUBRIQUE,,4,UpdDate,datetime,8,23,3,1,
dbo,TFAMILLERUBRIQUE,,5,UpdStamp,char,16,0,0,1,
dbo,TFAMILLERUBRIQUE,,6,UpdUser,nvarchar,48,0,0,1,
dbo,TFAMILLESOCIETE,,1,Caption,nvarchar,256,0,0,1,
dbo,TFAMILLESOCIETE,,2,code,nvarchar,256,0,0,1,
dbo,TFAMILLESOCIETE,,3,idOTP,int,4,10,0,1,
dbo,TFAMILLESOCIETE,,4,oid,TOID,32,0,0,0,
dbo,TFAMILLESOCIETE,,5,UpdDate,datetime,8,23,3,1,
dbo,TFAMILLESOCIETE,,6,UpdStamp,char,16,0,0,1,
dbo,TFAMILLESOCIETE,,7,UpdUser,nvarchar,48,0,0,1,
dbo,TFLUXTRESORERIE,,1,Caption,nvarchar,256,0,0,1,
dbo,TFLUXTRESORERIE,,2,idOTP,int,4,10,0,1,
dbo,TFLUXTRESORERIE,,3,oid,TOID,32,0,0,0,
dbo,TFLUXTRESORERIE,,4,statutOP,smallint,2,5,0,1,
dbo,TFLUXTRESORERIE,,5,UpdDate,datetime,8,23,3,1,
dbo,TFLUXTRESORERIE,,6,UpdStamp,char,16,0,0,1,
dbo,TFLUXTRESORERIE,,7,UpdUser,nvarchar,48,0,0,1,
dbo,TFONCTION,,1,Caption,nvarchar,256,0,0,1,
dbo,TFONCTION,,2,code,nvarchar,256,0,0,1,
dbo,TFONCTION,,3,idOTP,int,4,10,0,1,
dbo,TFONCTION,,4,oid,TOID,32,0,0,0,
dbo,TFONCTION,,5,UpdDate,datetime,8,23,3,1,
dbo,TFONCTION,,6,UpdStamp,char,16,0,0,1,
dbo,TFONCTION,,7,UpdUser,nvarchar,48,0,0,1,
dbo,TFORMATDEFINITIONFICHIER,,1,Caption,nvarchar,256,0,0,1,
dbo,TFORMATDEFINITIONFICHIER,,2,code,nvarchar,256,0,0,1,
dbo,TFORMATDEFINITIONFICHIER,,3,customChars,nvarchar,256,0,0,1,
dbo,TFORMATDEFINITIONFICHIER,,4,fichierEntree,nvarchar,256,0,0,1,
dbo,TFORMATDEFINITIONFICHIER,,5,filterChar,smallint,2,5,0,1,
dbo,TFORMATDEFINITIONFICHIER,,6,forceOldEngine,bit,1,1,0,1,
dbo,TFORMATDEFINITIONFICHIER,,7,formatVersion,smallint,2,5,0,1,
dbo,TFORMATDEFINITIONFICHIER,,8,headerOnly,bit,1,1,0,1,
dbo,TFORMATDEFINITIONFICHIER,,9,idOTP,int,4,10,0,1,
dbo,TFORMATDEFINITIONFICHIER,,10,infosTechnique,nvarchar,-1,0,0,1,
dbo,TFORMATDEFINITIONFICHIER,,11,natureFormatDefinition,smallint,2,5,0,1,
dbo,TFORMATDEFINITIONFICHIER,,12,nomClasseGeneration,nvarchar,256,0,0,1,
dbo,TFORMATDEFINITIONFICHIER,,13,oid,TOID,32,0,0,0,
dbo,TFORMATDEFINITIONFICHIER,,14,UpdDate,datetime,8,23,3,1,
dbo,TFORMATDEFINITIONFICHIER,,15,UpdStamp,char,16,0,0,1,
dbo,TFORMATDEFINITIONFICHIER,,16,UpdUser,nvarchar,48,0,0,1,
dbo,TFORMATDEFINITIONFICHIER,,17,xsdPath,nvarchar,1024,0,0,1,
dbo,TFORMATDEFINITIONFICHIER,,18,estRemiseParRemiseInterdit,bit,1,1,0,1,
dbo,TFORMATDEFINITIONFICHIER,,19,tailleEnregistrement,int,4,10,0,1,
dbo,TFORMATDEFINITIONFICHIER,,20,separateurDonneeComposite,nvarchar,256,0,0,1,
dbo,TFORMATDEFINITIONFICHIER,,21,separateurDonneElementaire,nvarchar,256,0,0,1,
dbo,TFORMATDEFINITIONFICHIER,,22,separateurEchappement,nvarchar,256,0,0,1,
dbo,TFORMATDEFINITIONFICHIER,,23,separateurFinDeLigne,nvarchar,256,0,0,1,
dbo,TFORMATTELEPAIEMENT,,1,Alignement,smallint,2,5,0,1,
dbo,TFORMATTELEPAIEMENT,,2,Caption,nvarchar,256,0,0,1,
dbo,TFORMATTELEPAIEMENT,,3,Code,nvarchar,256,0,0,1,
dbo,TFORMATTELEPAIEMENT,,4,CodeEnregistrement,nvarchar,256,0,0,1,
dbo,TFORMATTELEPAIEMENT,,5,FormatDate,nvarchar,256,0,0,1,
dbo,TFORMATTELEPAIEMENT,,6,idOTP,int,4,10,0,1,
dbo,TFORMATTELEPAIEMENT,,7,Longeur,int,4,10,0,1,
dbo,TFORMATTELEPAIEMENT,,8,Obligatoire,bit,1,1,0,1,
dbo,TFORMATTELEPAIEMENT,,9,oid,TOID,32,0,0,0,
dbo,TFORMATTELEPAIEMENT,,10,Position,int,4,10,0,1,
dbo,TFORMATTELEPAIEMENT,,11,Remplissage,nvarchar,256,0,0,1,
dbo,TFORMATTELEPAIEMENT,,12,TypeFormat,smallint,2,5,0,1,
dbo,TFORMATTELEPAIEMENT,,13,UpdDate,datetime,8,23,3,1,
dbo,TFORMATTELEPAIEMENT,,14,UpdStamp,char,16,0,0,1,
dbo,TFORMATTELEPAIEMENT,,15,UpdUser,nvarchar,48,0,0,1,
dbo,TFORMATTELEPAIEMENT,,16,ValeurParDefaut,nvarchar,256,0,0,1,
dbo,TFORMEJURIDIQUE,,1,Caption,nvarchar,256,0,0,1,
dbo,TFORMEJURIDIQUE,,2,code,nvarchar,256,0,0,1,
dbo,TFORMEJURIDIQUE,,3,idOTP,int,4,10,0,1,
dbo,TFORMEJURIDIQUE,,4,oid,TOID,32,0,0,0,
dbo,TFORMEJURIDIQUE,,5,UpdDate,datetime,8,23,3,1,
dbo,TFORMEJURIDIQUE,,6,UpdStamp,char,16,0,0,1,
dbo,TFORMEJURIDIQUE,,7,UpdUser,nvarchar,48,0,0,1,
dbo,TFORMULAIREETAT,,1,Caption,nvarchar,256,0,0,1,
dbo,TFORMULAIREETAT,,2,code,nvarchar,256,0,0,1,
dbo,TFORMULAIREETAT,,3,idOTP,int,4,10,0,1,
dbo,TFORMULAIREETAT,,4,oid,TOID,32,0,0,0,
dbo,TFORMULAIREETAT,,5,oidEtatPreparatoire,TOID,32,0,0,1,
dbo,TFORMULAIREETAT,,6,UpdDate,datetime,8,23,3,1,
dbo,TFORMULAIREETAT,,7,UpdStamp,char,16,0,0,1,
dbo,TFORMULAIREETAT,,8,UpdUser,nvarchar,48,0,0,1,
dbo,TFOURCHETTECOMPTEIMMO,,1,Caption,nvarchar,256,0,0,1,
dbo,TFOURCHETTECOMPTEIMMO,,2,commentaire,nvarchar,-1,0,0,1,
dbo,TFOURCHETTECOMPTEIMMO,,3,compteInferieur,nvarchar,256,0,0,1,
dbo,TFOURCHETTECOMPTEIMMO,,4,compteSuperieur,nvarchar,256,0,0,1,
dbo,TFOURCHETTECOMPTEIMMO,,5,idOTP,int,4,10,0,1,
dbo,TFOURCHETTECOMPTEIMMO,,6,oid,TOID,32,0,0,0,
dbo,TFOURCHETTECOMPTEIMMO,,7,UpdDate,datetime,8,23,3,1,
dbo,TFOURCHETTECOMPTEIMMO,,8,UpdStamp,char,16,0,0,1,
dbo,TFOURCHETTECOMPTEIMMO,,9,UpdUser,nvarchar,48,0,0,1,
dbo,TFOURCHETTECOMPTEIMMO,,10,oidregroupementCompte,TOID,32,0,0,1,
dbo,TFOURCHETTECOMPTEINTERDIT,,1,Caption,nvarchar,256,0,0,1,
dbo,TFOURCHETTECOMPTEINTERDIT,,2,commentaire,nvarchar,-1,0,0,1,
dbo,TFOURCHETTECOMPTEINTERDIT,,3,compteInferieur,nvarchar,256,0,0,1,
dbo,TFOURCHETTECOMPTEINTERDIT,,4,compteSuperieur,nvarchar,256,0,0,1,
dbo,TFOURCHETTECOMPTEINTERDIT,,5,idOTP,int,4,10,0,1,
dbo,TFOURCHETTECOMPTEINTERDIT,,6,oid,TOID,32,0,0,0,
dbo,TFOURCHETTECOMPTEINTERDIT,,7,UpdDate,datetime,8,23,3,1,
dbo,TFOURCHETTECOMPTEINTERDIT,,8,UpdStamp,char,16,0,0,1,
dbo,TFOURCHETTECOMPTEINTERDIT,,9,UpdUser,nvarchar,48,0,0,1,
dbo,TFOURCHETTECOMPTEINTERDIT,,10,oidjournalInterdit,TOID,32,0,0,1,
dbo,TFOURCHETTECOMPTEMULTISOC,,1,Caption,nvarchar,256,0,0,1,
dbo,TFOURCHETTECOMPTEMULTISOC,,2,commentaire,nvarchar,-1,0,0,1,
dbo,TFOURCHETTECOMPTEMULTISOC,,3,compteInferieur,nvarchar,256,0,0,1,
dbo,TFOURCHETTECOMPTEMULTISOC,,4,compteSuperieur,nvarchar,256,0,0,1,
dbo,TFOURCHETTECOMPTEMULTISOC,,5,idOTP,int,4,10,0,1,
dbo,TFOURCHETTECOMPTEMULTISOC,,6,oid,TOID,32,0,0,0,
dbo,TFOURCHETTECOMPTEMULTISOC,,7,UpdDate,datetime,8,23,3,1,
dbo,TFOURCHETTECOMPTEMULTISOC,,8,UpdStamp,char,16,0,0,1,
dbo,TFOURCHETTECOMPTEMULTISOC,,9,UpdUser,nvarchar,48,0,0,1,
dbo,TFOURCHETTECOMPTEMULTISOC,,10,oidPlanCompte,TOID,32,0,0,1,
dbo,TFOURCHETTECOMPTEPLAN,,1,Caption,nvarchar,256,0,0,1,
dbo,TFOURCHETTECOMPTEPLAN,,2,commentaire,nvarchar,-1,0,0,1,
dbo,TFOURCHETTECOMPTEPLAN,,3,compteInferieur,nvarchar,256,0,0,1,
dbo,TFOURCHETTECOMPTEPLAN,,4,compteSuperieur,nvarchar,256,0,0,1,
dbo,TFOURCHETTECOMPTEPLAN,,5,idOTP,int,4,10,0,1,
dbo,TFOURCHETTECOMPTEPLAN,,6,oid,TOID,32,0,0,0,
dbo,TFOURCHETTECOMPTEPLAN,,7,UpdDate,datetime,8,23,3,1,
dbo,TFOURCHETTECOMPTEPLAN,,8,UpdStamp,char,16,0,0,1,
dbo,TFOURCHETTECOMPTEPLAN,,9,UpdUser,nvarchar,48,0,0,1,
dbo,TFOURCHETTECOMPTEPLAN,,10,oidPlanCompteDetail,TOID,32,0,0,1,
dbo,TFOURCHETTECOMPTEPROFIL,,1,Caption,nvarchar,256,0,0,1,
dbo,TFOURCHETTECOMPTEPROFIL,,2,commentaire,nvarchar,-1,0,0,1,
dbo,TFOURCHETTECOMPTEPROFIL,,3,compteInferieur,nvarchar,256,0,0,1,
dbo,TFOURCHETTECOMPTEPROFIL,,4,compteSuperieur,nvarchar,256,0,0,1,
dbo,TFOURCHETTECOMPTEPROFIL,,5,idOTP,int,4,10,0,1,
dbo,TFOURCHETTECOMPTEPROFIL,,6,oid,TOID,32,0,0,0,
dbo,TFOURCHETTECOMPTEPROFIL,,7,UpdDate,datetime,8,23,3,1,
dbo,TFOURCHETTECOMPTEPROFIL,,8,UpdStamp,char,16,0,0,1,
dbo,TFOURCHETTECOMPTEPROFIL,,9,UpdUser,nvarchar,48,0,0,1,
dbo,TFOURCHETTECOMPTEPROFIL,,10,oidCompteProfil,TOID,32,0,0,1,
dbo,TFOURCHETTECPTPRIVILEGIE,,1,Caption,nvarchar,256,0,0,1,
dbo,TFOURCHETTECPTPRIVILEGIE,,2,commentaire,nvarchar,-1,0,0,1,
dbo,TFOURCHETTECPTPRIVILEGIE,,3,compteInferieur,nvarchar,256,0,0,1,
dbo,TFOURCHETTECPTPRIVILEGIE,,4,compteSuperieur,nvarchar,256,0,0,1,
dbo,TFOURCHETTECPTPRIVILEGIE,,5,idOTP,int,4,10,0,1,
dbo,TFOURCHETTECPTPRIVILEGIE,,6,oid,TOID,32,0,0,0,
dbo,TFOURCHETTECPTPRIVILEGIE,,7,UpdDate,datetime,8,23,3,1,
dbo,TFOURCHETTECPTPRIVILEGIE,,8,UpdStamp,char,16,0,0,1,
dbo,TFOURCHETTECPTPRIVILEGIE,,9,UpdUser,nvarchar,48,0,0,1,
dbo,TFOURCHETTECPTPRIVILEGIE,,10,oidjournalPrivilegie,TOID,32,0,0,1,
dbo,TFOURCHETTEGROUPE,,1,Caption,nvarchar,256,0,0,1,
dbo,TFOURCHETTEGROUPE,,2,commentaire,nvarchar,-1,0,0,1,
dbo,TFOURCHETTEGROUPE,,3,compteInferieur,nvarchar,256,0,0,1,
dbo,TFOURCHETTEGROUPE,,4,compteSuperieur,nvarchar,256,0,0,1,
dbo,TFOURCHETTEGROUPE,,5,idOTP,int,4,10,0,1,
dbo,TFOURCHETTEGROUPE,,6,oid,TOID,32,0,0,0,
dbo,TFOURCHETTEGROUPE,,7,UpdDate,datetime,8,23,3,1,
dbo,TFOURCHETTEGROUPE,,8,UpdStamp,char,16,0,0,1,
dbo,TFOURCHETTEGROUPE,,9,UpdUser,nvarchar,48,0,0,1,
dbo,TFOURCHETTEGROUPE,,10,oidPositionGroupe,TOID,32,0,0,1,
dbo,TFOURCHETTERUBRIQUE,,1,Caption,nvarchar,256,0,0,1,
dbo,TFOURCHETTERUBRIQUE,,2,commentaire,nvarchar,-1,0,0,1,
dbo,TFOURCHETTERUBRIQUE,,3,compteInferieur,nvarchar,256,0,0,1,
dbo,TFOURCHETTERUBRIQUE,,4,compteSuperieur,nvarchar,256,0,0,1,
dbo,TFOURCHETTERUBRIQUE,,5,idOTP,int,4,10,0,1,
dbo,TFOURCHETTERUBRIQUE,,6,oid,TOID,32,0,0,0,
dbo,TFOURCHETTERUBRIQUE,,7,UpdDate,datetime,8,23,3,1,
dbo,TFOURCHETTERUBRIQUE,,8,UpdStamp,char,16,0,0,1,
dbo,TFOURCHETTERUBRIQUE,,9,UpdUser,nvarchar,48,0,0,1,
dbo,TFOURCHETTERUBRIQUE,,10,oidRubriqueLiasse,TOID,32,0,0,1,
dbo,TFOURCHETTERUBRIQUE,,11,sensLiasse,smallint,2,5,0,1,
dbo,TFOURNISSEURCLASSIFICATION,,1,Caption,nvarchar,256,0,0,1,
dbo,TFOURNISSEURCLASSIFICATION,,2,idOTP,int,4,10,0,1,
dbo,TFOURNISSEURCLASSIFICATION,,3,oid,TOID,32,0,0,0,
dbo,TFOURNISSEURCLASSIFICATION,,4,oidParent,TOID,32,0,0,1,
dbo,TFOURNISSEURCLASSIFICATION,,5,UpdDate,datetime,8,23,3,1,
dbo,TFOURNISSEURCLASSIFICATION,,6,UpdStamp,char,16,0,0,1,
dbo,TFOURNISSEURCLASSIFICATION,,7,UpdUser,nvarchar,48,0,0,1,
dbo,TFRAISREGLEMENT,,1,Caption,nvarchar,256,0,0,1,
dbo,TFRAISREGLEMENT,,2,idOTP,int,4,10,0,1,
dbo,TFRAISREGLEMENT,,3,montant,money,8,19,4,1,
dbo,TFRAISREGLEMENT,,4,montant_CodeDevise,nvarchar,6,0,0,1,
dbo,TFRAISREGLEMENT,,5,montant_Date,datetime,8,23,3,1,
dbo,TFRAISREGLEMENT,,6,montant_TCConv,nvarchar,256,0,0,1,
dbo,TFRAISREGLEMENT,,7,montant_TCValue,money,8,19,4,1,
dbo,TFRAISREGLEMENT,,8,montant_RPConv,nvarchar,256,0,0,1,
dbo,TFRAISREGLEMENT,,9,montant_RPValue,money,8,19,4,1,
dbo,TFRAISREGLEMENT,,10,oid,TOID,32,0,0,0,
dbo,TFRAISREGLEMENT,,11,oidbordereauReglement,TOID,32,0,0,1,
dbo,TFRAISREGLEMENT,,12,oidcompteGeneral,TOID,32,0,0,1,
dbo,TFRAISREGLEMENT,,13,UpdDate,datetime,8,23,3,1,
dbo,TFRAISREGLEMENT,,14,UpdStamp,char,16,0,0,1,
dbo,TFRAISREGLEMENT,,15,UpdUser,nvarchar,48,0,0,1,
dbo,TFRAISSALARIE,,1,Caption,nvarchar,256,0,0,1,
dbo,TFRAISSALARIE,,2,code,nvarchar,256,0,0,1,
dbo,TFRAISSALARIE,,3,commentaire,nvarchar,-1,0,0,1,
dbo,TFRAISSALARIE,,4,facturable,bit,1,1,0,1,
dbo,TFRAISSALARIE,,5,idOTP,int,4,10,0,1,
dbo,TFRAISSALARIE,,6,modeRemboursement,smallint,2,5,0,1,
dbo,TFRAISSALARIE,,7,montantPlafond,money,8,19,4,1,
dbo,TFRAISSALARIE,,8,montantPlafond_CodeDevise,nvarchar,6,0,0,1,
dbo,TFRAISSALARIE,,9,oid,TOID,32,0,0,0,
dbo,TFRAISSALARIE,,10,oidCompteGeneral,TOID,32,0,0,1,
dbo,TFRAISSALARIE,,11,oidProfilTVA,TOID,32,0,0,1,
dbo,TFRAISSALARIE,,12,oidUnite,TOID,32,0,0,1,
dbo,TFRAISSALARIE,,13,plafonnementNF,smallint,2,5,0,1,
dbo,TFRAISSALARIE,,14,prixTarif,bit,1,1,0,1,
dbo,TFRAISSALARIE,,15,UpdDate,datetime,8,23,3,1,
dbo,TFRAISSALARIE,,16,UpdStamp,char,16,0,0,1,
dbo,TFRAISSALARIE,,17,UpdUser,nvarchar,48,0,0,1,
dbo,TGROUPCUMULANALYTIQUEAPLAT,,1,approcheIAS,bit,1,1,0,1,
dbo,TGROUPCUMULANALYTIQUEAPLAT,,2,approcheNationale,bit,1,1,0,1,
dbo,TGROUPCUMULANALYTIQUEAPLAT,,3,Caption,nvarchar,256,0,0,1,
dbo,TGROUPCUMULANALYTIQUEAPLAT,,4,captionPlan_1_Centre_1,nvarchar,256,0,0,1,
dbo,TGROUPCUMULANALYTIQUEAPLAT,,5,captionPlan_1_Centre_2,nvarchar,256,0,0,1,
dbo,TGROUPCUMULANALYTIQUEAPLAT,,6,captionPlan_1_Centre_3,nvarchar,256,0,0,1,
dbo,TGROUPCUMULANALYTIQUEAPLAT,,7,captionPlan_1_Centre_4,nvarchar,256,0,0,1,
dbo,TGROUPCUMULANALYTIQUEAPLAT,,8,captionPlan_2_Centre_1,nvarchar,256,0,0,1,
dbo,TGROUPCUMULANALYTIQUEAPLAT,,9,captionPlan_2_Centre_2,nvarchar,256,0,0,1,
dbo,TGROUPCUMULANALYTIQUEAPLAT,,10,captionPlan_2_Centre_3,nvarchar,256,0,0,1,
dbo,TGROUPCUMULANALYTIQUEAPLAT,,11,captionPlan_2_Centre_4,nvarchar,256,0,0,1,
dbo,TGROUPCUMULANALYTIQUEAPLAT,,12,captionPlan_3_Centre_1,nvarchar,256,0,0,1,
dbo,TGROUPCUMULANALYTIQUEAPLAT,,13,captionPlan_3_Centre_2,nvarchar,256,0,0,1,
dbo,TGROUPCUMULANALYTIQUEAPLAT,,14,captionPlan_3_Centre_3,nvarchar,256,0,0,1,
dbo,TGROUPCUMULANALYTIQUEAPLAT,,15,captionPlan_3_Centre_4,nvarchar,256,0,0,1,
dbo,TGROUPCUMULANALYTIQUEAPLAT,,16,captionPlan_4_Centre_1,nvarchar,256,0,0,1,
dbo,TGROUPCUMULANALYTIQUEAPLAT,,17,captionPlan_4_Centre_2,nvarchar,256,0,0,1,
dbo,TGROUPCUMULANALYTIQUEAPLAT,,18,captionPlan_4_Centre_3,nvarchar,256,0,0,1,
dbo,TGROUPCUMULANALYTIQUEAPLAT,,19,captionPlan_4_Centre_4,nvarchar,256,0,0,1,
dbo,TGROUPCUMULANALYTIQUEAPLAT,,20,captionPlan_5_Centre_1,nvarchar,256,0,0,1,
dbo,TGROUPCUMULANALYTIQUEAPLAT,,21,captionPlan_5_Centre_2,nvarchar,256,0,0,1,
dbo,TGROUPCUMULANALYTIQUEAPLAT,,22,captionPlan_5_Centre_3,nvarchar,256,0,0,1,
dbo,TGROUPCUMULANALYTIQUEAPLAT,,23,captionPlan_5_Centre_4,nvarchar,256,0,0,1,
dbo,TGROUPCUMULANALYTIQUEAPLAT,,24,captionPlan_6_Centre_1,nvarchar,256,0,0,1,
dbo,TGROUPCUMULANALYTIQUEAPLAT,,25,captionPlan_6_Centre_2,nvarchar,256,0,0,1,
dbo,TGROUPCUMULANALYTIQUEAPLAT,,26,captionPlan_6_Centre_3,nvarchar,256,0,0,1,
dbo,TGROUPCUMULANALYTIQUEAPLAT,,27,captionPlan_6_Centre_4,nvarchar,256,0,0,1,
dbo,TGROUPCUMULANALYTIQUEAPLAT,,28,captionPlan_7_Centre_1,nvarchar,256,0,0,1,
dbo,TGROUPCUMULANALYTIQUEAPLAT,,29,captionPlan_7_Centre_2,nvarchar,256,0,0,1,
dbo,TGROUPCUMULANALYTIQUEAPLAT,,30,captionPlan_7_Centre_3,nvarchar,256,0,0,1,
dbo,TGROUPCUMULANALYTIQUEAPLAT,,31,captionPlan_7_Centre_4,nvarchar,256,0,0,1,
dbo,TGROUPCUMULANALYTIQUEAPLAT,,32,captionPlan_8_Centre_1,nvarchar,256,0,0,1,
dbo,TGROUPCUMULANALYTIQUEAPLAT,,33,captionPlan_8_Centre_2,nvarchar,256,0,0,1,
dbo,TGROUPCUMULANALYTIQUEAPLAT,,34,captionPlan_8_Centre_3,nvarchar,256,0,0,1,
dbo,TGROUPCUMULANALYTIQUEAPLAT,,35,captionPlan_8_Centre_4,nvarchar,256,0,0,1,
dbo,TGROUPCUMULANALYTIQUEAPLAT,,36,ecartSurPrix,money,8,19,4,1,
dbo,TGROUPCUMULANALYTIQUEAPLAT,,37,ecartSurPrix_CodeDevise,nvarchar,6,0,0,1,
dbo,TGROUPCUMULANALYTIQUEAPLAT,,38,ecartSurQuantite,money,8,19,4,1,
dbo,TGROUPCUMULANALYTIQUEAPLAT,,39,ecartSurQuantite_CodeDevise,nvarchar,6,0,0,1,
dbo,TGROUPCUMULANALYTIQUEAPLAT,,40,ecartTotal,money,8,19,4,1,
dbo,TGROUPCUMULANALYTIQUEAPLAT,,41,ecartTotal_CodeDevise,nvarchar,6,0,0,1,
dbo,TGROUPCUMULANALYTIQUEAPLAT,,42,idOTP,int,4,10,0,1,
dbo,TGROUPCUMULANALYTIQUEAPLAT,,43,montantAvancement,money,8,19,4,1,
dbo,TGROUPCUMULANALYTIQUEAPLAT,,44,montantAvancement_CodeDevise,nvarchar,6,0,0,1,
dbo,TGROUPCUMULANALYTIQUEAPLAT,,45,montantBudgete,money,8,19,4,1,
dbo,TGROUPCUMULANALYTIQUEAPLAT,,46,montantBudgete_CodeDevise,nvarchar,6,0,0,1,
dbo,TGROUPCUMULANALYTIQUEAPLAT,,47,montantCreditReel,money,8,19,4,1,
dbo,TGROUPCUMULANALYTIQUEAPLAT,,48,montantCreditReel_CodeDevise,nvarchar,6,0,0,1,
dbo,TGROUPCUMULANALYTIQUEAPLAT,,49,montantCreditSimul,money,8,19,4,1,
dbo,TGROUPCUMULANALYTIQUEAPLAT,,50,montantCreditSimul_CodeDevise,nvarchar,6,0,0,1,
dbo,TGROUPCUMULANALYTIQUEAPLAT,,51,montantDebitReel,money,8,19,4,1,
dbo,TGROUPCUMULANALYTIQUEAPLAT,,52,montantDebitReel_CodeDevise,nvarchar,6,0,0,1,
dbo,TGROUPCUMULANALYTIQUEAPLAT,,53,montantDebitSimul,money,8,19,4,1,
dbo,TGROUPCUMULANALYTIQUEAPLAT,,54,montantDebitSimul_CodeDevise,nvarchar,6,0,0,1,
dbo,TGROUPCUMULANALYTIQUEAPLAT,,55,montantDeverse,money,8,19,4,1,
dbo,TGROUPCUMULANALYTIQUEAPLAT,,56,montantDeverse_CodeDevise,nvarchar,6,0,0,1,
dbo,TGROUPCUMULANALYTIQUEAPLAT,,57,montantRecu,money,8,19,4,1,
dbo,TGROUPCUMULANALYTIQUEAPLAT,,58,montantRecu_CodeDevise,nvarchar,6,0,0,1,
dbo,TGROUPCUMULANALYTIQUEAPLAT,,59,montantTotal,money,8,19,4,1,
dbo,TGROUPCUMULANALYTIQUEAPLAT,,60,montantTotal_CodeDevise,nvarchar,6,0,0,1,
dbo,TGROUPCUMULANALYTIQUEAPLAT,,61,montantTotalSimul,money,8,19,4,1,
dbo,TGROUPCUMULANALYTIQUEAPLAT,,62,montantTotalSimul_CodeDevise,nvarchar,6,0,0,1,
dbo,TGROUPCUMULANALYTIQUEAPLAT,,63,oid,TOID,32,0,0,0,
dbo,TGROUPCUMULANALYTIQUEAPLAT,,64,oidEspaceAnalytiqueAPlat,TOID,32,0,0,1,
dbo,TGROUPCUMULANALYTIQUEAPLAT,,65,oidGroupeCumulAnalytique,TOID,32,0,0,1,
dbo,TGROUPCUMULANALYTIQUEAPLAT,,66,oidNature_1,nvarchar,256,0,0,1,
dbo,TGROUPCUMULANALYTIQUEAPLAT,,67,oidNature_2,nvarchar,256,0,0,1,
dbo,TGROUPCUMULANALYTIQUEAPLAT,,68,oidNature_3,nvarchar,256,0,0,1,
dbo,TGROUPCUMULANALYTIQUEAPLAT,,69,oidNature_4,nvarchar,256,0,0,1,
dbo,TGROUPCUMULANALYTIQUEAPLAT,,70,oidperiode,TOID,32,0,0,1,
dbo,TGROUPCUMULANALYTIQUEAPLAT,,71,oidPlan_1_Centre_1,nvarchar,256,0,0,1,
dbo,TGROUPCUMULANALYTIQUEAPLAT,,72,oidPlan_1_Centre_2,nvarchar,256,0,0,1,
dbo,TGROUPCUMULANALYTIQUEAPLAT,,73,oidPlan_1_Centre_3,nvarchar,256,0,0,1,
dbo,TGROUPCUMULANALYTIQUEAPLAT,,74,oidPlan_1_Centre_4,nvarchar,256,0,0,1,
dbo,TGROUPCUMULANALYTIQUEAPLAT,,75,oidPlan_2_Centre_1,nvarchar,256,0,0,1,
dbo,TGROUPCUMULANALYTIQUEAPLAT,,76,oidPlan_2_Centre_2,nvarchar,256,0,0,1,
dbo,TGROUPCUMULANALYTIQUEAPLAT,,77,oidPlan_2_Centre_3,nvarchar,256,0,0,1,
dbo,TGROUPCUMULANALYTIQUEAPLAT,,78,oidPlan_2_Centre_4,nvarchar,256,0,0,1,
dbo,TGROUPCUMULANALYTIQUEAPLAT,,79,oidPlan_3_Centre_1,nvarchar,256,0,0,1,
dbo,TGROUPCUMULANALYTIQUEAPLAT,,80,oidPlan_3_Centre_2,nvarchar,256,0,0,1,
dbo,TGROUPCUMULANALYTIQUEAPLAT,,81,oidPlan_3_Centre_3,nvarchar,256,0,0,1,
dbo,TGROUPCUMULANALYTIQUEAPLAT,,82,oidPlan_3_Centre_4,nvarchar,256,0,0,1,
dbo,TGROUPCUMULANALYTIQUEAPLAT,,83,oidPlan_4_Centre_1,nvarchar,256,0,0,1,
dbo,TGROUPCUMULANALYTIQUEAPLAT,,84,oidPlan_4_Centre_2,nvarchar,256,0,0,1,
dbo,TGROUPCUMULANALYTIQUEAPLAT,,85,oidPlan_4_Centre_3,nvarchar,256,0,0,1,
dbo,TGROUPCUMULANALYTIQUEAPLAT,,86,oidPlan_4_Centre_4,nvarchar,256,0,0,1,
dbo,TGROUPCUMULANALYTIQUEAPLAT,,87,oidPlan_5_Centre_1,nvarchar,256,0,0,1,
dbo,TGROUPCUMULANALYTIQUEAPLAT,,88,oidPlan_5_Centre_2,nvarchar,256,0,0,1,
dbo,TGROUPCUMULANALYTIQUEAPLAT,,89,oidPlan_5_Centre_3,nvarchar,256,0,0,1,
dbo,TGROUPCUMULANALYTIQUEAPLAT,,90,oidPlan_5_Centre_4,nvarchar,256,0,0,1,
dbo,TGROUPCUMULANALYTIQUEAPLAT,,91,oidPlan_6_Centre_1,nvarchar,256,0,0,1,
dbo,TGROUPCUMULANALYTIQUEAPLAT,,92,oidPlan_6_Centre_2,nvarchar,256,0,0,1,
dbo,TGROUPCUMULANALYTIQUEAPLAT,,93,oidPlan_6_Centre_3,nvarchar,256,0,0,1,
dbo,TGROUPCUMULANALYTIQUEAPLAT,,94,oidPlan_6_Centre_4,nvarchar,256,0,0,1,
dbo,TGROUPCUMULANALYTIQUEAPLAT,,95,oidPlan_7_Centre_1,nvarchar,256,0,0,1,
dbo,TGROUPCUMULANALYTIQUEAPLAT,,96,oidPlan_7_Centre_2,nvarchar,256,0,0,1,
dbo,TGROUPCUMULANALYTIQUEAPLAT,,97,oidPlan_7_Centre_3,nvarchar,256,0,0,1,
dbo,TGROUPCUMULANALYTIQUEAPLAT,,98,oidPlan_7_Centre_4,nvarchar,256,0,0,1,
dbo,TGROUPCUMULANALYTIQUEAPLAT,,99,oidPlan_8_Centre_1,nvarchar,256,0,0,1,
dbo,TGROUPCUMULANALYTIQUEAPLAT,,100,oidPlan_8_Centre_2,nvarchar,256,0,0,1,
dbo,TGROUPCUMULANALYTIQUEAPLAT,,101,oidPlan_8_Centre_3,nvarchar,256,0,0,1,
dbo,TGROUPCUMULANALYTIQUEAPLAT,,102,oidPlan_8_Centre_4,nvarchar,256,0,0,1,
dbo,TGROUPCUMULANALYTIQUEAPLAT,,103,oidpointAnalytique,TOID,32,0,0,1,
dbo,TGROUPCUMULANALYTIQUEAPLAT,,104,pourcentageEcart,float,8,53,0,1,
dbo,TGROUPCUMULANALYTIQUEAPLAT,,105,pourcentageEcart_Decimales,int,4,10,0,1,
dbo,TGROUPCUMULANALYTIQUEAPLAT,,106,prixStandard,money,8,19,4,1,
dbo,TGROUPCUMULANALYTIQUEAPLAT,,107,prixStandard_CodeDevise,nvarchar,6,0,0,1,
dbo,TGROUPCUMULANALYTIQUEAPLAT,,108,prixUnitaireBudget,money,8,19,4,1,
dbo,TGROUPCUMULANALYTIQUEAPLAT,,109,prixUnitaireBudget_CodeDevise,nvarchar,6,0,0,1,
dbo,TGROUPCUMULANALYTIQUEAPLAT,,110,prixUnitaireReel,money,8,19,4,1,
dbo,TGROUPCUMULANALYTIQUEAPLAT,,111,prixUnitaireReel_CodeDevise,nvarchar,6,0,0,1,
dbo,TGROUPCUMULANALYTIQUEAPLAT,,112,quantiteBudgete,float,8,53,0,1,
dbo,TGROUPCUMULANALYTIQUEAPLAT,,113,quantiteBudgete_Decimales,int,4,10,0,1,
dbo,TGROUPCUMULANALYTIQUEAPLAT,,114,quantiteBudgete_CodeUnit,nvarchar,64,0,0,1,
dbo,TGROUPCUMULANALYTIQUEAPLAT,,115,quantiteCreditReel,float,8,53,0,1,
dbo,TGROUPCUMULANALYTIQUEAPLAT,,116,quantiteCreditReel_Decimales,int,4,10,0,1,
dbo,TGROUPCUMULANALYTIQUEAPLAT,,117,quantiteCreditReel_CodeUnit,nvarchar,64,0,0,1,
dbo,TGROUPCUMULANALYTIQUEAPLAT,,118,quantiteCreditSimul,float,8,53,0,1,
dbo,TGROUPCUMULANALYTIQUEAPLAT,,119,quantiteCreditSimul_Decimales,int,4,10,0,1,
dbo,TGROUPCUMULANALYTIQUEAPLAT,,120,quantiteCreditSimul_CodeUnit,nvarchar,64,0,0,1,
dbo,TGROUPCUMULANALYTIQUEAPLAT,,121,quantiteDebitReel,float,8,53,0,1,
dbo,TGROUPCUMULANALYTIQUEAPLAT,,122,quantiteDebitReel_Decimales,int,4,10,0,1,
dbo,TGROUPCUMULANALYTIQUEAPLAT,,123,quantiteDebitReel_CodeUnit,nvarchar,64,0,0,1,
dbo,TGROUPCUMULANALYTIQUEAPLAT,,124,quantiteDebitSimul,float,8,53,0,1,
dbo,TGROUPCUMULANALYTIQUEAPLAT,,125,quantiteDebitSimul_Decimales,int,4,10,0,1,
dbo,TGROUPCUMULANALYTIQUEAPLAT,,126,quantiteDebitSimul_CodeUnit,nvarchar,64,0,0,1,
dbo,TGROUPCUMULANALYTIQUEAPLAT,,127,quantiteDeverse,float,8,53,0,1,
dbo,TGROUPCUMULANALYTIQUEAPLAT,,128,quantiteDeverse_Decimales,int,4,10,0,1,
dbo,TGROUPCUMULANALYTIQUEAPLAT,,129,quantiteDeverse_CodeUnit,nvarchar,64,0,0,1,
dbo,TGROUPCUMULANALYTIQUEAPLAT,,130,quantiteRecu,float,8,53,0,1,
dbo,TGROUPCUMULANALYTIQUEAPLAT,,131,quantiteRecu_Decimales,int,4,10,0,1,
dbo,TGROUPCUMULANALYTIQUEAPLAT,,132,quantiteRecu_CodeUnit,nvarchar,64,0,0,1,
dbo,TGROUPCUMULANALYTIQUEAPLAT,,133,quantiteTotal,float,8,53,0,1,
dbo,TGROUPCUMULANALYTIQUEAPLAT,,134,quantiteTotal_Decimales,int,4,10,0,1,
dbo,TGROUPCUMULANALYTIQUEAPLAT,,135,quantiteTotal_CodeUnit,nvarchar,64,0,0,1,
dbo,TGROUPCUMULANALYTIQUEAPLAT,,136,quantiteTotalSimul,float,8,53,0,1,
dbo,TGROUPCUMULANALYTIQUEAPLAT,,137,quantiteTotalSimul_Decimales,int,4,10,0,1,
dbo,TGROUPCUMULANALYTIQUEAPLAT,,138,quantiteTotalSimul_CodeUnit,nvarchar,64,0,0,1,
dbo,TGROUPCUMULANALYTIQUEAPLAT,,139,soldeMontantReel,money,8,19,4,1,
dbo,TGROUPCUMULANALYTIQUEAPLAT,,140,soldeMontantReel_CodeDevise,nvarchar,6,0,0,1,
dbo,TGROUPCUMULANALYTIQUEAPLAT,,141,soldeMontantSimul,money,8,19,4,1,
dbo,TGROUPCUMULANALYTIQUEAPLAT,,142,soldeMontantSimul_CodeDevise,nvarchar,6,0,0,1,
dbo,TGROUPCUMULANALYTIQUEAPLAT,,143,soldeQuantiteReel,float,8,53,0,1,
dbo,TGROUPCUMULANALYTIQUEAPLAT,,144,soldeQuantiteReel_Decimales,int,4,10,0,1,
dbo,TGROUPCUMULANALYTIQUEAPLAT,,145,soldeQuantiteReel_CodeUnit,nvarchar,64,0,0,1,
dbo,TGROUPCUMULANALYTIQUEAPLAT,,146,soldeQuantiteSimul,float,8,53,0,1,
dbo,TGROUPCUMULANALYTIQUEAPLAT,,147,soldeQuantiteSimul_Decimales,int,4,10,0,1,
dbo,TGROUPCUMULANALYTIQUEAPLAT,,148,soldeQuantiteSimul_CodeUnit,nvarchar,64,0,0,1,
dbo,TGROUPCUMULANALYTIQUEAPLAT,,149,typeCumulAnalytique,smallint,2,5,0,1,
dbo,TGROUPCUMULANALYTIQUEAPLAT,,150,UpdDate,datetime,8,23,3,1,
dbo,TGROUPCUMULANALYTIQUEAPLAT,,151,UpdStamp,char,16,0,0,1,
dbo,TGROUPCUMULANALYTIQUEAPLAT,,152,UpdUser,nvarchar,48,0,0,1,
dbo,TGROUPEBUDGETAIRE,,1,Caption,nvarchar,256,0,0,1,
dbo,TGROUPEBUDGETAIRE,,2,code,nvarchar,256,0,0,1,
dbo,TGROUPEBUDGETAIRE,,3,idOTP,int,4,10,0,1,
dbo,TGROUPEBUDGETAIRE,,4,oid,TOID,32,0,0,0,
dbo,TGROUPEBUDGETAIRE,,5,oidBudgetReferenceIASIFRS,TOID,32,0,0,1,
dbo,TGROUPEBUDGETAIRE,,6,oidBudgetReferenceNational,TOID,32,0,0,1,
dbo,TGROUPEBUDGETAIRE,,7,oidEspaceAnalytique,TOID,32,0,0,1,
dbo,TGROUPEBUDGETAIRE,,8,oidexerciceAnalytique,TOID,32,0,0,1,
dbo,TGROUPEBUDGETAIRE,,9,oidPlanPostesBudgetaire,TOID,32,0,0,1,
dbo,TGROUPEBUDGETAIRE,,10,UpdDate,datetime,8,23,3,1,
dbo,TGROUPEBUDGETAIRE,,11,UpdStamp,char,16,0,0,1,
dbo,TGROUPEBUDGETAIRE,,12,UpdUser,nvarchar,48,0,0,1,
dbo,TGROUPECONTACTVALIDATION,,1,actif,bit,1,1,0,1,
dbo,TGROUPECONTACTVALIDATION,,2,Caption,nvarchar,256,0,0,1,
dbo,TGROUPECONTACTVALIDATION,,3,dateValiditeDeb,datetime,8,23,3,1,
dbo,TGROUPECONTACTVALIDATION,,4,dateValiditeFin,datetime,8,23,3,1,
dbo,TGROUPECONTACTVALIDATION,,5,idOTP,int,4,10,0,1,
dbo,TGROUPECONTACTVALIDATION,,6,oid,TOID,32,0,0,0,
dbo,TGROUPECONTACTVALIDATION,,7,oidTContactEtablissement,TOID,32,0,0,1,
dbo,TGROUPECONTACTVALIDATION,,8,oidTGroupeValidation,TOID,32,0,0,1,
dbo,TGROUPECONTACTVALIDATION,,9,UpdDate,datetime,8,23,3,1,
dbo,TGROUPECONTACTVALIDATION,,10,UpdStamp,char,16,0,0,1,
dbo,TGROUPECONTACTVALIDATION,,11,UpdUser,nvarchar,48,0,0,1,
dbo,TGROUPECUMULANALYTIQUE,,1,approcheIAS,bit,1,1,0,1,
dbo,TGROUPECUMULANALYTIQUE,,2,approcheNationale,bit,1,1,0,1,
dbo,TGROUPECUMULANALYTIQUE,,3,Caption,nvarchar,256,0,0,1,
dbo,TGROUPECUMULANALYTIQUE,,4,idOTP,int,4,10,0,1,
dbo,TGROUPECUMULANALYTIQUE,,5,oid,TOID,32,0,0,0,
dbo,TGROUPECUMULANALYTIQUE,,6,oidperiode,TOID,32,0,0,1,
dbo,TGROUPECUMULANALYTIQUE,,7,oidpointAnalytique,TOID,32,0,0,1,
dbo,TGROUPECUMULANALYTIQUE,,8,prixStandard,money,8,19,4,1,
dbo,TGROUPECUMULANALYTIQUE,,9,prixStandard_CodeDevise,nvarchar,6,0,0,1,
dbo,TGROUPECUMULANALYTIQUE,,10,typeCumulAnalytique,smallint,2,5,0,1,
dbo,TGROUPECUMULANALYTIQUE,,11,UpdDate,datetime,8,23,3,1,
dbo,TGROUPECUMULANALYTIQUE,,12,UpdStamp,char,16,0,0,1,
dbo,TGROUPECUMULANALYTIQUE,,13,UpdUser,nvarchar,48,0,0,1,
dbo,TGROUPEDEVERSEMENT,,1,Caption,nvarchar,256,0,0,1,
dbo,TGROUPEDEVERSEMENT,,2,code,nvarchar,256,0,0,1,
dbo,TGROUPEDEVERSEMENT,,3,DateDernierControle,datetime,8,23,3,1,
dbo,TGROUPEDEVERSEMENT,,4,deversementQuantite,bit,1,1,0,1,
dbo,TGROUPEDEVERSEMENT,,5,ExistencePrestReciproques,bit,1,1,0,1,
dbo,TGROUPEDEVERSEMENT,,6,idOTP,int,4,10,0,1,
dbo,TGROUPEDEVERSEMENT,,7,InclurePeriode,bit,1,1,0,1,
dbo,TGROUPEDEVERSEMENT,,8,inversionCentreDeverseur,bit,1,1,0,1,
dbo,TGROUPEDEVERSEMENT,,9,NombrePeriode,int,4,10,0,1,
dbo,TGROUPEDEVERSEMENT,,10,oid,TOID,32,0,0,0,
dbo,TGROUPEDEVERSEMENT,,11,oidespaceAnalytique,TOID,32,0,0,1,
dbo,TGROUPEDEVERSEMENT,,12,typeDeversement,smallint,2,5,0,1,
dbo,TGROUPEDEVERSEMENT,,13,UpdDate,datetime,8,23,3,1,
dbo,TGROUPEDEVERSEMENT,,14,UpdStamp,char,16,0,0,1,
dbo,TGROUPEDEVERSEMENT,,15,UpdUser,nvarchar,48,0,0,1,
dbo,TGROUPEDEVERSEMENT,,16,valorisationPrixStandard,bit,1,1,0,1,
dbo,TGROUPEDEVERSEMENT,,17,APartirEcrAna,bit,1,1,0,1,
dbo,TGROUPEFACTURATION,,1,Caption,nvarchar,256,0,0,1,
dbo,TGROUPEFACTURATION,,2,code,nvarchar,256,0,0,1,
dbo,TGROUPEFACTURATION,,3,idOTP,int,4,10,0,1,
dbo,TGROUPEFACTURATION,,4,oid,TOID,32,0,0,0,
dbo,TGROUPEFACTURATION,,5,UpdDate,datetime,8,23,3,1,
dbo,TGROUPEFACTURATION,,6,UpdStamp,char,16,0,0,1,
dbo,TGROUPEFACTURATION,,7,UpdUser,nvarchar,48,0,0,1,
dbo,TGROUPEPOINTAGE,,1,Caption,nvarchar,256,0,0,1,
dbo,TGROUPEPOINTAGE,,2,confirme,bit,1,1,0,1,
dbo,TGROUPEPOINTAGE,,3,datePointage,datetime,8,23,3,1,
dbo,TGROUPEPOINTAGE,,4,idOTP,int,4,10,0,1,
dbo,TGROUPEPOINTAGE,,5,IsBancaire,bit,1,1,0,1,
dbo,TGROUPEPOINTAGE,,6,numero,nvarchar,64,0,0,1,
dbo,TGROUPEPOINTAGE,,7,numero_CounterName,nvarchar,64,0,0,1,
dbo,TGROUPEPOINTAGE,,8,oid,TOID,32,0,0,0,
dbo,TGROUPEPOINTAGE,,9,oidcompteGeneral,TOID,32,0,0,1,
dbo,TGROUPEPOINTAGE,,10,UpdDate,datetime,8,23,3,1,
dbo,TGROUPEPOINTAGE,,11,UpdStamp,char,16,0,0,1,
dbo,TGROUPEPOINTAGE,,12,UpdUser,nvarchar,48,0,0,1,
dbo,TGROUPERELANCE,,1,Caption,nvarchar,256,0,0,1,
dbo,TGROUPERELANCE,,2,idOTP,int,4,10,0,1,
dbo,TGROUPERELANCE,,3,imputationAvoir,bit,1,1,0,1,
dbo,TGROUPERELANCE,,4,lettragePartiel,bit,1,1,0,1,
dbo,TGROUPERELANCE,,5,modeRelance,smallint,2,5,0,1,
dbo,TGROUPERELANCE,,6,oid,TOID,32,0,0,0,
dbo,TGROUPERELANCE,,7,seuilMontant,money,8,19,4,1,
dbo,TGROUPERELANCE,,8,touteDevise,bit,1,1,0,1,
dbo,TGROUPERELANCE,,9,typeRelance,smallint,2,5,0,1,
dbo,TGROUPERELANCE,,10,UpdDate,datetime,8,23,3,1,
dbo,TGROUPERELANCE,,11,UpdStamp,char,16,0,0,1,
dbo,TGROUPERELANCE,,12,UpdUser,nvarchar,48,0,0,1,
dbo,TGROUPEREMISEBANCAIRE,,1,Caption,nvarchar,256,0,0,1,
dbo,TGROUPEREMISEBANCAIRE,,2,Compteur,nvarchar,64,0,0,1,
dbo,TGROUPEREMISEBANCAIRE,,3,Compteur_CounterName,nvarchar,64,0,0,1,
dbo,TGROUPEREMISEBANCAIRE,,4,CRLF,bit,1,1,0,1,
dbo,TGROUPEREMISEBANCAIRE,,5,DateDeRecuperation,datetime,8,23,3,1,
dbo,TGROUPEREMISEBANCAIRE,,6,DateGeneration,datetime,8,23,3,1,
dbo,TGROUPEREMISEBANCAIRE,,7,DateGroupe,datetime,8,23,3,1,
dbo,TGROUPEREMISEBANCAIRE,,8,FichierGrpeRemise,nvarchar,256,0,0,1,
dbo,TGROUPEREMISEBANCAIRE,,9,Genere,bit,1,1,0,1,
dbo,TGROUPEREMISEBANCAIRE,,10,idOTP,int,4,10,0,1,
dbo,TGROUPEREMISEBANCAIRE,,11,oid,TOID,32,0,0,0,
dbo,TGROUPEREMISEBANCAIRE,,12,oidBanque,TOID,32,0,0,1,
dbo,TGROUPEREMISEBANCAIRE,,13,Recupere,bit,1,1,0,1,
dbo,TGROUPEREMISEBANCAIRE,,14,Reference,nvarchar,256,0,0,1,
dbo,TGROUPEREMISEBANCAIRE,,15,TypeRemiseBancaire,smallint,2,5,0,1,
dbo,TGROUPEREMISEBANCAIRE,,16,UpdDate,datetime,8,23,3,1,
dbo,TGROUPEREMISEBANCAIRE,,17,UpdStamp,char,16,0,0,1,
dbo,TGROUPEREMISEBANCAIRE,,18,UpdUser,nvarchar,48,0,0,1,
dbo,TGROUPERTNATUREVALID,,1,Caption,nvarchar,256,0,0,1,
dbo,TGROUPERTNATUREVALID,,2,idOTP,int,4,10,0,1,
dbo,TGROUPERTNATUREVALID,,3,oid,TOID,32,0,0,0,
dbo,TGROUPERTNATUREVALID,,4,oidGroupeRTValidation,TOID,32,0,0,1,
dbo,TGROUPERTNATUREVALID,,5,oidNatureValidation,TOID,32,0,0,1,
dbo,TGROUPERTNATUREVALID,,6,UpdDate,datetime,8,23,3,1,
dbo,TGROUPERTNATUREVALID,,7,UpdStamp,char,16,0,0,1,
dbo,TGROUPERTNATUREVALID,,8,UpdUser,nvarchar,48,0,0,1,
dbo,TGROUPERTVALIDATION,,1,Caption,nvarchar,256,0,0,1,
dbo,TGROUPERTVALIDATION,,2,code,nvarchar,256,0,0,1,
dbo,TGROUPERTVALIDATION,,3,idOTP,int,4,10,0,1,
dbo,TGROUPERTVALIDATION,,4,isNatureObligatoire,bit,1,1,0,1,
dbo,TGROUPERTVALIDATION,,5,oid,TOID,32,0,0,0,
dbo,TGROUPERTVALIDATION,,6,oidNatureValidation,TOID,32,0,0,1,
dbo,TGROUPERTVALIDATION,,7,UpdDate,datetime,8,23,3,1,
dbo,TGROUPERTVALIDATION,,8,UpdStamp,char,16,0,0,1,
dbo,TGROUPERTVALIDATION,,9,UpdUser,nvarchar,48,0,0,1,
dbo,TGROUPESOCIETE,,1,Caption,nvarchar,256,0,0,1,
dbo,TGROUPESOCIETE,,2,code,nvarchar,256,0,0,1,
dbo,TGROUPESOCIETE,,3,idOTP,int,4,10,0,1,
dbo,TGROUPESOCIETE,,4,oid,TOID,32,0,0,0,
dbo,TGROUPESOCIETE,,5,UpdDate,datetime,8,23,3,1,
dbo,TGROUPESOCIETE,,6,UpdStamp,char,16,0,0,1,
dbo,TGROUPESOCIETE,,7,UpdUser,nvarchar,48,0,0,1,
dbo,THISTORIQUECOMPTADOTIMMO,,1,analytique,bit,1,1,0,1,
dbo,THISTORIQUECOMPTADOTIMMO,,2,axe,nvarchar,256,0,0,1,
dbo,THISTORIQUECOMPTADOTIMMO,,3,Caption,nvarchar,256,0,0,1,
dbo,THISTORIQUECOMPTADOTIMMO,,4,codeDevise,nvarchar,256,0,0,1,
dbo,THISTORIQUECOMPTADOTIMMO,,5,codeEtablissement,nvarchar,256,0,0,1,
dbo,THISTORIQUECOMPTADOTIMMO,,6,dateEcriture,datetime,8,23,3,1,
dbo,THISTORIQUECOMPTADOTIMMO,,7,idOTP,int,4,10,0,1,
dbo,THISTORIQUECOMPTADOTIMMO,,8,idSession,nvarchar,256,0,0,1,
dbo,THISTORIQUECOMPTADOTIMMO,,9,libelleEcriture,nvarchar,256,0,0,1,
dbo,THISTORIQUECOMPTADOTIMMO,,10,montant,float,8,53,0,1,
dbo,THISTORIQUECOMPTADOTIMMO,,11,naturePiece,smallint,2,5,0,1,
dbo,THISTORIQUECOMPTADOTIMMO,,12,odAnalytique,bit,1,1,0,1,
dbo,THISTORIQUECOMPTADOTIMMO,,13,oid,TOID,32,0,0,0,
dbo,THISTORIQUECOMPTADOTIMMO,,14,oidBienComptable,TOID,32,0,0,1,
dbo,THISTORIQUECOMPTADOTIMMO,,15,oidCompteEcriture,TOID,32,0,0,1,
dbo,THISTORIQUECOMPTADOTIMMO,,16,oidCompteGeneralBien,TOID,32,0,0,1,
dbo,THISTORIQUECOMPTADOTIMMO,,17,oidEtablissement,TOID,32,0,0,1,
dbo,THISTORIQUECOMPTADOTIMMO,,18,oidSchemaAmortissement,TOID,32,0,0,1,
dbo,THISTORIQUECOMPTADOTIMMO,,19,oidTypeOperationImmo,TOID,32,0,0,1,
dbo,THISTORIQUECOMPTADOTIMMO,,20,section,nvarchar,256,0,0,1,
dbo,THISTORIQUECOMPTADOTIMMO,,21,sens,smallint,2,5,0,1,
dbo,THISTORIQUECOMPTADOTIMMO,,22,typeOperation,smallint,2,5,0,1,
dbo,THISTORIQUECOMPTADOTIMMO,,23,UpdDate,datetime,8,23,3,1,
dbo,THISTORIQUECOMPTADOTIMMO,,24,UpdStamp,char,16,0,0,1,
dbo,THISTORIQUECOMPTADOTIMMO,,25,UpdUser,nvarchar,48,0,0,1,
dbo,THISTORIQUEMOUVEMENTBP,,1,Caption,nvarchar,256,0,0,1,
dbo,THISTORIQUEMOUVEMENTBP,,2,idOTP,int,4,10,0,1,
dbo,THISTORIQUEMOUVEMENTBP,,3,oid,TOID,32,0,0,0,
dbo,THISTORIQUEMOUVEMENTBP,,4,oidBienPhysique,TOID,32,0,0,1,
dbo,THISTORIQUEMOUVEMENTBP,,5,oidPieceBienPhysique,TOID,32,0,0,1,
dbo,THISTORIQUEMOUVEMENTBP,,6,operation,smallint,2,5,0,1,
dbo,THISTORIQUEMOUVEMENTBP,,7,UpdDate,datetime,8,23,3,1,
dbo,THISTORIQUEMOUVEMENTBP,,8,UpdStamp,char,16,0,0,1,
dbo,THISTORIQUEMOUVEMENTBP,,9,UpdUser,nvarchar,48,0,0,1,
dbo,THISTORIQUEMOUVEMENTIMMO,,1,Caption,nvarchar,256,0,0,1,
dbo,THISTORIQUEMOUVEMENTIMMO,,2,comptabilisable,bit,1,1,0,1,
dbo,THISTORIQUEMOUVEMENTIMMO,,3,comptabilise,bit,1,1,0,1,
dbo,THISTORIQUEMOUVEMENTIMMO,,4,dateComptabilisation,datetime,8,23,3,1,
dbo,THISTORIQUEMOUVEMENTIMMO,,5,dateEcriture,datetime,8,23,3,1,
dbo,THISTORIQUEMOUVEMENTIMMO,,6,idOTP,int,4,10,0,1,
dbo,THISTORIQUEMOUVEMENTIMMO,,7,idSession,nvarchar,256,0,0,1,
dbo,THISTORIQUEMOUVEMENTIMMO,,8,oid,TOID,32,0,0,0,
dbo,THISTORIQUEMOUVEMENTIMMO,,9,oidBienComptable,TOID,32,0,0,1,
dbo,THISTORIQUEMOUVEMENTIMMO,,10,oidExercice,TOID,32,0,0,1,
dbo,THISTORIQUEMOUVEMENTIMMO,,11,oidPiece,TOID,32,0,0,1,
dbo,THISTORIQUEMOUVEMENTIMMO,,12,oidSchemaAmortissement,TOID,32,0,0,1,
dbo,THISTORIQUEMOUVEMENTIMMO,,13,oidTypeOperationSchema,TOID,32,0,0,1,
dbo,THISTORIQUEMOUVEMENTIMMO,,14,simulation,bit,1,1,0,1,
dbo,THISTORIQUEMOUVEMENTIMMO,,15,typeOperation,smallint,2,5,0,1,
dbo,THISTORIQUEMOUVEMENTIMMO,,16,UpdDate,datetime,8,23,3,1,
dbo,THISTORIQUEMOUVEMENTIMMO,,17,UpdStamp,char,16,0,0,1,
dbo,THISTORIQUEMOUVEMENTIMMO,,18,UpdUser,nvarchar,48,0,0,1,
dbo,THISTORIQUEMOUVEMENTIMMO,,19,valide,bit,1,1,0,1,
dbo,THISTORIQUEMOUVEMENTIMMO,,20,oidChangementEtablissement,TOID,32,0,0,1,
dbo,THISTORIQUEMOUVEMENTIMMO,,21,oidEtablissement,TOID,32,0,0,1,
dbo,THISTORIQUEMOUVEMENTIMMO,,22,baseAmortissement,money,8,19,4,1,
dbo,THISTORIQUEMOUVEMENTIMMO,,23,baseAmortissement_CodeDevise,nvarchar,6,0,0,1,
dbo,THISTORIQUEMOUVEMENTIMMO,,24,dateDebut,datetime,8,23,3,1,
dbo,THISTORIQUEMOUVEMENTIMMO,,25,dateFin,datetime,8,23,3,1,
dbo,THISTORIQUEMOUVEMENTIMMO,,26,duree,float,8,53,0,1,
dbo,THISTORIQUEMOUVEMENTIMMO,,27,duree_Decimales,int,4,10,0,1,
dbo,THISTORIQUEMOUVEMENTIMMO,,28,exerciceAideFiscale,money,8,19,4,1,
dbo,THISTORIQUEMOUVEMENTIMMO,,29,exerciceAideFiscale_CodeDevise,nvarchar,6,0,0,1,
dbo,THISTORIQUEMOUVEMENTIMMO,,30,exerciceDotation,money,8,19,4,1,
dbo,THISTORIQUEMOUVEMENTIMMO,,31,exerciceDotation_CodeDevise,nvarchar,6,0,0,1,
dbo,THISTORIQUEMOUVEMENTIMMO,,32,exerciceExcpt,money,8,19,4,1,
dbo,THISTORIQUEMOUVEMENTIMMO,,33,exerciceExcpt_CodeDevise,nvarchar,6,0,0,1,
dbo,THISTORIQUEMOUVEMENTIMMO,,34,exerciceRattrapage,money,8,19,4,1,
dbo,THISTORIQUEMOUVEMENTIMMO,,35,exerciceRattrapage_CodeDevise,nvarchar,6,0,0,1,
dbo,THISTORIQUEMOUVEMENTIMMO,,36,nonAmortissable,bit,1,1,0,1,
dbo,THISTORIQUEMOUVEMENTIMMO,,37,oidAideFiscale,TOID,32,0,0,1,
dbo,THISTORIQUEMOUVEMENTIMMO,,38,oidDotationChangementMethode,TOID,32,0,0,1,
dbo,THISTORIQUEMOUVEMENTIMMO,,39,oidRegleAmortissement,TOID,32,0,0,1,
dbo,THISTORIQUEMOUVEMENTIMMO,,40,oidVentilationUO,TOID,32,0,0,1,
dbo,THISTORIQUEMOUVEMENTIMMO,,41,valeurResiduelle,money,8,19,4,1,
dbo,THISTORIQUEMOUVEMENTIMMO,,42,valeurResiduelle_CodeDevise,nvarchar,6,0,0,1,
dbo,THISTORIQUEMOUVEMENTIMMO,,43,annulationEffective,bit,1,1,0,1,
dbo,THISTORIQUEMOUVEMENTIMMO,,44,annuleComptabilise,bit,1,1,0,1,
dbo,THISTORIQUEMOUVEMENTIMMO,,45,annuleComptaCession,bit,1,1,0,1,
dbo,THISTORIQUEMOUVEMENTIMMO,,46,comptabiliseCession,bit,1,1,0,1,
dbo,THISTORIQUEMOUVEMENTIMMO,,47,deroComptabilise,float,8,53,0,1,
dbo,THISTORIQUEMOUVEMENTIMMO,,48,oidDotationCession,TOID,32,0,0,1,
dbo,THISTORIQUEMOUVEMENTIMMO,,49,oidChangementCompteSchema,TOID,32,0,0,1,
dbo,THISTORIQUEMOUVEMENTIMMO,,50,oidCompteGeneral,TOID,32,0,0,1,
dbo,THISTORIQUEMOUVEMENTIMMO,,51,amtDifferable,money,8,19,4,1,
dbo,THISTORIQUEMOUVEMENTIMMO,,52,amtDifferable_CodeDevise,nvarchar,6,0,0,1,
dbo,THISTORIQUEMOUVEMENTIMMO,,53,amtDiffere,money,8,19,4,1,
dbo,THISTORIQUEMOUVEMENTIMMO,,54,amtDiffere_CodeDevise,nvarchar,6,0,0,1,
dbo,THISTORIQUEMOUVEMENTIMMO,,55,dotationCpt,money,8,19,4,1,
dbo,THISTORIQUEMOUVEMENTIMMO,,56,dotationCpt_CodeDevise,nvarchar,6,0,0,1,
dbo,THISTORIQUEMOUVEMENTIMMO,,57,dotationDeroAct,money,8,19,4,1,
dbo,THISTORIQUEMOUVEMENTIMMO,,58,dotationDeroAct_CodeDevise,nvarchar,6,0,0,1,
dbo,THISTORIQUEMOUVEMENTIMMO,,59,dotationDerogatoire,money,8,19,4,1,
dbo,THISTORIQUEMOUVEMENTIMMO,,60,dotationDerogatoire_CodeDevise,nvarchar,6,0,0,1,
dbo,THISTORIQUEMOUVEMENTIMMO,,61,dotationFisc,money,8,19,4,1,
dbo,THISTORIQUEMOUVEMENTIMMO,,62,dotationFisc_CodeDevise,nvarchar,6,0,0,1,
dbo,THISTORIQUEMOUVEMENTIMMO,,63,dotationFiscAct,money,8,19,4,1,
dbo,THISTORIQUEMOUVEMENTIMMO,,64,dotationFiscAct_CodeDevise,nvarchar,6,0,0,1,
dbo,THISTORIQUEMOUVEMENTIMMO,,65,oidDotationDiffere,TOID,32,0,0,1,
dbo,THISTORIQUEMOUVEMENTIMMO,,66,pourcentage,float,8,53,0,1,
dbo,THISTORIQUEMOUVEMENTIMMO,,67,pourcentage_Decimales,int,4,10,0,1,
dbo,THISTORIQUEMOUVEMENTIMMO,,68,reintegration,money,8,19,4,1,
dbo,THISTORIQUEMOUVEMENTIMMO,,69,reintegration_CodeDevise,nvarchar,6,0,0,1,
dbo,THISTORIQUEMOUVEMENTIMMO,,70,reintegrationAct,money,8,19,4,1,
dbo,THISTORIQUEMOUVEMENTIMMO,,71,reintegrationAct_CodeDevise,nvarchar,6,0,0,1,
dbo,THISTORIQUEMOUVEMENTIMMO,,72,soldeDiffere,money,8,19,4,1,
dbo,THISTORIQUEMOUVEMENTIMMO,,73,soldeDiffere_CodeDevise,nvarchar,6,0,0,1,
dbo,THISTORIQUEMOUVEMENTIMMO,,74,ancienAjustement,money,8,19,4,1,
dbo,THISTORIQUEMOUVEMENTIMMO,,75,ancienAjustement_CodeDevise,nvarchar,6,0,0,1,
dbo,THISTORIQUEMOUVEMENTIMMO,,76,ancienCumDot,money,8,19,4,1,
dbo,THISTORIQUEMOUVEMENTIMMO,,77,ancienCumDot_CodeDevise,nvarchar,6,0,0,1,
dbo,THISTORIQUEMOUVEMENTIMMO,,78,ancienCumulDeprec,money,8,19,4,1,
dbo,THISTORIQUEMOUVEMENTIMMO,,79,ancienCumulDeprec_CodeDevise,nvarchar,6,0,0,1,
dbo,THISTORIQUEMOUVEMENTIMMO,,80,ancienEcartReeval,money,8,19,4,1,
dbo,THISTORIQUEMOUVEMENTIMMO,,81,ancienEcartReeval_CodeDevise,nvarchar,6,0,0,1,
dbo,THISTORIQUEMOUVEMENTIMMO,,82,ancienneBase,money,8,19,4,1,
dbo,THISTORIQUEMOUVEMENTIMMO,,83,ancienneBase_CodeDevise,nvarchar,6,0,0,1,
dbo,THISTORIQUEMOUVEMENTIMMO,,84,ancienneDot,money,8,19,4,1,
dbo,THISTORIQUEMOUVEMENTIMMO,,85,ancienneDot_CodeDevise,nvarchar,6,0,0,1,
dbo,THISTORIQUEMOUVEMENTIMMO,,86,ancienneDuree,float,8,53,0,1,
dbo,THISTORIQUEMOUVEMENTIMMO,,87,ancienneValeurBrute,money,8,19,4,1,
dbo,THISTORIQUEMOUVEMENTIMMO,,88,ancienneValeurBrute_CodeDevise,nvarchar,6,0,0,1,
dbo,THISTORIQUEMOUVEMENTIMMO,,89,ancienneValeurNette,money,8,19,4,1,
dbo,THISTORIQUEMOUVEMENTIMMO,,90,ancienneValeurNette_CodeDevise,nvarchar,6,0,0,1,
dbo,THISTORIQUEMOUVEMENTIMMO,,91,oidDotationEvaluation,TOID,32,0,0,1,
dbo,THISTORIQUEMOUVEMENTIMMO,,92,valeurNetteInitiale,money,8,19,4,1,
dbo,THISTORIQUEMOUVEMENTIMMO,,93,valeurNetteInitiale_CodeDevise,nvarchar,6,0,0,1,
dbo,THISTORIQUEMOUVEMENTIMMO,,94,coefAssujettissement,float,8,53,0,1,
dbo,THISTORIQUEMOUVEMENTIMMO,,95,coefAssujettissement_Decimales,int,4,10,0,1,
dbo,THISTORIQUEMOUVEMENTIMMO,,96,coefTaxation,float,8,53,0,1,
dbo,THISTORIQUEMOUVEMENTIMMO,,97,coefTaxation_Decimales,int,4,10,0,1,
dbo,THISTORIQUEMOUVEMENTIMMO,,98,dateReference,datetime,8,23,3,1,
dbo,THISTORIQUEMOUVEMENTIMMO,,99,montantTVAFacturee,money,8,19,4,1,
dbo,THISTORIQUEMOUVEMENTIMMO,,100,montantTVAFacturee_CodeDevise,nvarchar,6,0,0,1,
dbo,THISTORIQUEMOUVEMENTIMMO,,101,mtTVADeductible,money,8,19,4,1,
dbo,THISTORIQUEMOUVEMENTIMMO,,102,mtTVADeductible_CodeDevise,nvarchar,6,0,0,1,
dbo,THISTORIQUEMOUVEMENTIMMO,,103,oidcoefficientAdmission,TOID,32,0,0,1,
dbo,THISTORIQUEMOUVEMENTIMMO,,104,oiddotationRegularisation,TOID,32,0,0,1,
dbo,THISTORIQUEMOUVEMENTIMMO,,105,oidsecteurActivite,TOID,32,0,0,1,
dbo,THISTORIQUEMOUVEMENTIMMO,,106,valeurBrute,money,8,19,4,1,
dbo,THISTORIQUEMOUVEMENTIMMO,,107,valeurBrute_CodeDevise,nvarchar,6,0,0,1,
dbo,THISTORIQUEMOUVEMENTIMMO,,108,coefDeduction,float,8,53,0,1,
dbo,THISTORIQUEMOUVEMENTIMMO,,109,coefDeduction_Decimales,int,4,10,0,1,
dbo,THISTORIQUEMOUVEMENTIMMO,,110,dotation,money,8,19,4,1,
dbo,THISTORIQUEMOUVEMENTIMMO,,111,dotation_CodeDevise,nvarchar,6,0,0,1,
dbo,THISTORIQUEMOUVEMENTIMMO,,112,dotationExcpt,money,8,19,4,1,
dbo,THISTORIQUEMOUVEMENTIMMO,,113,dotationExcpt_CodeDevise,nvarchar,6,0,0,1,
dbo,THISTORIQUEMOUVEMENTIMMO,,114,montantAmortissable,money,8,19,4,1,
dbo,THISTORIQUEMOUVEMENTIMMO,,115,montantAmortissable_CodeDevise,nvarchar,6,0,0,1,
dbo,THISTORIQUEMOUVEMENTIMMO,,116,montantHt,money,8,19,4,1,
dbo,THISTORIQUEMOUVEMENTIMMO,,117,montantHt_CodeDevise,nvarchar,6,0,0,1,
dbo,THISTORIQUEMOUVEMENTIMMO,,118,montantTva,money,8,19,4,1,
dbo,THISTORIQUEMOUVEMENTIMMO,,119,montantTva_CodeDevise,nvarchar,6,0,0,1,
dbo,THISTORIQUEMOUVEMENTIMMO,,120,oidDotationValorisation,TOID,32,0,0,1,
dbo,THISTORIQUEMOUVEMENTIMMO,,121,tvaDeductible,money,8,19,4,1,
dbo,THISTORIQUEMOUVEMENTIMMO,,122,tvaDeductible_CodeDevise,nvarchar,6,0,0,1,
dbo,THISTORIQUEMOUVEMENTIMMO,,123,tvaFacturee,money,8,19,4,1,
dbo,THISTORIQUEMOUVEMENTIMMO,,124,tvaFacturee_CodeDevise,nvarchar,6,0,0,1,
dbo,THISTORIQUEMOUVEMENTIMMO,,125,totalAmtDeroExt,money,8,19,4,1,
dbo,THISTORIQUEMOUVEMENTIMMO,,126,totalAmtDeroExt_CodeDevise,nvarchar,6,0,0,1,
dbo,THISTORIQUEMOUVEMENTIMMO,,127,totalAmtExcptExt,money,8,19,4,1,
dbo,THISTORIQUEMOUVEMENTIMMO,,128,totalAmtExcptExt_CodeDevise,nvarchar,6,0,0,1,
dbo,THISTORIQUEMOUVEMENTIMMO,,129,totalAmtExploitExt,money,8,19,4,1,
dbo,THISTORIQUEMOUVEMENTIMMO,,130,totalAmtExploitExt_CodeDevise,nvarchar,6,0,0,1,
dbo,THISTORIQUETRAITEMENTSANALYTIQ,,1,Caption,nvarchar,256,0,0,1,
dbo,THISTORIQUETRAITEMENTSANALYTIQ,,2,Commentaire,nvarchar,-1,0,0,1,
dbo,THISTORIQUETRAITEMENTSANALYTIQ,,3,DateHeureDebut,datetime,8,23,3,1,
dbo,THISTORIQUETRAITEMENTSANALYTIQ,,4,DateHeureFin,datetime,8,23,3,1,
dbo,THISTORIQUETRAITEMENTSANALYTIQ,,5,idOTP,int,4,10,0,1,
dbo,THISTORIQUETRAITEMENTSANALYTIQ,,6,oid,TOID,32,0,0,0,
dbo,THISTORIQUETRAITEMENTSANALYTIQ,,7,Resultat,nvarchar,256,0,0,1,
dbo,THISTORIQUETRAITEMENTSANALYTIQ,,8,UpdDate,datetime,8,23,3,1,
dbo,THISTORIQUETRAITEMENTSANALYTIQ,,9,UpdStamp,char,16,0,0,1,
dbo,THISTORIQUETRAITEMENTSANALYTIQ,,10,UpdUser,nvarchar,48,0,0,1,
dbo,THISTORIQUETRAITEMENTSANALYTIQ,,11,oidExerciceAnalytique,TOID,32,0,0,1,
dbo,THISTORIQUETRAITEMENTSANALYTIQ,,12,oidPeriodeAnalytique,TOID,32,0,0,1,
dbo,THISTORIQUEVALIDATION,,1,Caption,nvarchar,256,0,0,1,
dbo,THISTORIQUEVALIDATION,,2,dateValidation,datetime,8,23,3,1,
dbo,THISTORIQUEVALIDATION,,3,idOTP,int,4,10,0,1,
dbo,THISTORIQUEVALIDATION,,4,oid,TOID,32,0,0,0,
dbo,THISTORIQUEVALIDATION,,5,oidEtatMetierAtteint,TOID,32,0,0,1,
dbo,THISTORIQUEVALIDATION,,6,oidValideur,TOID,32,0,0,1,
dbo,THISTORIQUEVALIDATION,,7,UpdDate,datetime,8,23,3,1,
dbo,THISTORIQUEVALIDATION,,8,UpdStamp,char,16,0,0,1,
dbo,THISTORIQUEVALIDATION,,9,UpdUser,nvarchar,48,0,0,1,
dbo,THISTORIQUEVALIDATION,,10,oidPiece,TOID,32,0,0,1,
dbo,THISTORIQUEVALIDATION,,11,oidAvanceFrais,TOID,32,0,0,1,
dbo,THISTORIQUEVALIDATION,,12,oidNoteFrais,TOID,32,0,0,1,
dbo,THISTORIQUEVALIDATION,,13,oidOrdrePaiement,TOID,32,0,0,1,
dbo,THISTORIQUEVALIDATION,,14,oidRemiseBancaire,TOID,32,0,0,1,
dbo,THYPOTHESEBUDGETAIRE,,1,approche,smallint,2,5,0,1,
dbo,THYPOTHESEBUDGETAIRE,,2,Caption,nvarchar,256,0,0,1,
dbo,THYPOTHESEBUDGETAIRE,,3,creditTVAFinExe,money,8,19,4,1,
dbo,THYPOTHESEBUDGETAIRE,,4,creditTVAFinExe_CodeDevise,nvarchar,6,0,0,1,
dbo,THYPOTHESEBUDGETAIRE,,5,idOTP,int,4,10,0,1,
dbo,THYPOTHESEBUDGETAIRE,,6,oid,TOID,32,0,0,0,
dbo,THYPOTHESEBUDGETAIRE,,7,oidBudgetExercice,TOID,32,0,0,1,
dbo,THYPOTHESEBUDGETAIRE,,8,oidTypeHypothese,TOID,32,0,0,1,
dbo,THYPOTHESEBUDGETAIRE,,9,UpdDate,datetime,8,23,3,1,
dbo,THYPOTHESEBUDGETAIRE,,10,UpdStamp,char,16,0,0,1,
dbo,THYPOTHESEBUDGETAIRE,,11,UpdUser,nvarchar,48,0,0,1,
dbo,THYPOTHESEBUDGETAIREGCF,,1,approche,smallint,2,5,0,1,
dbo,THYPOTHESEBUDGETAIREGCF,,2,Caption,nvarchar,256,0,0,1,
dbo,THYPOTHESEBUDGETAIREGCF,,3,code,nvarchar,256,0,0,1,
dbo,THYPOTHESEBUDGETAIREGCF,,4,confirme,bit,1,1,0,1,
dbo,THYPOTHESEBUDGETAIREGCF,,5,dateBudget,datetime,8,23,3,1,
dbo,THYPOTHESEBUDGETAIREGCF,,6,idOTP,int,4,10,0,1,
dbo,THYPOTHESEBUDGETAIREGCF,,7,oid,TOID,32,0,0,0,
dbo,THYPOTHESEBUDGETAIREGCF,,8,oidGroupeBudgetaire,TOID,32,0,0,1,
dbo,THYPOTHESEBUDGETAIREGCF,,9,oidreference,TOID,32,0,0,1,
dbo,THYPOTHESEBUDGETAIREGCF,,10,UpdDate,datetime,8,23,3,1,
dbo,THYPOTHESEBUDGETAIREGCF,,11,UpdStamp,char,16,0,0,1,
dbo,THYPOTHESEBUDGETAIREGCF,,12,UpdUser,nvarchar,48,0,0,1,
dbo,TIDENTIFIANTRUBRIQUE,,1,Caption,nvarchar,256,0,0,1,
dbo,TIDENTIFIANTRUBRIQUE,,2,idOTP,int,4,10,0,1,
dbo,TIDENTIFIANTRUBRIQUE,,3,oid,TOID,32,0,0,0,
dbo,TIDENTIFIANTRUBRIQUE,,4,oidPosteParametre,TOID,32,0,0,1,
dbo,TIDENTIFIANTRUBRIQUE,,5,oidRubriqueCompte,TOID,32,0,0,1,
dbo,TIDENTIFIANTRUBRIQUE,,6,UpdDate,datetime,8,23,3,1,
dbo,TIDENTIFIANTRUBRIQUE,,7,UpdStamp,char,16,0,0,1,
dbo,TIDENTIFIANTRUBRIQUE,,8,UpdUser,nvarchar,48,0,0,1,
dbo,TIDENTIFICATIONCENTREGC,,1,Caption,nvarchar,256,0,0,1,
dbo,TIDENTIFICATIONCENTREGC,,2,centreDefautAchat,nvarchar,256,0,0,1,
dbo,TIDENTIFICATIONCENTREGC,,3,centreDefautDocument,nvarchar,256,0,0,1,
dbo,TIDENTIFICATIONCENTREGC,,4,centreDefautImmo,nvarchar,256,0,0,1,
dbo,TIDENTIFICATIONCENTREGC,,5,centreDefautNF,nvarchar,256,0,0,1,
dbo,TIDENTIFICATIONCENTREGC,,6,centreDefautVente,nvarchar,256,0,0,1,
dbo,TIDENTIFICATIONCENTREGC,,7,identificationCentreAchat,nvarchar,256,0,0,1,
dbo,TIDENTIFICATIONCENTREGC,,8,identificationCentreDocument,nvarchar,256,0,0,1,
dbo,TIDENTIFICATIONCENTREGC,,9,identificationCentreEng,nvarchar,256,0,0,1,
dbo,TIDENTIFICATIONCENTREGC,,10,identificationCentreImmo,nvarchar,256,0,0,1,
dbo,TIDENTIFICATIONCENTREGC,,11,identificationCentreNF,nvarchar,256,0,0,1,
dbo,TIDENTIFICATIONCENTREGC,,12,identificationCentreVente,nvarchar,256,0,0,1,
dbo,TIDENTIFICATIONCENTREGC,,13,idOTP,int,4,10,0,1,
dbo,TIDENTIFICATIONCENTREGC,,14,longueurCentre,int,4,10,0,1,
dbo,TIDENTIFICATIONCENTREGC,,15,numero,int,4,10,0,1,
dbo,TIDENTIFICATIONCENTREGC,,16,oid,TOID,32,0,0,0,
dbo,TIDENTIFICATIONCENTREGC,,17,oidConstitutionAxe,TOID,32,0,0,1,
dbo,TIDENTIFICATIONCENTREGC,,18,oidConstitutionSectionGC,TOID,32,0,0,1,
dbo,TIDENTIFICATIONCENTREGC,,19,UpdDate,datetime,8,23,3,1,
dbo,TIDENTIFICATIONCENTREGC,,20,UpdStamp,char,16,0,0,1,
dbo,TIDENTIFICATIONCENTREGC,,21,UpdUser,nvarchar,48,0,0,1,
dbo,TIDENTIFICATIONSCHEMABANQUE,,1,Caption,nvarchar,256,0,0,1,
dbo,TIDENTIFICATIONSCHEMABANQUE,,2,idOTP,int,4,10,0,1,
dbo,TIDENTIFICATIONSCHEMABANQUE,,3,oid,TOID,32,0,0,0,
dbo,TIDENTIFICATIONSCHEMABANQUE,,4,oidBanque,TOID,32,0,0,1,
dbo,TIDENTIFICATIONSCHEMABANQUE,,5,oidCodeOperationInterbancaire,TOID,32,0,0,1,
dbo,TIDENTIFICATIONSCHEMABANQUE,,6,oidSchemaComptableBancaire,TOID,32,0,0,1,
dbo,TIDENTIFICATIONSCHEMABANQUE,,7,UpdDate,datetime,8,23,3,1,
dbo,TIDENTIFICATIONSCHEMABANQUE,,8,UpdStamp,char,16,0,0,1,
dbo,TIDENTIFICATIONSCHEMABANQUE,,9,UpdUser,nvarchar,48,0,0,1,
dbo,TIMPORTAJUSTEMENTVCOM,,1,Caption,nvarchar,256,0,0,1,
dbo,TIMPORTAJUSTEMENTVCOM,,2,codeDevise,nvarchar,256,0,0,1,
dbo,TIMPORTAJUSTEMENTVCOM,,3,idOTP,int,4,10,0,1,
dbo,TIMPORTAJUSTEMENTVCOM,,4,montant,money,8,19,4,1,
dbo,TIMPORTAJUSTEMENTVCOM,,5,montant_CodeDevise,nvarchar,6,0,0,1,
dbo,TIMPORTAJUSTEMENTVCOM,,6,montantCFONB,money,8,19,4,1,
dbo,TIMPORTAJUSTEMENTVCOM,,7,motifAjustement,nvarchar,256,0,0,1,
dbo,TIMPORTAJUSTEMENTVCOM,,8,nbreDecimaleMontantCFONB,int,4,10,0,1,
dbo,TIMPORTAJUSTEMENTVCOM,,9,oid,TOID,32,0,0,0,
dbo,TIMPORTAJUSTEMENTVCOM,,10,oidImportDocumentCommercial,TOID,32,0,0,1,
dbo,TIMPORTAJUSTEMENTVCOM,,11,reference,nvarchar,510,0,0,1,
dbo,TIMPORTAJUSTEMENTVCOM,,12,typeReference,nvarchar,256,0,0,1,
dbo,TIMPORTAJUSTEMENTVCOM,,13,UpdDate,datetime,8,23,3,1,
dbo,TIMPORTAJUSTEMENTVCOM,,14,UpdStamp,char,16,0,0,1,
dbo,TIMPORTAJUSTEMENTVCOM,,15,UpdUser,nvarchar,48,0,0,1,
dbo,TIMPORTAMORTISSEMENTBIEN,,1,ajustementVB,money,8,19,4,1,
dbo,TIMPORTAMORTISSEMENTBIEN,,2,ajustementVB_CodeDevise,nvarchar,6,0,0,1,
dbo,TIMPORTAMORTISSEMENTBIEN,,3,Caption,nvarchar,256,0,0,1,
dbo,TIMPORTAMORTISSEMENTBIEN,,4,codeAideFiscale,nvarchar,256,0,0,1,
dbo,TIMPORTAMORTISSEMENTBIEN,,5,codeRegleAmortissement,nvarchar,256,0,0,1,
dbo,TIMPORTAMORTISSEMENTBIEN,,6,codeSchemaAmo,nvarchar,256,0,0,1,
dbo,TIMPORTAMORTISSEMENTBIEN,,7,cumulAideFisc,money,8,19,4,1,
dbo,TIMPORTAMORTISSEMENTBIEN,,8,cumulAideFisc_CodeDevise,nvarchar,6,0,0,1,
dbo,TIMPORTAMORTISSEMENTBIEN,,9,cumulAmorti,money,8,19,4,1,
dbo,TIMPORTAMORTISSEMENTBIEN,,10,cumulAmorti_CodeDevise,nvarchar,6,0,0,1,
dbo,TIMPORTAMORTISSEMENTBIEN,,11,cumulDepreciation,money,8,19,4,1,
dbo,TIMPORTAMORTISSEMENTBIEN,,12,cumulDepreciation_CodeDevise,nvarchar,6,0,0,1,
dbo,TIMPORTAMORTISSEMENTBIEN,,13,cumulDotInitial,money,8,19,4,1,
dbo,TIMPORTAMORTISSEMENTBIEN,,14,cumulDotInitial_CodeDevise,nvarchar,6,0,0,1,
dbo,TIMPORTAMORTISSEMENTBIEN,,15,cumulDotInitialRee,money,8,19,4,1,
dbo,TIMPORTAMORTISSEMENTBIEN,,16,cumulDotInitialRee_CodeDevise,nvarchar,6,0,0,1,
dbo,TIMPORTAMORTISSEMENTBIEN,,17,cumulExceptionnel,money,8,19,4,1,
dbo,TIMPORTAMORTISSEMENTBIEN,,18,cumulExceptionnel_CodeDevise,nvarchar,6,0,0,1,
dbo,TIMPORTAMORTISSEMENTBIEN,,19,cumulPeriode,money,8,19,4,1,
dbo,TIMPORTAMORTISSEMENTBIEN,,20,cumulPeriode_CodeDevise,nvarchar,6,0,0,1,
dbo,TIMPORTAMORTISSEMENTBIEN,,21,cumulPeriodeAideFis,money,8,19,4,1,
dbo,TIMPORTAMORTISSEMENTBIEN,,22,cumulPeriodeAideFis_CodeDevise,nvarchar,6,0,0,1,
dbo,TIMPORTAMORTISSEMENTBIEN,,23,cumulPeriodeExcep,money,8,19,4,1,
dbo,TIMPORTAMORTISSEMENTBIEN,,24,cumulPeriodeExcep_CodeDevise,nvarchar,6,0,0,1,
dbo,TIMPORTAMORTISSEMENTBIEN,,25,cumulPlafonne,money,8,19,4,1,
dbo,TIMPORTAMORTISSEMENTBIEN,,26,cumulPlafonne_CodeDevise,nvarchar,6,0,0,1,
dbo,TIMPORTAMORTISSEMENTBIEN,,27,dateDebut,datetime,8,23,3,1,
dbo,TIMPORTAMORTISSEMENTBIEN,,28,descriptionAmo,nvarchar,256,0,0,1,
dbo,TIMPORTAMORTISSEMENTBIEN,,29,dotAideFiscN,money,8,19,4,1,
dbo,TIMPORTAMORTISSEMENTBIEN,,30,dotAideFiscN_CodeDevise,nvarchar,6,0,0,1,
dbo,TIMPORTAMORTISSEMENTBIEN,,31,dotationExcepN,money,8,19,4,1,
dbo,TIMPORTAMORTISSEMENTBIEN,,32,dotationExcepN_CodeDevise,nvarchar,6,0,0,1,
dbo,TIMPORTAMORTISSEMENTBIEN,,33,dotN,money,8,19,4,1,
dbo,TIMPORTAMORTISSEMENTBIEN,,34,dotN_CodeDevise,nvarchar,6,0,0,1,
dbo,TIMPORTAMORTISSEMENTBIEN,,35,duree,float,8,53,0,1,
dbo,TIMPORTAMORTISSEMENTBIEN,,36,dureeAnnee,int,4,10,0,1,
dbo,TIMPORTAMORTISSEMENTBIEN,,37,dureeJour,int,4,10,0,1,
dbo,TIMPORTAMORTISSEMENTBIEN,,38,dureeMois,int,4,10,0,1,
dbo,TIMPORTAMORTISSEMENTBIEN,,39,ecartReevaluation,money,8,19,4,1,
dbo,TIMPORTAMORTISSEMENTBIEN,,40,ecartReevaluation_CodeDevise,nvarchar,6,0,0,1,
dbo,TIMPORTAMORTISSEMENTBIEN,,41,excepDotInitial,money,8,19,4,1,
dbo,TIMPORTAMORTISSEMENTBIEN,,42,excepDotInitial_CodeDevise,nvarchar,6,0,0,1,
dbo,TIMPORTAMORTISSEMENTBIEN,,43,excepDotInitialRee,money,8,19,4,1,
dbo,TIMPORTAMORTISSEMENTBIEN,,44,excepDotInitialRee_CodeDevise,nvarchar,6,0,0,1,
dbo,TIMPORTAMORTISSEMENTBIEN,,45,exerciceException,money,8,19,4,1,
dbo,TIMPORTAMORTISSEMENTBIEN,,46,exerciceException_CodeDevise,nvarchar,6,0,0,1,
dbo,TIMPORTAMORTISSEMENTBIEN,,47,idAideFiscale,nvarchar,256,0,0,1,
dbo,TIMPORTAMORTISSEMENTBIEN,,48,idOTP,int,4,10,0,1,
dbo,TIMPORTAMORTISSEMENTBIEN,,49,idRegleAmo,nvarchar,256,0,0,1,
dbo,TIMPORTAMORTISSEMENTBIEN,,50,idSchemaAmo,nvarchar,256,0,0,1,
dbo,TIMPORTAMORTISSEMENTBIEN,,51,inactif,bit,1,1,0,1,
dbo,TIMPORTAMORTISSEMENTBIEN,,52,nonAmortissable,bit,1,1,0,1,
dbo,TIMPORTAMORTISSEMENTBIEN,,53,oid,TOID,32,0,0,0,
dbo,TIMPORTAMORTISSEMENTBIEN,,54,oidImportBienComptable,TOID,32,0,0,1,
dbo,TIMPORTAMORTISSEMENTBIEN,,55,soldeDiffere,money,8,19,4,1,
dbo,TIMPORTAMORTISSEMENTBIEN,,56,soldeDiffere_CodeDevise,nvarchar,6,0,0,1,
dbo,TIMPORTAMORTISSEMENTBIEN,,57,taux,float,8,53,0,1,
dbo,TIMPORTAMORTISSEMENTBIEN,,58,taux_Decimales,int,4,10,0,1,
dbo,TIMPORTAMORTISSEMENTBIEN,,59,tauxMajoration,float,8,53,0,1,
dbo,TIMPORTAMORTISSEMENTBIEN,,60,tauxMajoration_Decimales,int,4,10,0,1,
dbo,TIMPORTAMORTISSEMENTBIEN,,61,UpdDate,datetime,8,23,3,1,
dbo,TIMPORTAMORTISSEMENTBIEN,,62,UpdStamp,char,16,0,0,1,
dbo,TIMPORTAMORTISSEMENTBIEN,,63,UpdUser,nvarchar,48,0,0,1,
dbo,TIMPORTAMORTISSEMENTBIEN,,64,valBrute,money,8,19,4,1,
dbo,TIMPORTAMORTISSEMENTBIEN,,65,valBrute_CodeDevise,nvarchar,6,0,0,1,
dbo,TIMPORTAMORTISSEMENTBIEN,,66,valBruteInitiale,money,8,19,4,1,
dbo,TIMPORTAMORTISSEMENTBIEN,,67,valBruteInitiale_CodeDevise,nvarchar,6,0,0,1,
dbo,TIMPORTAMORTISSEMENTBIEN,,68,valResiduelle,money,8,19,4,1,
dbo,TIMPORTAMORTISSEMENTBIEN,,69,valResiduelle_CodeDevise,nvarchar,6,0,0,1,
dbo,TIMPORTBIENCOMPTABLE,,1,assujettissementForce,bit,1,1,0,1,
dbo,TIMPORTBIENCOMPTABLE,,2,bienFoncier,bit,1,1,0,1,
dbo,TIMPORTBIENCOMPTABLE,,3,Caption,nvarchar,256,0,0,1,
dbo,TIMPORTBIENCOMPTABLE,,4,cedex,nvarchar,256,0,0,1,
dbo,TIMPORTBIENCOMPTABLE,,5,codeAdmission,nvarchar,256,0,0,1,
dbo,TIMPORTBIENCOMPTABLE,,6,codeBienComposant,nvarchar,256,0,0,1,
dbo,TIMPORTBIENCOMPTABLE,,7,codeCompte,nvarchar,256,0,0,1,
dbo,TIMPORTBIENCOMPTABLE,,8,codeDevise,nvarchar,256,0,0,1,
dbo,TIMPORTBIENCOMPTABLE,,9,codeEtablissement,nvarchar,256,0,0,1,
dbo,TIMPORTBIENCOMPTABLE,,10,codeFamilleBien,nvarchar,256,0,0,1,
dbo,TIMPORTBIENCOMPTABLE,,11,codeNatureBien,nvarchar,256,0,0,1,
dbo,TIMPORTBIENCOMPTABLE,,12,codeNumeroEnsemble,nvarchar,256,0,0,1,
dbo,TIMPORTBIENCOMPTABLE,,13,codePays,nvarchar,256,0,0,1,
dbo,TIMPORTBIENCOMPTABLE,,14,codepostal,nvarchar,256,0,0,1,
dbo,TIMPORTBIENCOMPTABLE,,15,codeSchemaAmoVentil,nvarchar,256,0,0,1,
dbo,TIMPORTBIENCOMPTABLE,,16,codeSecteurActivite,nvarchar,256,0,0,1,
dbo,TIMPORTBIENCOMPTABLE,,17,codeTypeBien,nvarchar,256,0,0,1,
dbo,TIMPORTBIENCOMPTABLE,,18,codeVentilation,nvarchar,256,0,0,1,
dbo,TIMPORTBIENCOMPTABLE,,19,coefAdmission,float,8,53,0,1,
dbo,TIMPORTBIENCOMPTABLE,,20,coefAdmission_Decimales,int,4,10,0,1,
dbo,TIMPORTBIENCOMPTABLE,,21,coefAssujettissement,float,8,53,0,1,
dbo,TIMPORTBIENCOMPTABLE,,22,coefAssujettissement_Decimales,int,4,10,0,1,
dbo,TIMPORTBIENCOMPTABLE,,23,coefTaxation,float,8,53,0,1,
dbo,TIMPORTBIENCOMPTABLE,,24,coefTaxation_Decimales,int,4,10,0,1,
dbo,TIMPORTBIENCOMPTABLE,,25,complementAdresse,nvarchar,256,0,0,1,
dbo,TIMPORTBIENCOMPTABLE,,26,cumulDerogatoire,money,8,19,4,1,
dbo,TIMPORTBIENCOMPTABLE,,27,cumulDerogatoire_CodeDevise,nvarchar,6,0,0,1,
dbo,TIMPORTBIENCOMPTABLE,,28,cumulPeriodeDerog,money,8,19,4,1,
dbo,TIMPORTBIENCOMPTABLE,,29,cumulPeriodeDerog_CodeDevise,nvarchar,6,0,0,1,
dbo,TIMPORTBIENCOMPTABLE,,30,cumulPeriodeReinte,money,8,19,4,1,
dbo,TIMPORTBIENCOMPTABLE,,31,cumulPeriodeReinte_CodeDevise,nvarchar,6,0,0,1,
dbo,TIMPORTBIENCOMPTABLE,,32,cumulRealiseVentil,float,8,53,0,1,
dbo,TIMPORTBIENCOMPTABLE,,33,cumulRealiseVentil_Decimales,int,4,10,0,1,
dbo,TIMPORTBIENCOMPTABLE,,34,cumulReintegration,money,8,19,4,1,
dbo,TIMPORTBIENCOMPTABLE,,35,cumulReintegration_CodeDevise,nvarchar,6,0,0,1,
dbo,TIMPORTBIENCOMPTABLE,,36,dateAcquisition,datetime,8,23,3,1,
dbo,TIMPORTBIENCOMPTABLE,,37,dateMiseEnService,datetime,8,23,3,1,
dbo,TIMPORTBIENCOMPTABLE,,38,dateRefTVA,datetime,8,23,3,1,
dbo,TIMPORTBIENCOMPTABLE,,39,dateSortie,datetime,8,23,3,1,
dbo,TIMPORTBIENCOMPTABLE,,40,descriptionBien,nvarchar,256,0,0,1,
dbo,TIMPORTBIENCOMPTABLE,,41,descriptionVentilation,nvarchar,256,0,0,1,
dbo,TIMPORTBIENCOMPTABLE,,42,distributionAdresse,nvarchar,256,0,0,1,
dbo,TIMPORTBIENCOMPTABLE,,43,dureeVentilation,int,4,10,0,1,
dbo,TIMPORTBIENCOMPTABLE,,44,enCours,bit,1,1,0,1,
dbo,TIMPORTBIENCOMPTABLE,,45,enErreur,bit,1,1,0,1,
dbo,TIMPORTBIENCOMPTABLE,,46,estImporte,bit,1,1,0,1,
dbo,TIMPORTBIENCOMPTABLE,,47,etatAchat,smallint,2,5,0,1,
dbo,TIMPORTBIENCOMPTABLE,,48,forcageDateAcquisition,bit,1,1,0,1,
dbo,TIMPORTBIENCOMPTABLE,,49,idOTP,int,4,10,0,1,
dbo,TIMPORTBIENCOMPTABLE,,50,importerAdresse,bit,1,1,0,1,
dbo,TIMPORTBIENCOMPTABLE,,51,importTVADeductible,bit,1,1,0,1,
dbo,TIMPORTBIENCOMPTABLE,,52,libelle2,nvarchar,256,0,0,1,
dbo,TIMPORTBIENCOMPTABLE,,53,montantAcquisition,money,8,19,4,1,
dbo,TIMPORTBIENCOMPTABLE,,54,montantAcquisition_CodeDevise,nvarchar,6,0,0,1,
dbo,TIMPORTBIENCOMPTABLE,,55,montantTVAFacturee,money,8,19,4,1,
dbo,TIMPORTBIENCOMPTABLE,,56,montantTVAFacturee_CodeDevise,nvarchar,6,0,0,1,
dbo,TIMPORTBIENCOMPTABLE,,57,mtTVADeductible,money,8,19,4,1,
dbo,TIMPORTBIENCOMPTABLE,,58,mtTVADeductible_CodeDevise,nvarchar,6,0,0,1,
dbo,TIMPORTBIENCOMPTABLE,,59,natureEntree,smallint,2,5,0,1,
dbo,TIMPORTBIENCOMPTABLE,,60,numeroFiche,nvarchar,256,0,0,1,
dbo,TIMPORTBIENCOMPTABLE,,61,oid,TOID,32,0,0,0,
dbo,TIMPORTBIENCOMPTABLE,,62,oidamortissement1,TOID,32,0,0,1,
dbo,TIMPORTBIENCOMPTABLE,,63,oidamortissement2,TOID,32,0,0,1,
dbo,TIMPORTBIENCOMPTABLE,,64,oidamortissement3,TOID,32,0,0,1,
dbo,TIMPORTBIENCOMPTABLE,,65,oidamortissement4,TOID,32,0,0,1,
dbo,TIMPORTBIENCOMPTABLE,,66,oidamortissement5,TOID,32,0,0,1,
dbo,TIMPORTBIENCOMPTABLE,,67,oidamortissement6,TOID,32,0,0,1,
dbo,TIMPORTBIENCOMPTABLE,,68,oidPieceAnalytique1,TOID,32,0,0,1,
dbo,TIMPORTBIENCOMPTABLE,,69,oidPieceAnalytique2,TOID,32,0,0,1,
dbo,TIMPORTBIENCOMPTABLE,,70,oidPieceAnalytique3,TOID,32,0,0,1,
dbo,TIMPORTBIENCOMPTABLE,,71,oidSessionImportation,TOID,32,0,0,1,
dbo,TIMPORTBIENCOMPTABLE,,72,oidUniteGeneratriceTresorerie,TOID,32,0,0,1,
dbo,TIMPORTBIENCOMPTABLE,,73,quantite,float,8,53,0,1,
dbo,TIMPORTBIENCOMPTABLE,,74,quantite_Decimales,int,4,10,0,1,
dbo,TIMPORTBIENCOMPTABLE,,75,realiseExeVentil,float,8,53,0,1,
dbo,TIMPORTBIENCOMPTABLE,,76,realiseExeVentil_Decimales,int,4,10,0,1,
dbo,TIMPORTBIENCOMPTABLE,,77,referenceExterne,nvarchar,256,0,0,1,
dbo,TIMPORTBIENCOMPTABLE,,78,rue,nvarchar,256,0,0,1,
dbo,TIMPORTBIENCOMPTABLE,,79,sorti,bit,1,1,0,1,
dbo,TIMPORTBIENCOMPTABLE,,80,statutComposant,smallint,2,5,0,1,
dbo,TIMPORTBIENCOMPTABLE,,81,suiviPhysique,bit,1,1,0,1,
dbo,TIMPORTBIENCOMPTABLE,,82,test,nvarchar,256,0,0,1,
dbo,TIMPORTBIENCOMPTABLE,,83,uniteParExeVentil,float,8,53,0,1,
dbo,TIMPORTBIENCOMPTABLE,,84,uniteParExeVentil_Decimales,int,4,10,0,1,
dbo,TIMPORTBIENCOMPTABLE,,85,uniteTotaleVentil,float,8,53,0,1,
dbo,TIMPORTBIENCOMPTABLE,,86,uniteTotaleVentil_Decimales,int,4,10,0,1,
dbo,TIMPORTBIENCOMPTABLE,,87,unitQuantite,nvarchar,256,0,0,1,
dbo,TIMPORTBIENCOMPTABLE,,88,UpdDate,datetime,8,23,3,1,
dbo,TIMPORTBIENCOMPTABLE,,89,UpdStamp,char,16,0,0,1,
dbo,TIMPORTBIENCOMPTABLE,,90,UpdUser,nvarchar,48,0,0,1,
dbo,TIMPORTBIENCOMPTABLE,,91,valResiduelleBien,money,8,19,4,1,
dbo,TIMPORTBIENCOMPTABLE,,92,valResiduelleBien_CodeDevise,nvarchar,6,0,0,1,
dbo,TIMPORTBIENCOMPTABLE,,93,vehicule,bit,1,1,0,1,
dbo,TIMPORTBIENCOMPTABLE,,94,vehiculeDateImmatriculation,datetime,8,23,3,1,
dbo,TIMPORTBIENCOMPTABLE,,95,vehiculeImmatriculation,nvarchar,256,0,0,1,
dbo,TIMPORTBIENCOMPTABLE,,96,ville,nvarchar,256,0,0,1,
dbo,TIMPORTBIENCOMPTABLE,,97,idSource,nvarchar,256,0,0,1,
dbo,TIMPORTBIENCOMPTABLE,,98,idSource_Numero,nvarchar,256,0,0,1,
dbo,TIMPORTBIENCOMPTABLE,,99,idSource_Societe,nvarchar,256,0,0,1,
dbo,TIMPORTBIENCOMPTABLE,,100,messageErreur,nvarchar,-1,0,0,1,
dbo,TIMPORTBIENCOMPTABLE,,101,valideBien,bit,1,1,0,1,
dbo,TIMPORTBIENPHYSIQUE,,1,Caption,nvarchar,256,0,0,1,
dbo,TIMPORTBIENPHYSIQUE,,2,code,nvarchar,256,0,0,1,
dbo,TIMPORTBIENPHYSIQUE,,3,codeBarre,nvarchar,256,0,0,1,
dbo,TIMPORTBIENPHYSIQUE,,4,codeCategorie,nvarchar,256,0,0,1,
dbo,TIMPORTBIENPHYSIQUE,,5,codeEmplacement,nvarchar,256,0,0,1,
dbo,TIMPORTBIENPHYSIQUE,,6,codeEnsemble,nvarchar,256,0,0,1,
dbo,TIMPORTBIENPHYSIQUE,,7,codeFamille,nvarchar,256,0,0,1,
dbo,TIMPORTBIENPHYSIQUE,,8,codeMarque,nvarchar,256,0,0,1,
dbo,TIMPORTBIENPHYSIQUE,,9,codeModele,nvarchar,256,0,0,1,
dbo,TIMPORTBIENPHYSIQUE,,10,codePrestataire,nvarchar,256,0,0,1,
dbo,TIMPORTBIENPHYSIQUE,,11,datefingarantie,datetime,8,23,3,1,
dbo,TIMPORTBIENPHYSIQUE,,12,datefinmaintenance,datetime,8,23,3,1,
dbo,TIMPORTBIENPHYSIQUE,,13,dateMiseService,datetime,8,23,3,1,
dbo,TIMPORTBIENPHYSIQUE,,14,etatBien,nvarchar,256,0,0,1,
dbo,TIMPORTBIENPHYSIQUE,,15,idOTP,int,4,10,0,1,
dbo,TIMPORTBIENPHYSIQUE,,16,inventoriable,bit,1,1,0,1,
dbo,TIMPORTBIENPHYSIQUE,,17,lot,nvarchar,256,0,0,1,
dbo,TIMPORTBIENPHYSIQUE,,18,numContratMaintenance,nvarchar,256,0,0,1,
dbo,TIMPORTBIENPHYSIQUE,,19,numeroLot,nvarchar,256,0,0,1,
dbo,TIMPORTBIENPHYSIQUE,,20,numeroSerie,nvarchar,256,0,0,1,
dbo,TIMPORTBIENPHYSIQUE,,21,oid,TOID,32,0,0,0,
dbo,TIMPORTBIENPHYSIQUE,,22,oidImportReceptionPriv,TOID,32,0,0,1,
dbo,TIMPORTBIENPHYSIQUE,,23,oidSessionImportation,TOID,32,0,0,1,
dbo,TIMPORTBIENPHYSIQUE,,24,oidTranscodageCategorie,TOID,32,0,0,1,
dbo,TIMPORTBIENPHYSIQUE,,25,oidTranscodageMarque,TOID,32,0,0,1,
dbo,TIMPORTBIENPHYSIQUE,,26,oidTranscodageModele,TOID,32,0,0,1,
dbo,TIMPORTBIENPHYSIQUE,,27,oidTranscodagePrestataire,TOID,32,0,0,1,
dbo,TIMPORTBIENPHYSIQUE,,28,quantite,float,8,53,0,1,
dbo,TIMPORTBIENPHYSIQUE,,29,quantite_Decimales,int,4,10,0,1,
dbo,TIMPORTBIENPHYSIQUE,,30,quantite_CodeUnit,nvarchar,64,0,0,1,
dbo,TIMPORTBIENPHYSIQUE,,31,refExterne,nvarchar,256,0,0,1,
dbo,TIMPORTBIENPHYSIQUE,,32,UpdDate,datetime,8,23,3,1,
dbo,TIMPORTBIENPHYSIQUE,,33,UpdStamp,char,16,0,0,1,
dbo,TIMPORTBIENPHYSIQUE,,34,UpdUser,nvarchar,48,0,0,1,
dbo,TIMPORTBIENREFERENCE,,1,Caption,nvarchar,256,0,0,1,
dbo,TIMPORTBIENREFERENCE,,2,idOTP,int,4,10,0,1,
dbo,TIMPORTBIENREFERENCE,,3,numero,nvarchar,256,0,0,1,
dbo,TIMPORTBIENREFERENCE,,4,oid,TOID,32,0,0,0,
dbo,TIMPORTBIENREFERENCE,,5,oidTImportBienPhysique,TOID,32,0,0,1,
dbo,TIMPORTBIENREFERENCE,,6,refExterne,nvarchar,256,0,0,1,
dbo,TIMPORTBIENREFERENCE,,7,UpdDate,datetime,8,23,3,1,
dbo,TIMPORTBIENREFERENCE,,8,UpdStamp,char,16,0,0,1,
dbo,TIMPORTBIENREFERENCE,,9,UpdUser,nvarchar,48,0,0,1,
dbo,TIMPORTBIENSORTI,,1,Caption,nvarchar,256,0,0,1,
dbo,TIMPORTBIENSORTI,,2,deductionTVA,money,8,19,4,1,
dbo,TIMPORTBIENSORTI,,3,deductionTVA_CodeDevise,nvarchar,6,0,0,1,
dbo,TIMPORTBIENSORTI,,4,idOTP,int,4,10,0,1,
dbo,TIMPORTBIENSORTI,,5,numeroBien,nvarchar,256,0,0,1,
dbo,TIMPORTBIENSORTI,,6,oid,TOID,32,0,0,0,
dbo,TIMPORTBIENSORTI,,7,oidImportPieceSortieBien,TOID,32,0,0,1,
dbo,TIMPORTBIENSORTI,,8,prixCession,money,8,19,4,1,
dbo,TIMPORTBIENSORTI,,9,prixCession_CodeDevise,nvarchar,6,0,0,1,
dbo,TIMPORTBIENSORTI,,10,referenceBien,nvarchar,256,0,0,1,
dbo,TIMPORTBIENSORTI,,11,tvaCession,money,8,19,4,1,
dbo,TIMPORTBIENSORTI,,12,tvaCession_CodeDevise,nvarchar,6,0,0,1,
dbo,TIMPORTBIENSORTI,,13,tvaReversee,money,8,19,4,1,
dbo,TIMPORTBIENSORTI,,14,tvaReversee_CodeDevise,nvarchar,6,0,0,1,
dbo,TIMPORTBIENSORTI,,15,UpdDate,datetime,8,23,3,1,
dbo,TIMPORTBIENSORTI,,16,UpdStamp,char,16,0,0,1,
dbo,TIMPORTBIENSORTI,,17,UpdUser,nvarchar,48,0,0,1,
dbo,TIMPORTCOMPTEBANCAIRE,,1,BBAN,nvarchar,256,0,0,1,
dbo,TIMPORTCOMPTEBANCAIRE,,2,Caption,nvarchar,256,0,0,1,
dbo,TIMPORTCOMPTEBANCAIRE,,3,chaineATraiter,nvarchar,256,0,0,1,
dbo,TIMPORTCOMPTEBANCAIRE,,4,cleIBAN,nvarchar,256,0,0,1,
dbo,TIMPORTCOMPTEBANCAIRE,,5,cleRib,nvarchar,256,0,0,1,
dbo,TIMPORTCOMPTEBANCAIRE,,6,code,nvarchar,256,0,0,1,
dbo,TIMPORTCOMPTEBANCAIRE,,7,codeAgence,nvarchar,256,0,0,1,
dbo,TIMPORTCOMPTEBANCAIRE,,8,codeBanque,nvarchar,256,0,0,1,
dbo,TIMPORTCOMPTEBANCAIRE,,9,codeBIC,nvarchar,256,0,0,1,
dbo,TIMPORTCOMPTEBANCAIRE,,10,codeCompteEts,nvarchar,256,0,0,1,
dbo,TIMPORTCOMPTEBANCAIRE,,11,codeDeviseCompte,nvarchar,256,0,0,1,
dbo,TIMPORTCOMPTEBANCAIRE,,12,codeEtablissement,nvarchar,256,0,0,1,
dbo,TIMPORTCOMPTEBANCAIRE,,13,codeGuichet,nvarchar,256,0,0,1,
dbo,TIMPORTCOMPTEBANCAIRE,,14,codeRoutageAgence,nvarchar,256,0,0,1,
dbo,TIMPORTCOMPTEBANCAIRE,,15,decaissement,bit,1,1,0,1,
dbo,TIMPORTCOMPTEBANCAIRE,,16,descriptionCompte,nvarchar,256,0,0,1,
dbo,TIMPORTCOMPTEBANCAIRE,,17,domiciliationBancaire,nvarchar,256,0,0,1,
dbo,TIMPORTCOMPTEBANCAIRE,,18,encaissement,bit,1,1,0,1,
dbo,TIMPORTCOMPTEBANCAIRE,,19,IBAN,nvarchar,256,0,0,1,
dbo,TIMPORTCOMPTEBANCAIRE,,20,idOTP,int,4,10,0,1,
dbo,TIMPORTCOMPTEBANCAIRE,,21,isTypeIdentifiant,int,4,10,0,1,
dbo,TIMPORTCOMPTEBANCAIRE,,22,nomAgence,nvarchar,256,0,0,1,
dbo,TIMPORTCOMPTEBANCAIRE,,23,nomBanque,nvarchar,510,0,0,1,
dbo,TIMPORTCOMPTEBANCAIRE,,24,numeroCompte,nvarchar,256,0,0,1,
dbo,TIMPORTCOMPTEBANCAIRE,,25,oid,TOID,32,0,0,0,
dbo,TIMPORTCOMPTEBANCAIRE,,26,paysBanque,nvarchar,256,0,0,1,
dbo,TIMPORTCOMPTEBANCAIRE,,27,structureCompte,nvarchar,256,0,0,1,
dbo,TIMPORTCOMPTEBANCAIRE,,28,typeIdentifiantCompte,nvarchar,256,0,0,1,
dbo,TIMPORTCOMPTEBANCAIRE,,29,UpdDate,datetime,8,23,3,1,
dbo,TIMPORTCOMPTEBANCAIRE,,30,UpdStamp,char,16,0,0,1,
dbo,TIMPORTCOMPTEBANCAIRE,,31,UpdUser,nvarchar,48,0,0,1,
dbo,TIMPORTCOMPTEBANCAIRE,,32,devise,nvarchar,256,0,0,1,
dbo,TIMPORTCOMPTEBANCAIRE,,33,oidSessionImportation,TOID,32,0,0,1,
dbo,TIMPORTCOMPTEBANCAIRE,,34,societe,nvarchar,256,0,0,1,
dbo,TIMPORTDETAILBUDGET,,1,bDate,datetime,8,23,3,1,
dbo,TIMPORTDETAILBUDGET,,2,Caption,nvarchar,256,0,0,1,
dbo,TIMPORTDETAILBUDGET,,3,compte,nvarchar,256,0,0,1,
dbo,TIMPORTDETAILBUDGET,,4,devise,nvarchar,256,0,0,1,
dbo,TIMPORTDETAILBUDGET,,5,idOTP,int,4,10,0,1,
dbo,TIMPORTDETAILBUDGET,,6,montant,money,8,19,4,1,
dbo,TIMPORTDETAILBUDGET,,7,oid,TOID,32,0,0,0,
dbo,TIMPORTDETAILBUDGET,,8,oidImportHypotheseBudget,TOID,32,0,0,1,
dbo,TIMPORTDETAILBUDGET,,9,posteBudgetaire,nvarchar,256,0,0,1,
dbo,TIMPORTDETAILBUDGET,,10,rubrique,nvarchar,256,0,0,1,
dbo,TIMPORTDETAILBUDGET,,11,UpdDate,datetime,8,23,3,1,
dbo,TIMPORTDETAILBUDGET,,12,UpdStamp,char,16,0,0,1,
dbo,TIMPORTDETAILBUDGET,,13,UpdUser,nvarchar,48,0,0,1,
dbo,TIMPORTDOCUMENTCOMMERCIAL,,1,Caption,nvarchar,256,0,0,1,
dbo,TIMPORTDOCUMENTCOMMERCIAL,,2,codeDevise,nvarchar,256,0,0,1,
dbo,TIMPORTDOCUMENTCOMMERCIAL,,3,dateCreation,datetime,8,23,3,1,
dbo,TIMPORTDOCUMENTCOMMERCIAL,,4,idOTP,int,4,10,0,1,
dbo,TIMPORTDOCUMENTCOMMERCIAL,,5,montantDu,money,8,19,4,1,
dbo,TIMPORTDOCUMENTCOMMERCIAL,,6,montantDu_CodeDevise,nvarchar,6,0,0,1,
dbo,TIMPORTDOCUMENTCOMMERCIAL,,7,montantDuCFONB,money,8,19,4,1,
dbo,TIMPORTDOCUMENTCOMMERCIAL,,8,montantVerse,money,8,19,4,1,
dbo,TIMPORTDOCUMENTCOMMERCIAL,,9,montantVerse_CodeDevise,nvarchar,6,0,0,1,
dbo,TIMPORTDOCUMENTCOMMERCIAL,,10,montantVerseCFONB,money,8,19,4,1,
dbo,TIMPORTDOCUMENTCOMMERCIAL,,11,nbreDecimaleMontantDuCFONB,int,4,10,0,1,
dbo,TIMPORTDOCUMENTCOMMERCIAL,,12,nbreDecimaleMontantVerseCFONB,int,4,10,0,1,
dbo,TIMPORTDOCUMENTCOMMERCIAL,,13,numeroPiece,nvarchar,510,0,0,1,
dbo,TIMPORTDOCUMENTCOMMERCIAL,,14,oid,TOID,32,0,0,0,
dbo,TIMPORTDOCUMENTCOMMERCIAL,,15,oidImportOrdrePaiement,TOID,32,0,0,1,
dbo,TIMPORTDOCUMENTCOMMERCIAL,,16,qualifiantNumeroPiece,nvarchar,256,0,0,1,
dbo,TIMPORTDOCUMENTCOMMERCIAL,,17,refBf,nvarchar,510,0,0,1,
dbo,TIMPORTDOCUMENTCOMMERCIAL,,18,refDO,nvarchar,510,0,0,1,
dbo,TIMPORTDOCUMENTCOMMERCIAL,,19,typeDocumentCommercial,nvarchar,256,0,0,1,
dbo,TIMPORTDOCUMENTCOMMERCIAL,,20,UpdDate,datetime,8,23,3,1,
dbo,TIMPORTDOCUMENTCOMMERCIAL,,21,UpdStamp,char,16,0,0,1,
dbo,TIMPORTDOCUMENTCOMMERCIAL,,22,UpdUser,nvarchar,48,0,0,1,
dbo,TIMPORTDONNEEBANCAIRE,,1,Caption,nvarchar,256,0,0,1,
dbo,TIMPORTDONNEEBANCAIRE,,2,codeCentreTraitement,int,4,10,0,1,
dbo,TIMPORTDONNEEBANCAIRE,,3,codeOperation,nvarchar,256,0,0,1,
dbo,TIMPORTDONNEEBANCAIRE,,4,dateCreation,datetime,8,23,3,1,
dbo,TIMPORTDONNEEBANCAIRE,,5,datePrecedentFichier,datetime,8,23,3,1,
dbo,TIMPORTDONNEEBANCAIRE,,6,idOTP,int,4,10,0,1,
dbo,TIMPORTDONNEEBANCAIRE,,7,montantTotalCentimes,bigint,8,19,0,1,
dbo,TIMPORTDONNEEBANCAIRE,,8,oid,TOID,32,0,0,0,
dbo,TIMPORTDONNEEBANCAIRE,,9,oidSessionImportation,TOID,32,0,0,1,
dbo,TIMPORTDONNEEBANCAIRE,,10,oidtiersDestinataire,TOID,32,0,0,1,
dbo,TIMPORTDONNEEBANCAIRE,,11,UpdDate,datetime,8,23,3,1,
dbo,TIMPORTDONNEEBANCAIRE,,12,UpdStamp,char,16,0,0,1,
dbo,TIMPORTDONNEEBANCAIRE,,13,UpdUser,nvarchar,48,0,0,1,
dbo,TIMPORTDONNEEBANCAIREDETAIL,,1,Caption,nvarchar,256,0,0,1,
dbo,TIMPORTDONNEEBANCAIREDETAIL,,2,codeAcceptation,nvarchar,256,0,0,1,
dbo,TIMPORTDONNEEBANCAIREDETAIL,,3,codeCentreBancaire,nvarchar,256,0,0,1,
dbo,TIMPORTDONNEEBANCAIREDETAIL,,4,codeDevise,nvarchar,256,0,0,1,
dbo,TIMPORTDONNEEBANCAIREDETAIL,,5,codeEntree,nvarchar,256,0,0,1,
dbo,TIMPORTDONNEEBANCAIREDETAIL,,6,codeEtsCorrige,nvarchar,256,0,0,1,
dbo,TIMPORTDONNEEBANCAIREDETAIL,,7,codeGuichetCorrige,nvarchar,256,0,0,1,
dbo,TIMPORTDONNEEBANCAIREDETAIL,,8,codeMotifRadiation,nvarchar,256,0,0,1,
dbo,TIMPORTDONNEEBANCAIREDETAIL,,9,codeMotifRejet,nvarchar,256,0,0,1,
dbo,TIMPORTDONNEEBANCAIREDETAIL,,10,codeMotifRejet2,nvarchar,256,0,0,1,
dbo,TIMPORTDONNEEBANCAIREDETAIL,,11,codeNaturePaiement,nvarchar,256,0,0,1,
dbo,TIMPORTDONNEEBANCAIREDETAIL,,12,codePays,nvarchar,256,0,0,1,
dbo,TIMPORTDONNEEBANCAIREDETAIL,,13,codePaysBanqueEmettrice,nvarchar,256,0,0,1,
dbo,TIMPORTDONNEEBANCAIREDETAIL,,14,commission,int,4,10,0,1,
dbo,TIMPORTDONNEEBANCAIREDETAIL,,15,CPOP,nvarchar,256,0,0,1,
dbo,TIMPORTDONNEEBANCAIREDETAIL,,16,dateCreation,datetime,8,23,3,1,
dbo,TIMPORTDONNEEBANCAIREDETAIL,,17,dateEcheanceEffet,datetime,8,23,3,1,
dbo,TIMPORTDONNEEBANCAIREDETAIL,,18,dateEntreePortefeuille,datetime,8,23,3,1,
dbo,TIMPORTDONNEEBANCAIREDETAIL,,19,dateOperationInitiale,datetime,8,23,3,1,
dbo,TIMPORTDONNEEBANCAIREDETAIL,,20,dateProchainePresentation,datetime,8,23,3,1,
dbo,TIMPORTDONNEEBANCAIREDETAIL,,21,dateReglOpeCompensation,datetime,8,23,3,1,
dbo,TIMPORTDONNEEBANCAIREDETAIL,,22,dateReglOpeInitiale,datetime,8,23,3,1,
dbo,TIMPORTDONNEEBANCAIREDETAIL,,23,dateValidationOrdre,datetime,8,23,3,1,
dbo,TIMPORTDONNEEBANCAIREDETAIL,,24,idOTP,int,4,10,0,1,
dbo,TIMPORTDONNEEBANCAIREDETAIL,,25,indicateurBalancePaiement,nvarchar,256,0,0,1,
dbo,TIMPORTDONNEEBANCAIREDETAIL,,26,indiceMonnaieOrigine,nvarchar,256,0,0,1,
dbo,TIMPORTDONNEEBANCAIREDETAIL,,27,libelle1,nvarchar,256,0,0,1,
dbo,TIMPORTDONNEEBANCAIREDETAIL,,28,libelle2,nvarchar,256,0,0,1,
dbo,TIMPORTDONNEEBANCAIREDETAIL,,29,libelleAbreviatif,nvarchar,256,0,0,1,
dbo,TIMPORTDONNEEBANCAIREDETAIL,,30,moisAPLpaye,nvarchar,256,0,0,1,
dbo,TIMPORTDONNEEBANCAIREDETAIL,,31,moisEcheance,nvarchar,256,0,0,1,
dbo,TIMPORTDONNEEBANCAIREDETAIL,,32,montantAPL,int,4,10,0,1,
dbo,TIMPORTDONNEEBANCAIREDETAIL,,33,montantCompenseCentimes,int,4,10,0,1,
dbo,TIMPORTDONNEEBANCAIREDETAIL,,34,montantOrigine,int,4,10,0,1,
dbo,TIMPORTDONNEEBANCAIREDETAIL,,35,NbrePresentation,int,4,10,0,1,
dbo,TIMPORTDONNEEBANCAIREDETAIL,,36,nomAbregeCreancier,nvarchar,256,0,0,1,
dbo,TIMPORTDONNEEBANCAIREDETAIL,,37,numArchiveAdhesion,nvarchar,256,0,0,1,
dbo,TIMPORTDONNEEBANCAIREDETAIL,,38,numeroAllocataire,nvarchar,256,0,0,1,
dbo,TIMPORTDONNEEBANCAIREDETAIL,,39,numeroCheque,nvarchar,256,0,0,1,
dbo,TIMPORTDONNEEBANCAIREDETAIL,,40,numeroCompteCorrige,nvarchar,256,0,0,1,
dbo,TIMPORTDONNEEBANCAIREDETAIL,,41,numNatEmetteur,nvarchar,256,0,0,1,
dbo,TIMPORTDONNEEBANCAIREDETAIL,,42,objAvisAPL,nvarchar,256,0,0,1,
dbo,TIMPORTDONNEEBANCAIREDETAIL,,43,oid,TOID,32,0,0,0,
dbo,TIMPORTDONNEEBANCAIREDETAIL,,44,oidtiersDetail,TOID,32,0,0,1,
dbo,TIMPORTDONNEEBANCAIREDETAIL,,45,oidTImportDonneeBancaire,TOID,32,0,0,1,
dbo,TIMPORTDONNEEBANCAIREDETAIL,,46,rangEcheance,nvarchar,256,0,0,1,
dbo,TIMPORTDONNEEBANCAIREDETAIL,,47,RefBordereauRemise,nvarchar,256,0,0,1,
dbo,TIMPORTDONNEEBANCAIREDETAIL,,48,RefCheque,nvarchar,256,0,0,1,
dbo,TIMPORTDONNEEBANCAIREDETAIL,,49,RefDestRaisonSociale,nvarchar,256,0,0,1,
dbo,TIMPORTDONNEEBANCAIREDETAIL,,50,RefDestRIB,nvarchar,256,0,0,1,
dbo,TIMPORTDONNEEBANCAIREDETAIL,,51,refDossier,nvarchar,256,0,0,1,
dbo,TIMPORTDONNEEBANCAIREDETAIL,,52,referenceBanque,nvarchar,256,0,0,1,
dbo,TIMPORTDONNEEBANCAIREDETAIL,,53,referenceTire,nvarchar,256,0,0,1,
dbo,TIMPORTDONNEEBANCAIREDETAIL,,54,referenceTireur,nvarchar,256,0,0,1,
dbo,TIMPORTDONNEEBANCAIREDETAIL,,55,RefOpeRejetIC,nvarchar,256,0,0,1,
dbo,TIMPORTDONNEEBANCAIREDETAIL,,56,RefPaiement,nvarchar,256,0,0,1,
dbo,TIMPORTDONNEEBANCAIREDETAIL,,57,refPresentateurOpeInitiale,nvarchar,256,0,0,1,
dbo,TIMPORTDONNEEBANCAIREDETAIL,,58,SirenTire,nvarchar,256,0,0,1,
dbo,TIMPORTDONNEEBANCAIREDETAIL,,59,SirenTireur,nvarchar,256,0,0,1,
dbo,TIMPORTDONNEEBANCAIREDETAIL,,60,tauxTva,float,8,53,0,1,
dbo,TIMPORTDONNEEBANCAIREDETAIL,,61,UpdDate,datetime,8,23,3,1,
dbo,TIMPORTDONNEEBANCAIREDETAIL,,62,UpdStamp,char,16,0,0,1,
dbo,TIMPORTDONNEEBANCAIREDETAIL,,63,UpdUser,nvarchar,48,0,0,1,
dbo,TIMPORTDONNEEBANCAIREDETAIL,,64,ZIB,nvarchar,256,0,0,1,
dbo,TIMPORTDONNEEBANCAIREDETAIL,,65,ZIN,nvarchar,256,0,0,1,
dbo,TIMPORTDONNEEBANCAIREDETAIL,,66,zoneEts,nvarchar,256,0,0,1,
dbo,TIMPORTDOTATIONSORTIE,,1,Caption,nvarchar,256,0,0,1,
dbo,TIMPORTDOTATIONSORTIE,,2,exceptionnelSortie,money,8,19,4,1,
dbo,TIMPORTDOTATIONSORTIE,,3,exceptionnelSortie_CodeDevise,nvarchar,6,0,0,1,
dbo,TIMPORTDOTATIONSORTIE,,4,idOTP,int,4,10,0,1,
dbo,TIMPORTDOTATIONSORTIE,,5,montantDotation,money,8,19,4,1,
dbo,TIMPORTDOTATIONSORTIE,,6,montantDotation_CodeDevise,nvarchar,6,0,0,1,
dbo,TIMPORTDOTATIONSORTIE,,7,montantExceptionnel,money,8,19,4,1,
dbo,TIMPORTDOTATIONSORTIE,,8,montantExceptionnel_CodeDevise,nvarchar,6,0,0,1,
dbo,TIMPORTDOTATIONSORTIE,,9,oid,TOID,32,0,0,0,
dbo,TIMPORTDOTATIONSORTIE,,10,oidImportBienSorti,TOID,32,0,0,1,
dbo,TIMPORTDOTATIONSORTIE,,11,schemaAmortissement,nvarchar,256,0,0,1,
dbo,TIMPORTDOTATIONSORTIE,,12,UpdDate,datetime,8,23,3,1,
dbo,TIMPORTDOTATIONSORTIE,,13,UpdStamp,char,16,0,0,1,
dbo,TIMPORTDOTATIONSORTIE,,14,UpdUser,nvarchar,48,0,0,1,
dbo,TIMPORTDOTATIONSORTIE,,15,valeurNetteSortie,money,8,19,4,1,
dbo,TIMPORTDOTATIONSORTIE,,16,valeurNetteSortie_CodeDevise,nvarchar,6,0,0,1,
dbo,TIMPORTECRITUREBANCAIRECONV,,1,Caption,nvarchar,256,0,0,1,
dbo,TIMPORTECRITUREBANCAIRECONV,,2,codeDevise,nvarchar,256,0,0,1,
dbo,TIMPORTECRITUREBANCAIRECONV,,3,codeEnreg04,nvarchar,256,0,0,1,
dbo,TIMPORTECRITUREBANCAIRECONV,,4,codeEtablissement,nvarchar,256,0,0,1,
dbo,TIMPORTECRITUREBANCAIRECONV,,5,codeGuichet,nvarchar,256,0,0,1,
dbo,TIMPORTECRITUREBANCAIRECONV,,6,codeInterneBanque,nvarchar,256,0,0,1,
dbo,TIMPORTECRITUREBANCAIRECONV,,7,codeMotifRejet,nvarchar,256,0,0,1,
dbo,TIMPORTECRITUREBANCAIRECONV,,8,codeOperationInterBancaire,nvarchar,256,0,0,1,
dbo,TIMPORTECRITUREBANCAIRECONV,,9,codeSigneMontant,nvarchar,256,0,0,1,
dbo,TIMPORTECRITUREBANCAIRECONV,,10,dateOperation,datetime,8,23,3,1,
dbo,TIMPORTECRITUREBANCAIRECONV,,11,dateValeur,datetime,8,23,3,1,
dbo,TIMPORTECRITUREBANCAIRECONV,,12,idOTP,int,4,10,0,1,
dbo,TIMPORTECRITUREBANCAIRECONV,,13,indiceExoneration,bit,1,1,0,1,
dbo,TIMPORTECRITUREBANCAIRECONV,,14,indiceIndisponibilite,bit,1,1,0,1,
dbo,TIMPORTECRITUREBANCAIRECONV,,15,libelle,nvarchar,256,0,0,1,
dbo,TIMPORTECRITUREBANCAIRECONV,,16,montant,money,8,19,4,1,
dbo,TIMPORTECRITUREBANCAIRECONV,,17,montantEBCDIC,nvarchar,256,0,0,1,
dbo,TIMPORTECRITUREBANCAIRECONV,,18,nbreDecMontantEBCDIC,int,4,10,0,1,
dbo,TIMPORTECRITUREBANCAIRECONV,,19,numeroCompte,nvarchar,256,0,0,1,
dbo,TIMPORTECRITUREBANCAIRECONV,,20,numeroEcriture,nvarchar,256,0,0,1,
dbo,TIMPORTECRITUREBANCAIRECONV,,21,oid,TOID,32,0,0,0,
dbo,TIMPORTECRITUREBANCAIRECONV,,22,oidReferenceReleve,TOID,32,0,0,1,
dbo,TIMPORTECRITUREBANCAIRECONV,,23,UpdDate,datetime,8,23,3,1,
dbo,TIMPORTECRITUREBANCAIRECONV,,24,UpdStamp,char,16,0,0,1,
dbo,TIMPORTECRITUREBANCAIRECONV,,25,UpdUser,nvarchar,48,0,0,1,
dbo,TIMPORTECRITUREBANCAIRECONV,,26,zoneReference,nvarchar,256,0,0,1,
dbo,TIMPORTECRITURES,,1,affaire,nvarchar,256,0,0,1,
dbo,TIMPORTECRITURES,,2,assujetissementTVA,nvarchar,256,0,0,1,
dbo,TIMPORTECRITURES,,3,assujettissementForce,bit,1,1,0,1,
dbo,TIMPORTECRITURES,,4,axeAnalytique,nvarchar,256,0,0,1,
dbo,TIMPORTECRITURES,,5,bonAPayerPiece,bit,1,1,0,1,
dbo,TIMPORTECRITURES,,6,Caption,nvarchar,256,0,0,1,
dbo,TIMPORTECRITURES,,7,CleDeversement,nvarchar,256,0,0,1,
dbo,TIMPORTECRITURES,,8,codeJournal,nvarchar,256,0,0,1,
dbo,TIMPORTECRITURES,,9,CodeLettrageExterne,nvarchar,256,0,0,1,
dbo,TIMPORTECRITURES,,10,CodePointageExterne,nvarchar,256,0,0,1,
dbo,TIMPORTECRITURES,,11,coefAdmission,nvarchar,256,0,0,1,
dbo,TIMPORTECRITURES,,12,coefAssujettissement,float,8,53,0,1,
dbo,TIMPORTECRITURES,,13,coefAssujettissement_Decimales,int,4,10,0,1,
dbo,TIMPORTECRITURES,,14,compteAuxiliaire,nvarchar,256,0,0,1,
dbo,TIMPORTECRITURES,,15,compteGeneral,nvarchar,256,0,0,1,
dbo,TIMPORTECRITURES,,16,dateEcheance,datetime,8,23,3,1,
dbo,TIMPORTECRITURES,,17,datePiece,datetime,8,23,3,1,
dbo,TIMPORTECRITURES,,18,DateReference,datetime,8,23,3,1,
dbo,TIMPORTECRITURES,,19,detailCodeProduit,nvarchar,256,0,0,1,
dbo,TIMPORTECRITURES,,20,detailCommentaire,nvarchar,256,0,0,1,
dbo,TIMPORTECRITURES,,21,detailEstBienImmo,bit,1,1,0,1,
dbo,TIMPORTECRITURES,,22,detailExcluImmo,bit,1,1,0,1,
dbo,TIMPORTECRITURES,,23,detailLibelleProduit,nvarchar,256,0,0,1,
dbo,TIMPORTECRITURES,,24,detailNumLigneFacture,int,4,10,0,1,
dbo,TIMPORTECRITURES,,25,detailQuantiteProduit,float,8,53,0,1,
dbo,TIMPORTECRITURES,,26,detailQuantiteUnite,nvarchar,256,0,0,1,
dbo,TIMPORTECRITURES,,27,DeverseAssurance,bit,1,1,0,1,
dbo,TIMPORTECRITURES,,28,deviseEcriture,nvarchar,256,0,0,1,
dbo,TIMPORTECRITURES,,29,deviseTenueCompte,nvarchar,256,0,0,1,
dbo,TIMPORTECRITURES,,30,ecritureDetaillee,bit,1,1,0,1,
dbo,TIMPORTECRITURES,,31,etablissement,nvarchar,256,0,0,1,
dbo,TIMPORTECRITURES,,32,etat,smallint,2,5,0,1,
dbo,TIMPORTECRITURES,,33,excluImmo,bit,1,1,0,1,
dbo,TIMPORTECRITURES,,34,exporte,bit,1,1,0,1,
dbo,TIMPORTECRITURES,,35,groupeTraitement,int,4,10,0,1,
dbo,TIMPORTECRITURES,,36,idOrigineImmo,nvarchar,256,0,0,1,
dbo,TIMPORTECRITURES,,37,idOTP,int,4,10,0,1,
dbo,TIMPORTECRITURES,,38,idTicketEDI,nvarchar,256,0,0,1,
dbo,TIMPORTECRITURES,,39,libelleEcriture,nvarchar,256,0,0,1,
dbo,TIMPORTECRITURES,,40,LibellePiece,nvarchar,256,0,0,1,
dbo,TIMPORTECRITURES,,41,lienGCFLD,nvarchar,256,0,0,1,
dbo,TIMPORTECRITURES,,42,mandatSEPA,nvarchar,256,0,0,1,
dbo,TIMPORTECRITURES,,43,marque,datetime,8,23,3,1,
dbo,TIMPORTECRITURES,,44,modePaiement,nvarchar,256,0,0,1,
dbo,TIMPORTECRITURES,,45,montant,money,8,19,4,1,
dbo,TIMPORTECRITURES,,46,montantDeclaration,money,8,19,4,1,
dbo,TIMPORTECRITURES,,47,montantDeclarationTR,money,8,19,4,1,
dbo,TIMPORTECRITURES,,48,montantEnDevise,money,8,19,4,1,
dbo,TIMPORTECRITURES,,49,NatureFlux,nvarchar,256,0,0,1,
dbo,TIMPORTECRITURES,,50,NaturePiece,nvarchar,256,0,0,1,
dbo,TIMPORTECRITURES,,51,numeroEcritureBancaire,nvarchar,256,0,0,1,
dbo,TIMPORTECRITURES,,52,numeroLigne,int,4,10,0,1,
dbo,TIMPORTECRITURES,,53,numeroPiece,nvarchar,256,0,0,1,
dbo,TIMPORTECRITURES,,54,oid,TOID,32,0,0,0,
dbo,TIMPORTECRITURES,,55,oidSessionImport,TOID,32,0,0,1,
dbo,TIMPORTECRITURES,,56,pasReciprociteGCF,bit,1,1,0,1,
dbo,TIMPORTECRITURES,,57,posteBudgetaire,nvarchar,256,0,0,1,
dbo,TIMPORTECRITURES,,58,posteBudgetaireAxe1,nvarchar,256,0,0,1,
dbo,TIMPORTECRITURES,,59,posteBudgetaireAxe2,nvarchar,256,0,0,1,
dbo,TIMPORTECRITURES,,60,posteBudgetaireAxe3,nvarchar,256,0,0,1,
dbo,TIMPORTECRITURES,,61,posteBudgetaireAxe4,nvarchar,256,0,0,1,
dbo,TIMPORTECRITURES,,62,posteBudgetaireAxe5,nvarchar,256,0,0,1,
dbo,TIMPORTECRITURES,,63,profilTVA,nvarchar,256,0,0,1,
dbo,TIMPORTECRITURES,,64,QuantiteAnalytique,float,8,53,0,1,
dbo,TIMPORTECRITURES,,65,referenceExterne,nvarchar,256,0,0,1,
dbo,TIMPORTECRITURES,,66,reserve,nvarchar,256,0,0,1,
dbo,TIMPORTECRITURES,,67,rgltNonAutorise,bit,1,1,0,1,
dbo,TIMPORTECRITURES,,68,secteurActivite,nvarchar,256,0,0,1,
dbo,TIMPORTECRITURES,,69,sectionAnalytique,nvarchar,256,0,0,1,
dbo,TIMPORTECRITURES,,70,sectionAnalytiqueAxe1,nvarchar,256,0,0,1,
dbo,TIMPORTECRITURES,,71,sectionAnalytiqueAxe2,nvarchar,256,0,0,1,
dbo,TIMPORTECRITURES,,72,sectionAnalytiqueAxe3,nvarchar,256,0,0,1,
dbo,TIMPORTECRITURES,,73,sectionAnalytiqueAxe4,nvarchar,256,0,0,1,
dbo,TIMPORTECRITURES,,74,sectionAnalytiqueAxe5,nvarchar,256,0,0,1,
dbo,TIMPORTECRITURES,,75,sens,nvarchar,256,0,0,1,
dbo,TIMPORTECRITURES,,76,typeCompte,nvarchar,256,0,0,1,
dbo,TIMPORTECRITURES,,77,typeEcriture,nvarchar,256,0,0,1,
dbo,TIMPORTECRITURES,,78,TypeMarquageExterne,nvarchar,256,0,0,1,
dbo,TIMPORTECRITURES,,79,typePiece,nvarchar,256,0,0,1,
dbo,TIMPORTECRITURES,,80,typeRemuneration,nvarchar,256,0,0,1,
dbo,TIMPORTECRITURES,,81,typeTiers,nvarchar,256,0,0,1,
dbo,TIMPORTECRITURES,,82,UpdDate,datetime,8,23,3,1,
dbo,TIMPORTECRITURES,,83,UpdStamp,char,16,0,0,1,
dbo,TIMPORTECRITURES,,84,UpdUser,nvarchar,48,0,0,1,
dbo,TIMPORTECRITURES,,85,urlScanPiece,nvarchar,512,0,0,1,
dbo,TIMPORTFICHIERINVENTAIRE,,1,Caption,nvarchar,256,0,0,1,
dbo,TIMPORTFICHIERINVENTAIRE,,2,codebarre,nvarchar,256,0,0,1,
dbo,TIMPORTFICHIERINVENTAIRE,,3,codeBarreEmplacement,nvarchar,256,0,0,1,
dbo,TIMPORTFICHIERINVENTAIRE,,4,codeCategorie,nvarchar,256,0,0,1,
dbo,TIMPORTFICHIERINVENTAIRE,,5,codeEmplacement,nvarchar,256,0,0,1,
dbo,TIMPORTFICHIERINVENTAIRE,,6,codeFamille,nvarchar,256,0,0,1,
dbo,TIMPORTFICHIERINVENTAIRE,,7,codeMarque,nvarchar,256,0,0,1,
dbo,TIMPORTFICHIERINVENTAIRE,,8,codeModele,nvarchar,256,0,0,1,
dbo,TIMPORTFICHIERINVENTAIRE,,9,dateMiseEnSer,datetime,8,23,3,1,
dbo,TIMPORTFICHIERINVENTAIRE,,10,description,nvarchar,256,0,0,1,
dbo,TIMPORTFICHIERINVENTAIRE,,11,etat,nvarchar,256,0,0,1,
dbo,TIMPORTFICHIERINVENTAIRE,,12,idOTP,int,4,10,0,1,
dbo,TIMPORTFICHIERINVENTAIRE,,13,numSerie,nvarchar,256,0,0,1,
dbo,TIMPORTFICHIERINVENTAIRE,,14,observation,nvarchar,256,0,0,1,
dbo,TIMPORTFICHIERINVENTAIRE,,15,oid,TOID,32,0,0,0,
dbo,TIMPORTFICHIERINVENTAIRE,,16,oidSessionImportation,TOID,32,0,0,1,
dbo,TIMPORTFICHIERINVENTAIRE,,17,quantite,float,8,53,0,1,
dbo,TIMPORTFICHIERINVENTAIRE,,18,quantite_Decimales,int,4,10,0,1,
dbo,TIMPORTFICHIERINVENTAIRE,,19,quantite_CodeUnit,nvarchar,64,0,0,1,
dbo,TIMPORTFICHIERINVENTAIRE,,20,UpdDate,datetime,8,23,3,1,
dbo,TIMPORTFICHIERINVENTAIRE,,21,UpdStamp,char,16,0,0,1,
dbo,TIMPORTFICHIERINVENTAIRE,,22,UpdUser,nvarchar,48,0,0,1,
dbo,TIMPORTHYPOTHESEBUDGET,,1,axeBudgetaire,nvarchar,256,0,0,1,
dbo,TIMPORTHYPOTHESEBUDGET,,2,Caption,nvarchar,256,0,0,1,
dbo,TIMPORTHYPOTHESEBUDGET,,3,coefDepense,float,8,53,0,1,
dbo,TIMPORTHYPOTHESEBUDGET,,4,coefDepense_Decimales,int,4,10,0,1,
dbo,TIMPORTHYPOTHESEBUDGET,,5,coefRecette,float,8,53,0,1,
dbo,TIMPORTHYPOTHESEBUDGET,,6,coefRecette_Decimales,int,4,10,0,1,
dbo,TIMPORTHYPOTHESEBUDGET,,7,exerciceBudgetaire,nvarchar,256,0,0,1,
dbo,TIMPORTHYPOTHESEBUDGET,,8,idOTP,int,4,10,0,1,
dbo,TIMPORTHYPOTHESEBUDGET,,9,oid,TOID,32,0,0,0,
dbo,TIMPORTHYPOTHESEBUDGET,,10,oidSessionImportation,TOID,32,0,0,1,
dbo,TIMPORTHYPOTHESEBUDGET,,11,perimetrebudgetaire,nvarchar,256,0,0,1,
dbo,TIMPORTHYPOTHESEBUDGET,,12,UpdDate,datetime,8,23,3,1,
dbo,TIMPORTHYPOTHESEBUDGET,,13,UpdStamp,char,16,0,0,1,
dbo,TIMPORTHYPOTHESEBUDGET,,14,UpdUser,nvarchar,48,0,0,1,
dbo,TIMPORTINTERLOCUTEUR,,1,Caption,nvarchar,256,0,0,1,
dbo,TIMPORTINTERLOCUTEUR,,2,civilite,nvarchar,256,0,0,1,
dbo,TIMPORTINTERLOCUTEUR,,3,eMail,nvarchar,510,0,0,1,
dbo,TIMPORTINTERLOCUTEUR,,4,fonction,nvarchar,256,0,0,1,
dbo,TIMPORTINTERLOCUTEUR,,5,idOTP,int,4,10,0,1,
dbo,TIMPORTINTERLOCUTEUR,,6,mobile,nvarchar,256,0,0,1,
dbo,TIMPORTINTERLOCUTEUR,,7,nom,nvarchar,510,0,0,1,
dbo,TIMPORTINTERLOCUTEUR,,8,oid,TOID,32,0,0,0,
dbo,TIMPORTINTERLOCUTEUR,,9,prenom,nvarchar,256,0,0,1,
dbo,TIMPORTINTERLOCUTEUR,,10,telecopie,nvarchar,256,0,0,1,
dbo,TIMPORTINTERLOCUTEUR,,11,telephone,nvarchar,256,0,0,1,
dbo,TIMPORTINTERLOCUTEUR,,12,UpdDate,datetime,8,23,3,1,
dbo,TIMPORTINTERLOCUTEUR,,13,UpdStamp,char,16,0,0,1,
dbo,TIMPORTINTERLOCUTEUR,,14,UpdUser,nvarchar,48,0,0,1,
dbo,TIMPORTLIBELLECOMPLEMENTCONV,,1,Caption,nvarchar,256,0,0,1,
dbo,TIMPORTLIBELLECOMPLEMENTCONV,,2,codeDeviseMMO,nvarchar,256,0,0,1,
dbo,TIMPORTLIBELLECOMPLEMENTCONV,,3,codeEnreg05,nvarchar,256,0,0,1,
dbo,TIMPORTLIBELLECOMPLEMENTCONV,,4,codeEtablissement,nvarchar,256,0,0,1,
dbo,TIMPORTLIBELLECOMPLEMENTCONV,,5,codeGuichet,nvarchar,256,0,0,1,
dbo,TIMPORTLIBELLECOMPLEMENTCONV,,6,codeInterneBanque,nvarchar,256,0,0,1,
dbo,TIMPORTLIBELLECOMPLEMENTCONV,,7,codeOperationInterBancaire,nvarchar,256,0,0,1,
dbo,TIMPORTLIBELLECOMPLEMENTCONV,,8,codeQualifiant,nvarchar,256,0,0,1,
dbo,TIMPORTLIBELLECOMPLEMENTCONV,,9,complement,nvarchar,256,0,0,1,
dbo,TIMPORTLIBELLECOMPLEMENTCONV,,10,dateOperation,datetime,8,23,3,1,
dbo,TIMPORTLIBELLECOMPLEMENTCONV,,11,idOTP,int,4,10,0,1,
dbo,TIMPORTLIBELLECOMPLEMENTCONV,,12,montantMMO,money,8,19,4,1,
dbo,TIMPORTLIBELLECOMPLEMENTCONV,,13,nbreDecMontant,int,4,10,0,1,
dbo,TIMPORTLIBELLECOMPLEMENTCONV,,14,nbreDecMontantMMO,int,4,10,0,1,
dbo,TIMPORTLIBELLECOMPLEMENTCONV,,15,nbreDecTaux,int,4,10,0,1,
dbo,TIMPORTLIBELLECOMPLEMENTCONV,,16,numeroCompte,nvarchar,256,0,0,1,
dbo,TIMPORTLIBELLECOMPLEMENTCONV,,17,oid,TOID,32,0,0,0,
dbo,TIMPORTLIBELLECOMPLEMENTCONV,,18,oidReferenceEcriture,TOID,32,0,0,1,
dbo,TIMPORTLIBELLECOMPLEMENTCONV,,19,tauxChange,nvarchar,256,0,0,1,
dbo,TIMPORTLIBELLECOMPLEMENTCONV,,20,UpdDate,datetime,8,23,3,1,
dbo,TIMPORTLIBELLECOMPLEMENTCONV,,21,UpdStamp,char,16,0,0,1,
dbo,TIMPORTLIBELLECOMPLEMENTCONV,,22,UpdUser,nvarchar,48,0,0,1,
dbo,TIMPORTMANDATSEPARECU,,1,Caption,nvarchar,256,0,0,1,
dbo,TIMPORTMANDATSEPARECU,,2,CaptionClientFinal,nvarchar,256,0,0,1,
dbo,TIMPORTMANDATSEPARECU,,3,codeBICDebiteur,nvarchar,256,0,0,1,
dbo,TIMPORTMANDATSEPARECU,,4,codeClientFinal,nvarchar,256,0,0,1,
dbo,TIMPORTMANDATSEPARECU,,5,codeCptBancaireDebiteur,nvarchar,256,0,0,1,
dbo,TIMPORTMANDATSEPARECU,,6,codeDevise,nvarchar,256,0,0,1,
dbo,TIMPORTMANDATSEPARECU,,7,codeSiteCrediteur,nvarchar,256,0,0,1,
dbo,TIMPORTMANDATSEPARECU,,8,codeSiteDebiteur,nvarchar,256,0,0,1,
dbo,TIMPORTMANDATSEPARECU,,9,codeTiersCrediteur,nvarchar,256,0,0,1,
dbo,TIMPORTMANDATSEPARECU,,10,codeTiersDebiteur,nvarchar,256,0,0,1,
dbo,TIMPORTMANDATSEPARECU,,11,contratCommercial,nvarchar,256,0,0,1,
dbo,TIMPORTMANDATSEPARECU,,12,dateDebut,datetime,8,23,3,1,
dbo,TIMPORTMANDATSEPARECU,,13,dateFin,datetime,8,23,3,1,
dbo,TIMPORTMANDATSEPARECU,,14,dateSignature,datetime,8,23,3,1,
dbo,TIMPORTMANDATSEPARECU,,15,IBANDebiteur,nvarchar,256,0,0,1,
dbo,TIMPORTMANDATSEPARECU,,16,identificationSEPACrediteur,nvarchar,256,0,0,1,
dbo,TIMPORTMANDATSEPARECU,,17,idOTP,int,4,10,0,1,
dbo,TIMPORTMANDATSEPARECU,,18,lieuSignature,nvarchar,256,0,0,1,
dbo,TIMPORTMANDATSEPARECU,,19,oid,TOID,32,0,0,0,
dbo,TIMPORTMANDATSEPARECU,,20,paiementRecurrent,bit,1,1,0,1,
dbo,TIMPORTMANDATSEPARECU,,21,raisonSocialeCrediteur,nvarchar,256,0,0,1,
dbo,TIMPORTMANDATSEPARECU,,22,referenceMandat,nvarchar,256,0,0,1,
dbo,TIMPORTMANDATSEPARECU,,23,referenceMandatAmende,nvarchar,256,0,0,1,
dbo,TIMPORTMANDATSEPARECU,,24,RepriseHisto,bit,1,1,0,1,
dbo,TIMPORTMANDATSEPARECU,,25,UpdDate,datetime,8,23,3,1,
dbo,TIMPORTMANDATSEPARECU,,26,UpdStamp,char,16,0,0,1,
dbo,TIMPORTMANDATSEPARECU,,27,UpdUser,nvarchar,48,0,0,1,
dbo,TIMPORTMANDATSEPARECU,,28,valide,bit,1,1,0,1,
dbo,TIMPORTMIGACTIVITE,,1,anneeDernierCoeff,int,4,10,0,1,
dbo,TIMPORTMIGACTIVITE,,2,Caption,nvarchar,256,0,0,1,
dbo,TIMPORTMIGACTIVITE,,3,codeActivite,nvarchar,256,0,0,1,
dbo,TIMPORTMIGACTIVITE,,4,codeOrigine,nvarchar,256,0,0,1,
dbo,TIMPORTMIGACTIVITE,,5,coeffAssujetissement,float,8,53,0,1,
dbo,TIMPORTMIGACTIVITE,,6,coeffAssujetissement_Decimales,int,4,10,0,1,
dbo,TIMPORTMIGACTIVITE,,7,coeffTaxation,float,8,53,0,1,
dbo,TIMPORTMIGACTIVITE,,8,coeffTaxation_Decimales,int,4,10,0,1,
dbo,TIMPORTMIGACTIVITE,,9,coeffTaxationPartiel,bit,1,1,0,1,
dbo,TIMPORTMIGACTIVITE,,10,idOrgActivite,nvarchar,256,0,0,1,
dbo,TIMPORTMIGACTIVITE,,11,idOTP,int,4,10,0,1,
dbo,TIMPORTMIGACTIVITE,,12,oid,TOID,32,0,0,0,
dbo,TIMPORTMIGACTIVITE,,13,UpdDate,datetime,8,23,3,1,
dbo,TIMPORTMIGACTIVITE,,14,UpdStamp,char,16,0,0,1,
dbo,TIMPORTMIGACTIVITE,,15,UpdUser,nvarchar,48,0,0,1,
dbo,TIMPORTMIGAXE,,1,Caption,nvarchar,256,0,0,1,
dbo,TIMPORTMIGAXE,,2,codeAxe,nvarchar,256,0,0,1,
dbo,TIMPORTMIGAXE,,3,dateClotureVentilation,datetime,8,23,3,1,
dbo,TIMPORTMIGAXE,,4,dateLimiteVentilation,datetime,8,23,3,1,
dbo,TIMPORTMIGAXE,,5,idOTP,int,4,10,0,1,
dbo,TIMPORTMIGAXE,,6,libelleAxe,nvarchar,256,0,0,1,
dbo,TIMPORTMIGAXE,,7,oid,TOID,32,0,0,0,
dbo,TIMPORTMIGAXE,,8,oidDimensionGroupe,TOID,32,0,0,1,
dbo,TIMPORTMIGAXE,,9,oidDimensionTemps,TOID,32,0,0,1,
dbo,TIMPORTMIGAXE,,10,UpdDate,datetime,8,23,3,1,
dbo,TIMPORTMIGAXE,,11,UpdStamp,char,16,0,0,1,
dbo,TIMPORTMIGAXE,,12,UpdUser,nvarchar,48,0,0,1,
dbo,TIMPORTMIGCOMPTE,,1,amtCPT,bit,1,1,0,1,
dbo,TIMPORTMIGCOMPTE,,2,amtFISC,bit,1,1,0,1,
dbo,TIMPORTMIGCOMPTE,,3,amtIFRS,bit,1,1,0,1,
dbo,TIMPORTMIGCOMPTE,,4,amtlLIBRE,bit,1,1,0,1,
dbo,TIMPORTMIGCOMPTE,,5,amtRETR,bit,1,1,0,1,
dbo,TIMPORTMIGCOMPTE,,6,amtTECH,bit,1,1,0,1,
dbo,TIMPORTMIGCOMPTE,,7,Caption,nvarchar,256,0,0,1,
dbo,TIMPORTMIGCOMPTE,,8,codeCompte,nvarchar,256,0,0,1,
dbo,TIMPORTMIGCOMPTE,,9,enActivite,bit,1,1,0,1,
dbo,TIMPORTMIGCOMPTE,,10,idOTP,int,4,10,0,1,
dbo,TIMPORTMIGCOMPTE,,11,immobilisation,bit,1,1,0,1,
dbo,TIMPORTMIGCOMPTE,,12,libelleCompte,nvarchar,256,0,0,1,
dbo,TIMPORTMIGCOMPTE,,13,montantNegatif,bit,1,1,0,1,
dbo,TIMPORTMIGCOMPTE,,14,natureCompteTVA,smallint,2,5,0,1,
dbo,TIMPORTMIGCOMPTE,,15,oid,TOID,32,0,0,0,
dbo,TIMPORTMIGCOMPTE,,16,statutImmo,smallint,2,5,0,1,
dbo,TIMPORTMIGCOMPTE,,17,typeCompte,smallint,2,5,0,1,
dbo,TIMPORTMIGCOMPTE,,18,UpdDate,datetime,8,23,3,1,
dbo,TIMPORTMIGCOMPTE,,19,UpdStamp,char,16,0,0,1,
dbo,TIMPORTMIGCOMPTE,,20,UpdUser,nvarchar,48,0,0,1,
dbo,TIMPORTMIGECLATEMENT,,1,Caption,nvarchar,256,0,0,1,
dbo,TIMPORTMIGECLATEMENT,,2,code,nvarchar,256,0,0,1,
dbo,TIMPORTMIGECLATEMENT,,3,codeEnsemble,nvarchar,256,0,0,1,
dbo,TIMPORTMIGECLATEMENT,,4,codeSchemaEclatement,nvarchar,256,0,0,1,
dbo,TIMPORTMIGECLATEMENT,,5,dateEclatement,datetime,8,23,3,1,
dbo,TIMPORTMIGECLATEMENT,,6,eclatementBien,smallint,2,5,0,1,
dbo,TIMPORTMIGECLATEMENT,,7,idOTP,int,4,10,0,1,
dbo,TIMPORTMIGECLATEMENT,,8,idSource,nvarchar,256,0,0,1,
dbo,TIMPORTMIGECLATEMENT,,9,idSource_Numero,nvarchar,256,0,0,1,
dbo,TIMPORTMIGECLATEMENT,,10,montantInitial,float,8,53,0,1,
dbo,TIMPORTMIGECLATEMENT,,11,nombreBien,int,4,10,0,1,
dbo,TIMPORTMIGECLATEMENT,,12,oid,TOID,32,0,0,0,
dbo,TIMPORTMIGECLATEMENT,,13,quantiteInitiale,float,8,53,0,1,
dbo,TIMPORTMIGECLATEMENT,,14,refExterneBienProduitList,nvarchar,-1,0,0,1,
dbo,TIMPORTMIGECLATEMENT,,15,UpdDate,datetime,8,23,3,1,
dbo,TIMPORTMIGECLATEMENT,,16,UpdStamp,char,16,0,0,1,
dbo,TIMPORTMIGECLATEMENT,,17,UpdUser,nvarchar,48,0,0,1,
dbo,TIMPORTMIGENSEMBLE,,1,Caption,nvarchar,256,0,0,1,
dbo,TIMPORTMIGENSEMBLE,,2,code,nvarchar,256,0,0,1,
dbo,TIMPORTMIGENSEMBLE,,3,idOTP,int,4,10,0,1,
dbo,TIMPORTMIGENSEMBLE,,4,idSociete,nvarchar,256,0,0,1,
dbo,TIMPORTMIGENSEMBLE,,5,libelle,nvarchar,256,0,0,1,
dbo,TIMPORTMIGENSEMBLE,,6,oid,TOID,32,0,0,0,
dbo,TIMPORTMIGENSEMBLE,,7,UpdDate,datetime,8,23,3,1,
dbo,TIMPORTMIGENSEMBLE,,8,UpdStamp,char,16,0,0,1,
dbo,TIMPORTMIGENSEMBLE,,9,UpdUser,nvarchar,48,0,0,1,
dbo,TIMPORTMIGETABLISSEMENT,,1,Caption,nvarchar,256,0,0,1,
dbo,TIMPORTMIGETABLISSEMENT,,2,codeEtablissement,nvarchar,256,0,0,1,
dbo,TIMPORTMIGETABLISSEMENT,,3,codeOrigine,nvarchar,256,0,0,1,
dbo,TIMPORTMIGETABLISSEMENT,,4,codifApe,nvarchar,256,0,0,1,
dbo,TIMPORTMIGETABLISSEMENT,,5,complementAdresse,nvarchar,256,0,0,1,
dbo,TIMPORTMIGETABLISSEMENT,,6,cpAdresse,nvarchar,256,0,0,1,
dbo,TIMPORTMIGETABLISSEMENT,,7,descriptionEtablissement,nvarchar,256,0,0,1,
dbo,TIMPORTMIGETABLISSEMENT,,8,estAdresse,bit,1,1,0,1,
dbo,TIMPORTMIGETABLISSEMENT,,9,idOTP,int,4,10,0,1,
dbo,TIMPORTMIGETABLISSEMENT,,10,idSociete,nvarchar,256,0,0,1,
dbo,TIMPORTMIGETABLISSEMENT,,11,nomrueAdresse,nvarchar,256,0,0,1,
dbo,TIMPORTMIGETABLISSEMENT,,12,oid,TOID,32,0,0,0,
dbo,TIMPORTMIGETABLISSEMENT,,13,oidPays,TOID,32,0,0,1,
dbo,TIMPORTMIGETABLISSEMENT,,14,oidTerritorialiteTaxe,TOID,32,0,0,1,
dbo,TIMPORTMIGETABLISSEMENT,,15,paysAdresse,nvarchar,256,0,0,1,
dbo,TIMPORTMIGETABLISSEMENT,,16,siretEtablissement,nvarchar,256,0,0,1,
dbo,TIMPORTMIGETABLISSEMENT,,17,territorialiteEtablissement,nvarchar,256,0,0,1,
dbo,TIMPORTMIGETABLISSEMENT,,18,UpdDate,datetime,8,23,3,1,
dbo,TIMPORTMIGETABLISSEMENT,,19,UpdStamp,char,16,0,0,1,
dbo,TIMPORTMIGETABLISSEMENT,,20,UpdUser,nvarchar,48,0,0,1,
dbo,TIMPORTMIGETABLISSEMENT,,21,villeAdresse,nvarchar,256,0,0,1,
dbo,TIMPORTMIGFAMILLE,,1,Caption,nvarchar,256,0,0,1,
dbo,TIMPORTMIGFAMILLE,,2,code,nvarchar,256,0,0,1,
dbo,TIMPORTMIGFAMILLE,,3,idFamille,nvarchar,256,0,0,1,
dbo,TIMPORTMIGFAMILLE,,4,idOrgActivite,nvarchar,256,0,0,1,
dbo,TIMPORTMIGFAMILLE,,5,idOTP,int,4,10,0,1,
dbo,TIMPORTMIGFAMILLE,,6,libelle,nvarchar,256,0,0,1,
dbo,TIMPORTMIGFAMILLE,,7,oid,TOID,32,0,0,0,
dbo,TIMPORTMIGFAMILLE,,8,UpdDate,datetime,8,23,3,1,
dbo,TIMPORTMIGFAMILLE,,9,UpdStamp,char,16,0,0,1,
dbo,TIMPORTMIGFAMILLE,,10,UpdUser,nvarchar,48,0,0,1,
dbo,TIMPORTMIGPIECE,,1,Caption,nvarchar,256,0,0,1,
dbo,TIMPORTMIGPIECE,,2,datePiece,datetime,8,23,3,1,
dbo,TIMPORTMIGPIECE,,3,idFacture,nvarchar,256,0,0,1,
dbo,TIMPORTMIGPIECE,,4,idOTP,int,4,10,0,1,
dbo,TIMPORTMIGPIECE,,5,numero,nvarchar,256,0,0,1,
dbo,TIMPORTMIGPIECE,,6,oid,TOID,32,0,0,0,
dbo,TIMPORTMIGPIECE,,7,oidCompteFournisseur,TOID,32,0,0,1,
dbo,TIMPORTMIGPIECE,,8,oidEtablissement,TOID,32,0,0,1,
dbo,TIMPORTMIGPIECE,,9,oidJournal,TOID,32,0,0,1,
dbo,TIMPORTMIGPIECE,,10,oidProfilTVA,TOID,32,0,0,1,
dbo,TIMPORTMIGPIECE,,11,oidRoleTiers,TOID,32,0,0,1,
dbo,TIMPORTMIGPIECE,,12,oidTypePiece,TOID,32,0,0,1,
dbo,TIMPORTMIGPIECE,,13,reference,nvarchar,256,0,0,1,
dbo,TIMPORTMIGPIECE,,14,referenceOrigine,nvarchar,256,0,0,1,
dbo,TIMPORTMIGPIECE,,15,typeFacture,smallint,2,5,0,1,
dbo,TIMPORTMIGPIECE,,16,UpdDate,datetime,8,23,3,1,
dbo,TIMPORTMIGPIECE,,17,UpdStamp,char,16,0,0,1,
dbo,TIMPORTMIGPIECE,,18,UpdUser,nvarchar,48,0,0,1,
dbo,TIMPORTMIGPIECELIGNE,,1,bien,nvarchar,256,0,0,1,
dbo,TIMPORTMIGPIECELIGNE,,2,Caption,nvarchar,256,0,0,1,
dbo,TIMPORTMIGPIECELIGNE,,3,coeffRemise,money,8,19,4,1,
dbo,TIMPORTMIGPIECELIGNE,,4,compte,nvarchar,256,0,0,1,
dbo,TIMPORTMIGPIECELIGNE,,5,idLigne,nvarchar,256,0,0,1,
dbo,TIMPORTMIGPIECELIGNE,,6,idOTP,int,4,10,0,1,
dbo,TIMPORTMIGPIECELIGNE,,7,libelle,nvarchar,256,0,0,1,
dbo,TIMPORTMIGPIECELIGNE,,8,montant,money,8,19,4,1,
dbo,TIMPORTMIGPIECELIGNE,,9,montantTVA,money,8,19,4,1,
dbo,TIMPORTMIGPIECELIGNE,,10,oid,TOID,32,0,0,0,
dbo,TIMPORTMIGPIECELIGNE,,11,oidImportMigPiece,TOID,32,0,0,1,
dbo,TIMPORTMIGPIECELIGNE,,12,secteurActivite,nvarchar,256,0,0,1,
dbo,TIMPORTMIGPIECELIGNE,,13,tauxTaxe,money,8,19,4,1,
dbo,TIMPORTMIGPIECELIGNE,,14,UpdDate,datetime,8,23,3,1,
dbo,TIMPORTMIGPIECELIGNE,,15,UpdStamp,char,16,0,0,1,
dbo,TIMPORTMIGPIECELIGNE,,16,UpdUser,nvarchar,48,0,0,1,
dbo,TIMPORTMIGPLANCENTRE,,1,Caption,nvarchar,256,0,0,1,
dbo,TIMPORTMIGPLANCENTRE,,2,codeDimension,nvarchar,256,0,0,1,
dbo,TIMPORTMIGPLANCENTRE,,3,codePosition,nvarchar,256,0,0,1,
dbo,TIMPORTMIGPLANCENTRE,,4,idOTP,int,4,10,0,1,
dbo,TIMPORTMIGPLANCENTRE,,5,libelleDimension,nvarchar,256,0,0,1,
dbo,TIMPORTMIGPLANCENTRE,,6,libellePosition,nvarchar,256,0,0,1,
dbo,TIMPORTMIGPLANCENTRE,,7,oid,TOID,32,0,0,0,
dbo,TIMPORTMIGPLANCENTRE,,8,UpdDate,datetime,8,23,3,1,
dbo,TIMPORTMIGPLANCENTRE,,9,UpdStamp,char,16,0,0,1,
dbo,TIMPORTMIGPLANCENTRE,,10,UpdUser,nvarchar,48,0,0,1,
dbo,TIMPORTMIGSCHEMACOMPTAB,,1,Caption,nvarchar,256,0,0,1,
dbo,TIMPORTMIGSCHEMACOMPTAB,,2,code,nvarchar,256,0,0,1,
dbo,TIMPORTMIGSCHEMACOMPTAB,,3,compteActifCede,nvarchar,256,0,0,1,
dbo,TIMPORTMIGSCHEMACOMPTAB,,4,compteAmortissement,nvarchar,256,0,0,1,
dbo,TIMPORTMIGSCHEMACOMPTAB,,5,compteAmortissementDero,nvarchar,256,0,0,1,
dbo,TIMPORTMIGSCHEMACOMPTAB,,6,compteAutreReserve,nvarchar,256,0,0,1,
dbo,TIMPORTMIGSCHEMACOMPTAB,,7,compteChargeExceptionnelle,nvarchar,256,0,0,1,
dbo,TIMPORTMIGSCHEMACOMPTAB,,8,compteCreanceCessionImmo,nvarchar,256,0,0,1,
dbo,TIMPORTMIGSCHEMACOMPTAB,,9,compteDepreciation,nvarchar,256,0,0,1,
dbo,TIMPORTMIGSCHEMACOMPTAB,,10,compteDestination,nvarchar,256,0,0,1,
dbo,TIMPORTMIGSCHEMACOMPTAB,,11,compteDotationDero,nvarchar,256,0,0,1,
dbo,TIMPORTMIGSCHEMACOMPTAB,,12,compteDotationExcept,nvarchar,256,0,0,1,
dbo,TIMPORTMIGSCHEMACOMPTAB,,13,compteDotationExploit,nvarchar,256,0,0,1,
dbo,TIMPORTMIGSCHEMACOMPTAB,,14,compteDotationProDepre,nvarchar,256,0,0,1,
dbo,TIMPORTMIGSCHEMACOMPTAB,,15,compteEcartReevaluation,nvarchar,256,0,0,1,
dbo,TIMPORTMIGSCHEMACOMPTAB,,16,compteProduitCessionImmo,nvarchar,256,0,0,1,
dbo,TIMPORTMIGSCHEMACOMPTAB,,17,compteProduitExceptionnel,nvarchar,256,0,0,1,
dbo,TIMPORTMIGSCHEMACOMPTAB,,18,compteRepriseAmoDero,nvarchar,256,0,0,1,
dbo,TIMPORTMIGSCHEMACOMPTAB,,19,compteRepriseAmoExcept,nvarchar,256,0,0,1,
dbo,TIMPORTMIGSCHEMACOMPTAB,,20,compteRepriseAmoExploit,nvarchar,256,0,0,1,
dbo,TIMPORTMIGSCHEMACOMPTAB,,21,compteRepriseProDepre,nvarchar,256,0,0,1,
dbo,TIMPORTMIGSCHEMACOMPTAB,,22,compteRepriseProDepreEx,nvarchar,256,0,0,1,
dbo,TIMPORTMIGSCHEMACOMPTAB,,23,compteSource,nvarchar,256,0,0,1,
dbo,TIMPORTMIGSCHEMACOMPTAB,,24,compteTiers,nvarchar,256,0,0,1,
dbo,TIMPORTMIGSCHEMACOMPTAB,,25,idOTP,int,4,10,0,1,
dbo,TIMPORTMIGSCHEMACOMPTAB,,26,libelle,nvarchar,256,0,0,1,
dbo,TIMPORTMIGSCHEMACOMPTAB,,27,liensComptesIncomplets,bit,1,1,0,1,
dbo,TIMPORTMIGSCHEMACOMPTAB,,28,oid,TOID,32,0,0,0,
dbo,TIMPORTMIGSCHEMACOMPTAB,,29,oidComptActifCede,TOID,32,0,0,1,
dbo,TIMPORTMIGSCHEMACOMPTAB,,30,oidComptAmortissement,TOID,32,0,0,1,
dbo,TIMPORTMIGSCHEMACOMPTAB,,31,oidComptAmortissementDero,TOID,32,0,0,1,
dbo,TIMPORTMIGSCHEMACOMPTAB,,32,oidComptCreanceCessionImmo,TOID,32,0,0,1,
dbo,TIMPORTMIGSCHEMACOMPTAB,,33,oidComptDepreciation,TOID,32,0,0,1,
dbo,TIMPORTMIGSCHEMACOMPTAB,,34,oidComptDotationDero,TOID,32,0,0,1,
dbo,TIMPORTMIGSCHEMACOMPTAB,,35,oidComptDotationExcept,TOID,32,0,0,1,
dbo,TIMPORTMIGSCHEMACOMPTAB,,36,oidComptDotationExploit,TOID,32,0,0,1,
dbo,TIMPORTMIGSCHEMACOMPTAB,,37,oidComptDotationProDepre,TOID,32,0,0,1,
dbo,TIMPORTMIGSCHEMACOMPTAB,,38,oidComptEcartReevaluation,TOID,32,0,0,1,
dbo,TIMPORTMIGSCHEMACOMPTAB,,39,oidComptProduitCessionImmo,TOID,32,0,0,1,
dbo,TIMPORTMIGSCHEMACOMPTAB,,40,oidComptRepriseAmoDero,TOID,32,0,0,1,
dbo,TIMPORTMIGSCHEMACOMPTAB,,41,oidComptRepriseAmoExcept,TOID,32,0,0,1,
dbo,TIMPORTMIGSCHEMACOMPTAB,,42,oidComptRepriseAmoExploit,TOID,32,0,0,1,
dbo,TIMPORTMIGSCHEMACOMPTAB,,43,oidComptRepriseProDepre,TOID,32,0,0,1,
dbo,TIMPORTMIGSCHEMACOMPTAB,,44,oidComptRepriseProDepreEx,TOID,32,0,0,1,
dbo,TIMPORTMIGSCHEMACOMPTAB,,45,typeSchema,smallint,2,5,0,1,
dbo,TIMPORTMIGSCHEMACOMPTAB,,46,UpdDate,datetime,8,23,3,1,
dbo,TIMPORTMIGSCHEMACOMPTAB,,47,UpdStamp,char,16,0,0,1,
dbo,TIMPORTMIGSCHEMACOMPTAB,,48,UpdUser,nvarchar,48,0,0,1,
dbo,TIMPORTMIGSCHEMAECLATDETAIL,,1,Caption,nvarchar,256,0,0,1,
dbo,TIMPORTMIGSCHEMAECLATDETAIL,,2,code,nvarchar,256,0,0,1,
dbo,TIMPORTMIGSCHEMAECLATDETAIL,,3,conserverFamille,bit,1,1,0,1,
dbo,TIMPORTMIGSCHEMAECLATDETAIL,,4,estDetail,bit,1,1,0,1,
dbo,TIMPORTMIGSCHEMAECLATDETAIL,,5,idFamille,nvarchar,256,0,0,1,
dbo,TIMPORTMIGSCHEMAECLATDETAIL,,6,idOTP,int,4,10,0,1,
dbo,TIMPORTMIGSCHEMAECLATDETAIL,,7,idSchema,nvarchar,256,0,0,1,
dbo,TIMPORTMIGSCHEMAECLATDETAIL,,8,oid,TOID,32,0,0,0,
dbo,TIMPORTMIGSCHEMAECLATDETAIL,,9,pourcentage,float,8,53,0,1,
dbo,TIMPORTMIGSCHEMAECLATDETAIL,,10,pourcentage_Decimales,int,4,10,0,1,
dbo,TIMPORTMIGSCHEMAECLATDETAIL,,11,UpdDate,datetime,8,23,3,1,
dbo,TIMPORTMIGSCHEMAECLATDETAIL,,12,UpdStamp,char,16,0,0,1,
dbo,TIMPORTMIGSCHEMAECLATDETAIL,,13,UpdUser,nvarchar,48,0,0,1,
dbo,TIMPORTMIGUGT,,1,Caption,nvarchar,256,0,0,1,
dbo,TIMPORTMIGUGT,,2,codeUGT,nvarchar,256,0,0,1,
dbo,TIMPORTMIGUGT,,3,idOTP,int,4,10,0,1,
dbo,TIMPORTMIGUGT,,4,libelleUGT,nvarchar,256,0,0,1,
dbo,TIMPORTMIGUGT,,5,oid,TOID,32,0,0,0,
dbo,TIMPORTMIGUGT,,6,UpdDate,datetime,8,23,3,1,
dbo,TIMPORTMIGUGT,,7,UpdStamp,char,16,0,0,1,
dbo,TIMPORTMIGUGT,,8,UpdUser,nvarchar,48,0,0,1,
dbo,TIMPORTMIGVEHICULE,,1,Caption,nvarchar,256,0,0,1,
dbo,TIMPORTMIGVEHICULE,,2,dateCircu,datetime,8,23,3,1,
dbo,TIMPORTMIGVEHICULE,,3,dateDebutLoc,datetime,8,23,3,1,
dbo,TIMPORTMIGVEHICULE,,4,dateDebutUtil,datetime,8,23,3,1,
dbo,TIMPORTMIGVEHICULE,,5,dateFinLoc,datetime,8,23,3,1,
dbo,TIMPORTMIGVEHICULE,,6,dateFinUtil,datetime,8,23,3,1,
dbo,TIMPORTMIGVEHICULE,,7,dateImmat,datetime,8,23,3,1,
dbo,TIMPORTMIGVEHICULE,,8,destinationVehicule,smallint,2,5,0,1,
dbo,TIMPORTMIGVEHICULE,,9,genre,nvarchar,256,0,0,1,
dbo,TIMPORTMIGVEHICULE,,10,idFiche,nvarchar,256,0,0,1,
dbo,TIMPORTMIGVEHICULE,,11,idOTP,int,4,10,0,1,
dbo,TIMPORTMIGVEHICULE,,12,idReg,int,4,10,0,1,
dbo,TIMPORTMIGVEHICULE,,13,idSociete,nvarchar,256,0,0,1,
dbo,TIMPORTMIGVEHICULE,,14,immatVehicule,nvarchar,256,0,0,1,
dbo,TIMPORTMIGVEHICULE,,15,libelleVehicule,nvarchar,256,0,0,1,
dbo,TIMPORTMIGVEHICULE,,16,marqueVehicule,nvarchar,256,0,0,1,
dbo,TIMPORTMIGVEHICULE,,17,modele,nvarchar,256,0,0,1,
dbo,TIMPORTMIGVEHICULE,,18,oid,TOID,32,0,0,0,
dbo,TIMPORTMIGVEHICULE,,19,oidSourceEnergie,TOID,32,0,0,1,
dbo,TIMPORTMIGVEHICULE,,20,origineVehicule,smallint,2,5,0,1,
dbo,TIMPORTMIGVEHICULE,,21,puissance,nvarchar,256,0,0,1,
dbo,TIMPORTMIGVEHICULE,,22,receptCo,bit,1,1,0,1,
dbo,TIMPORTMIGVEHICULE,,23,tauxCO,int,4,10,0,1,
dbo,TIMPORTMIGVEHICULE,,24,typeCarros,nvarchar,256,0,0,1,
dbo,TIMPORTMIGVEHICULE,,25,UpdDate,datetime,8,23,3,1,
dbo,TIMPORTMIGVEHICULE,,26,UpdStamp,char,16,0,0,1,
dbo,TIMPORTMIGVEHICULE,,27,UpdUser,nvarchar,48,0,0,1,
dbo,TIMPORTMIGZU,,1,Caption,nvarchar,256,0,0,1,
dbo,TIMPORTMIGZU,,2,idFiche,nvarchar,256,0,0,1,
dbo,TIMPORTMIGZU,,3,idOTP,int,4,10,0,1,
dbo,TIMPORTMIGZU,,4,idSociete,nvarchar,256,0,0,1,
dbo,TIMPORTMIGZU,,5,numFiche,nvarchar,256,0,0,1,
dbo,TIMPORTMIGZU,,6,oid,TOID,32,0,0,0,
dbo,TIMPORTMIGZU,,7,UpdDate,datetime,8,23,3,1,
dbo,TIMPORTMIGZU,,8,UpdStamp,char,16,0,0,1,
dbo,TIMPORTMIGZU,,9,UpdUser,nvarchar,48,0,0,1,
dbo,TIMPORTORDREPAIEMENT,,1,bordereau,nvarchar,128,0,0,1,
dbo,TIMPORTORDREPAIEMENT,,2,Caption,nvarchar,256,0,0,1,
dbo,TIMPORTORDREPAIEMENT,,3,codeAcceptation,nvarchar,128,0,0,1,
dbo,TIMPORTORDREPAIEMENT,,4,codeBICAgenceIntermediaire,nvarchar,256,0,0,1,
dbo,TIMPORTORDREPAIEMENT,,5,codeMotifEconomique,nvarchar,256,0,0,1,
dbo,TIMPORTORDREPAIEMENT,,6,dateCreation,datetime,8,23,3,1,
dbo,TIMPORTORDREPAIEMENT,,7,dateEntreePortefeuille,datetime,8,23,3,1,
dbo,TIMPORTORDREPAIEMENT,,8,dateExecution,datetime,8,23,3,1,
dbo,TIMPORTORDREPAIEMENT,,9,dateExecutionPresente,datetime,8,23,3,1,
dbo,TIMPORTORDREPAIEMENT,,10,dateReglement,datetime,8,23,3,1,
dbo,TIMPORTORDREPAIEMENT,,11,deviseTransfert,nvarchar,256,0,0,1,
dbo,TIMPORTORDREPAIEMENT,,12,estEndosse,bit,1,1,0,1,
dbo,TIMPORTORDREPAIEMENT,,13,estUrgent,bit,1,1,0,1,
dbo,TIMPORTORDREPAIEMENT,,14,expressionDevise,nvarchar,256,0,0,1,
dbo,TIMPORTORDREPAIEMENT,,15,idOTP,int,4,10,0,1,
dbo,TIMPORTORDREPAIEMENT,,16,imputationFrais,nvarchar,256,0,0,1,
dbo,TIMPORTORDREPAIEMENT,,17,instructiionISO,nvarchar,280,0,0,1,
dbo,TIMPORTORDREPAIEMENT,,18,instructionCodeISO,nvarchar,256,0,0,1,
dbo,TIMPORTORDREPAIEMENT,,19,instructionsParticulieres,nvarchar,510,0,0,1,
dbo,TIMPORTORDREPAIEMENT,,20,libDomiciliataire,nvarchar,256,0,0,1,
dbo,TIMPORTORDREPAIEMENT,,21,libelle,nvarchar,256,0,0,1,
dbo,TIMPORTORDREPAIEMENT,,22,libelleComplementaire,nvarchar,256,0,0,1,
dbo,TIMPORTORDREPAIEMENT,,23,mandatSEPA,nvarchar,256,0,0,1,
dbo,TIMPORTORDREPAIEMENT,,24,modeReglement,nvarchar,256,0,0,1,
dbo,TIMPORTORDREPAIEMENT,,25,montant,money,8,19,4,1,
dbo,TIMPORTORDREPAIEMENT,,26,montant_CodeDevise,nvarchar,6,0,0,1,
dbo,TIMPORTORDREPAIEMENT,,27,montantCFONB,money,8,19,4,1,
dbo,TIMPORTORDREPAIEMENT,,28,montantPresente,money,8,19,4,1,
dbo,TIMPORTORDREPAIEMENT,,29,montantPresente_CodeDevise,nvarchar,6,0,0,1,
dbo,TIMPORTORDREPAIEMENT,,30,motifEconomiqueSEPA,nvarchar,256,0,0,1,
dbo,TIMPORTORDREPAIEMENT,,31,motifReglement1,nvarchar,510,0,0,1,
dbo,TIMPORTORDREPAIEMENT,,32,motifReglement2,nvarchar,510,0,0,1,
dbo,TIMPORTORDREPAIEMENT,,33,motifReglement3,nvarchar,510,0,0,1,
dbo,TIMPORTORDREPAIEMENT,,34,motifReglement4,nvarchar,510,0,0,1,
dbo,TIMPORTORDREPAIEMENT,,35,nbreDecimaleMontantCFONB,int,4,10,0,1,
dbo,TIMPORTORDREPAIEMENT,,36,numOrdreEtsDomiciliataire,nvarchar,256,0,0,1,
dbo,TIMPORTORDREPAIEMENT,,37,oid,TOID,32,0,0,0,
dbo,TIMPORTORDREPAIEMENT,,38,oidCompteBancaireFrais,TOID,32,0,0,1,
dbo,TIMPORTORDREPAIEMENT,,39,oidImportTiersPaye,TOID,32,0,0,1,
dbo,TIMPORTORDREPAIEMENT,,40,oidOrdrePaiementConv,TOID,32,0,0,1,
dbo,TIMPORTORDREPAIEMENT,,41,oidRefCompteBancaireBenef,TOID,32,0,0,1,
dbo,TIMPORTORDREPAIEMENT,,42,oidRefCompteBancairePaye,TOID,32,0,0,1,
dbo,TIMPORTORDREPAIEMENT,,43,oidRefRoleTiersBeneficiaire,TOID,32,0,0,1,
dbo,TIMPORTORDREPAIEMENT,,44,oidRefRoleTiersPaye,TOID,32,0,0,1,
dbo,TIMPORTORDREPAIEMENT,,45,oidTiersBeneficiaire,TOID,32,0,0,1,
dbo,TIMPORTORDREPAIEMENT,,46,oidTiersDO,TOID,32,0,0,1,
dbo,TIMPORTORDREPAIEMENT,,47,oidTiersEndosse,TOID,32,0,0,1,
dbo,TIMPORTORDREPAIEMENT,,48,oidTiersPaye,TOID,32,0,0,1,
dbo,TIMPORTORDREPAIEMENT,,49,oidTiersPayeur,TOID,32,0,0,1,
dbo,TIMPORTORDREPAIEMENT,,50,oidTImportRemiseBancaire,TOID,32,0,0,1,
dbo,TIMPORTORDREPAIEMENT,,51,reference,nvarchar,256,0,0,1,
dbo,TIMPORTORDREPAIEMENT,,52,referenceComplementaire,nvarchar,256,0,0,1,
dbo,TIMPORTORDREPAIEMENT,,53,referenceContrat,nvarchar,256,0,0,1,
dbo,TIMPORTORDREPAIEMENT,,54,refPresentateur,nvarchar,256,0,0,1,
dbo,TIMPORTORDREPAIEMENT,,55,refTire,nvarchar,256,0,0,1,
dbo,TIMPORTORDREPAIEMENT,,56,refTireur,nvarchar,256,0,0,1,
dbo,TIMPORTORDREPAIEMENT,,57,tauxContrat,float,8,53,0,1,
dbo,TIMPORTORDREPAIEMENT,,58,tauxContrat_Decimales,int,4,10,0,1,
dbo,TIMPORTORDREPAIEMENT,,59,typeAcceptation,nvarchar,256,0,0,1,
dbo,TIMPORTORDREPAIEMENT,,60,typeFinancementVCOM,nvarchar,256,0,0,1,
dbo,TIMPORTORDREPAIEMENT,,61,UpdDate,datetime,8,23,3,1,
dbo,TIMPORTORDREPAIEMENT,,62,UpdStamp,char,16,0,0,1,
dbo,TIMPORTORDREPAIEMENT,,63,UpdUser,nvarchar,48,0,0,1,
dbo,TIMPORTORDREPAIEMENTCONV,,1,Caption,nvarchar,256,0,0,1,
dbo,TIMPORTORDREPAIEMENTCONV,,2,codeEnregistrement_04,nvarchar,256,0,0,1,
dbo,TIMPORTORDREPAIEMENTCONV,,3,codeEnregistrement_06,nvarchar,256,0,0,1,
dbo,TIMPORTORDREPAIEMENTCONV,,4,codeEnregistrement_07,nvarchar,256,0,0,1,
dbo,TIMPORTORDREPAIEMENTCONV,,5,codeOperation_04,nvarchar,256,0,0,1,
dbo,TIMPORTORDREPAIEMENTCONV,,6,codeOperation_06,nvarchar,256,0,0,1,
dbo,TIMPORTORDREPAIEMENTCONV,,7,codeOperation_07,nvarchar,256,0,0,1,
dbo,TIMPORTORDREPAIEMENTCONV,,8,idOTP,int,4,10,0,1,
dbo,TIMPORTORDREPAIEMENTCONV,,9,numeroSequentiel_04,nvarchar,256,0,0,1,
dbo,TIMPORTORDREPAIEMENTCONV,,10,numeroSequentiel_07,nvarchar,256,0,0,1,
dbo,TIMPORTORDREPAIEMENTCONV,,11,oid,TOID,32,0,0,0,
dbo,TIMPORTORDREPAIEMENTCONV,,12,tauxChangeStr,nvarchar,256,0,0,1,
dbo,TIMPORTORDREPAIEMENTCONV,,13,UpdDate,datetime,8,23,3,1,
dbo,TIMPORTORDREPAIEMENTCONV,,14,UpdStamp,char,16,0,0,1,
dbo,TIMPORTORDREPAIEMENTCONV,,15,UpdUser,nvarchar,48,0,0,1,
dbo,TIMPORTPIECEANALYTIQUE,,1,axeAnalytique,nvarchar,256,0,0,1,
dbo,TIMPORTPIECEANALYTIQUE,,2,Caption,nvarchar,256,0,0,1,
dbo,TIMPORTPIECEANALYTIQUE,,3,captionPieceAnalytique,nvarchar,256,0,0,1,
dbo,TIMPORTPIECEANALYTIQUE,,4,dateValiditeAnalytique,datetime,8,23,3,1,
dbo,TIMPORTPIECEANALYTIQUE,,5,idOTP,int,4,10,0,1,
dbo,TIMPORTPIECEANALYTIQUE,,6,oid,TOID,32,0,0,0,
dbo,TIMPORTPIECEANALYTIQUE,,7,oidTImportBienComptable,TOID,32,0,0,1,
dbo,TIMPORTPIECEANALYTIQUE,,8,pourcentageValide,float,8,53,0,1,
dbo,TIMPORTPIECEANALYTIQUE,,9,pourcentageValide_Decimales,int,4,10,0,1,
dbo,TIMPORTPIECEANALYTIQUE,,10,sectionAnalytique,nvarchar,256,0,0,1,
dbo,TIMPORTPIECEANALYTIQUE,,11,UpdDate,datetime,8,23,3,1,
dbo,TIMPORTPIECEANALYTIQUE,,12,UpdStamp,char,16,0,0,1,
dbo,TIMPORTPIECEANALYTIQUE,,13,UpdUser,nvarchar,48,0,0,1,
dbo,TIMPORTPIECEANALYTIQUE,,14,ventilationAnalytique,nvarchar,256,0,0,1,
dbo,TIMPORTPIECEBIENMISEENSERVICE,,1,Caption,nvarchar,256,0,0,1,
dbo,TIMPORTPIECEBIENMISEENSERVICE,,2,idOTP,int,4,10,0,1,
dbo,TIMPORTPIECEBIENMISEENSERVICE,,3,oid,TOID,32,0,0,0,
dbo,TIMPORTPIECEBIENMISEENSERVICE,,4,UpdDate,datetime,8,23,3,1,
dbo,TIMPORTPIECEBIENMISEENSERVICE,,5,UpdStamp,char,16,0,0,1,
dbo,TIMPORTPIECEBIENMISEENSERVICE,,6,UpdUser,nvarchar,48,0,0,1,
dbo,TIMPORTPIECEBIENMISEENSERVICE,,7,codeSourceBienMES,nvarchar,256,0,0,1,
dbo,TIMPORTPIECEBIENMISEENSERVICE,,8,coefficientAdmission,nvarchar,256,0,0,1,
dbo,TIMPORTPIECEBIENMISEENSERVICE,,9,compteGeneral,nvarchar,256,0,0,1,
dbo,TIMPORTPIECEBIENMISEENSERVICE,,10,dateEffet,datetime,8,23,3,1,
dbo,TIMPORTPIECEBIENMISEENSERVICE,,11,etablissement,nvarchar,256,0,0,1,
dbo,TIMPORTPIECEBIENMISEENSERVICE,,12,exercice,nvarchar,256,0,0,1,
dbo,TIMPORTPIECEBIENMISEENSERVICE,,13,idSourceBienMES,nvarchar,256,0,0,1,
dbo,TIMPORTPIECEBIENMISEENSERVICE,,14,montantHT,money,8,19,4,1,
dbo,TIMPORTPIECEBIENMISEENSERVICE,,15,montantHT_CodeDevise,nvarchar,6,0,0,1,
dbo,TIMPORTPIECEBIENMISEENSERVICE,,16,natureBien,nvarchar,256,0,0,1,
dbo,TIMPORTPIECEBIENMISEENSERVICE,,17,profilTVACollectee,nvarchar,256,0,0,1,
dbo,TIMPORTPIECEBIENMISEENSERVICE,,18,profilTVAInitial,nvarchar,256,0,0,1,
dbo,TIMPORTPIECEBIENMISEENSERVICE,,19,quantite,float,8,53,0,1,
dbo,TIMPORTPIECEBIENMISEENSERVICE,,20,quantite_Decimales,int,4,10,0,1,
dbo,TIMPORTPIECEBIENMISEENSERVICE,,21,quantite_CodeUnit,nvarchar,64,0,0,1,
dbo,TIMPORTPIECEBIENMISEENSERVICE,,22,secteurActivite,nvarchar,256,0,0,1,
dbo,TIMPORTPIECESORTIEBIEN,,1,acquereur,nvarchar,256,0,0,1,
dbo,TIMPORTPIECESORTIEBIEN,,2,Caption,nvarchar,256,0,0,1,
dbo,TIMPORTPIECESORTIEBIEN,,3,comptabilise,bit,1,1,0,1,
dbo,TIMPORTPIECESORTIEBIEN,,4,dateSortie,datetime,8,23,3,1,
dbo,TIMPORTPIECESORTIEBIEN,,5,exporte,bit,1,1,0,1,
dbo,TIMPORTPIECESORTIEBIEN,,6,idOTP,int,4,10,0,1,
dbo,TIMPORTPIECESORTIEBIEN,,7,ImportDotation,bit,1,1,0,1,
dbo,TIMPORTPIECESORTIEBIEN,,8,importPrixCession,bit,1,1,0,1,
dbo,TIMPORTPIECESORTIEBIEN,,9,importRegularisationTVA,bit,1,1,0,1,
dbo,TIMPORTPIECESORTIEBIEN,,10,importTVACession,bit,1,1,0,1,
dbo,TIMPORTPIECESORTIEBIEN,,11,importVNS,bit,1,1,0,1,
dbo,TIMPORTPIECESORTIEBIEN,,12,montant,money,8,19,4,1,
dbo,TIMPORTPIECESORTIEBIEN,,13,montant_CodeDevise,nvarchar,6,0,0,1,
dbo,TIMPORTPIECESORTIEBIEN,,14,motifCession,nvarchar,256,0,0,1,
dbo,TIMPORTPIECESORTIEBIEN,,15,oid,TOID,32,0,0,0,
dbo,TIMPORTPIECESORTIEBIEN,,16,oidSessionImportation,TOID,32,0,0,1,
dbo,TIMPORTPIECESORTIEBIEN,,17,profilTVA,nvarchar,256,0,0,1,
dbo,TIMPORTPIECESORTIEBIEN,,18,regularisationTVA,bit,1,1,0,1,
dbo,TIMPORTPIECESORTIEBIEN,,19,soumisTVA,bit,1,1,0,1,
dbo,TIMPORTPIECESORTIEBIEN,,20,tauxTVA,float,8,53,0,1,
dbo,TIMPORTPIECESORTIEBIEN,,21,tauxTVA_Decimales,int,4,10,0,1,
dbo,TIMPORTPIECESORTIEBIEN,,22,UpdDate,datetime,8,23,3,1,
dbo,TIMPORTPIECESORTIEBIEN,,23,UpdStamp,char,16,0,0,1,
dbo,TIMPORTPIECESORTIEBIEN,,24,UpdUser,nvarchar,48,0,0,1,
dbo,TIMPORTRECEPTION,,1,Caption,nvarchar,256,0,0,1,
dbo,TIMPORTRECEPTION,,2,dateCommande,datetime,8,23,3,1,
dbo,TIMPORTRECEPTION,,3,dateReception,datetime,8,23,3,1,
dbo,TIMPORTRECEPTION,,4,fournisseur,nvarchar,256,0,0,1,
dbo,TIMPORTRECEPTION,,5,idOTP,int,4,10,0,1,
dbo,TIMPORTRECEPTION,,6,numeroCommande,nvarchar,256,0,0,1,
dbo,TIMPORTRECEPTION,,7,numeroReception,nvarchar,256,0,0,1,
dbo,TIMPORTRECEPTION,,8,oid,TOID,32,0,0,0,
dbo,TIMPORTRECEPTION,,9,oidTImportBienPhysique,TOID,32,0,0,1,
dbo,TIMPORTRECEPTION,,10,privilegiee,bit,1,1,0,1,
dbo,TIMPORTRECEPTION,,11,UpdDate,datetime,8,23,3,1,
dbo,TIMPORTRECEPTION,,12,UpdStamp,char,16,0,0,1,
dbo,TIMPORTRECEPTION,,13,UpdUser,nvarchar,48,0,0,1,
dbo,TIMPORTRELEVECOMPTECONV,,1,asDate,datetime,8,23,3,1,
dbo,TIMPORTRELEVECOMPTECONV,,2,asMontant,money,8,19,4,1,
dbo,TIMPORTRELEVECOMPTECONV,,3,asMontantEBCDIC,nvarchar,256,0,0,1,
dbo,TIMPORTRELEVECOMPTECONV,,4,Caption,nvarchar,256,0,0,1,
dbo,TIMPORTRELEVECOMPTECONV,,5,codeDevise,nvarchar,256,0,0,1,
dbo,TIMPORTRELEVECOMPTECONV,,6,codeEnreg01,nvarchar,256,0,0,1,
dbo,TIMPORTRELEVECOMPTECONV,,7,codeEnreg07,nvarchar,256,0,0,1,
dbo,TIMPORTRELEVECOMPTECONV,,8,codeEtablissement,nvarchar,256,0,0,1,
dbo,TIMPORTRELEVECOMPTECONV,,9,codeGuichet,nvarchar,256,0,0,1,
dbo,TIMPORTRELEVECOMPTECONV,,10,codeSigneAsMontant,nvarchar,256,0,0,1,
dbo,TIMPORTRELEVECOMPTECONV,,11,codeSigneNsMontant,nvarchar,256,0,0,1,
dbo,TIMPORTRELEVECOMPTECONV,,12,idOTP,int,4,10,0,1,
dbo,TIMPORTRELEVECOMPTECONV,,13,nbreDecimalAsMontant,int,4,10,0,1,
dbo,TIMPORTRELEVECOMPTECONV,,14,nbreDecimalNsMontant,int,4,10,0,1,
dbo,TIMPORTRELEVECOMPTECONV,,15,nsDate,datetime,8,23,3,1,
dbo,TIMPORTRELEVECOMPTECONV,,16,nsMontant,money,8,19,4,1,
dbo,TIMPORTRELEVECOMPTECONV,,17,nsMontantEBCDIC,nvarchar,256,0,0,1,
dbo,TIMPORTRELEVECOMPTECONV,,18,numeroCompte,nvarchar,256,0,0,1,
dbo,TIMPORTRELEVECOMPTECONV,,19,oid,TOID,32,0,0,0,
dbo,TIMPORTRELEVECOMPTECONV,,20,UpdDate,datetime,8,23,3,1,
dbo,TIMPORTRELEVECOMPTECONV,,21,UpdStamp,char,16,0,0,1,
dbo,TIMPORTRELEVECOMPTECONV,,22,UpdUser,nvarchar,48,0,0,1,
dbo,TIMPORTRELEVERETOUR,,1,Caption,nvarchar,256,0,0,1,
dbo,TIMPORTRELEVERETOUR,,2,codeDeviseTC,nvarchar,256,0,0,1,
dbo,TIMPORTRELEVERETOUR,,3,dateCreation,datetime,8,23,3,1,
dbo,TIMPORTRELEVERETOUR,,4,idNotification,nvarchar,256,0,0,1,
dbo,TIMPORTRELEVERETOUR,,5,idOTP,int,4,10,0,1,
dbo,TIMPORTRELEVERETOUR,,6,oid,TOID,32,0,0,0,
dbo,TIMPORTRELEVERETOUR,,7,oidSessionImportation,TOID,32,0,0,1,
dbo,TIMPORTRELEVERETOUR,,8,oidtiersDestinataire,TOID,32,0,0,1,
dbo,TIMPORTRELEVERETOUR,,9,UpdDate,datetime,8,23,3,1,
dbo,TIMPORTRELEVERETOUR,,10,UpdStamp,char,16,0,0,1,
dbo,TIMPORTRELEVERETOUR,,11,UpdUser,nvarchar,48,0,0,1,
dbo,TIMPORTRELEVERETOURDET,,1,Caption,nvarchar,256,0,0,1,
dbo,TIMPORTRELEVERETOURDET,,2,codeDevise,nvarchar,256,0,0,1,
dbo,TIMPORTRELEVERETOURDET,,3,codePays,nvarchar,256,0,0,1,
dbo,TIMPORTRELEVERETOURDET,,4,codeSigneMontant,nvarchar,256,0,0,1,
dbo,TIMPORTRELEVERETOURDET,,5,dateComptabilisation,datetime,8,23,3,1,
dbo,TIMPORTRELEVERETOURDET,,6,dateComptaPrev,datetime,8,23,3,1,
dbo,TIMPORTRELEVERETOURDET,,7,dateCreation,datetime,8,23,3,1,
dbo,TIMPORTRELEVERETOURDET,,8,dateValeur,datetime,8,23,3,1,
dbo,TIMPORTRELEVERETOURDET,,9,domaineISO,nvarchar,256,0,0,1,
dbo,TIMPORTRELEVERETOURDET,,10,familleISO,nvarchar,256,0,0,1,
dbo,TIMPORTRELEVERETOURDET,,11,idOTP,int,4,10,0,1,
dbo,TIMPORTRELEVERETOURDET,,12,montant,money,8,19,4,1,
dbo,TIMPORTRELEVERETOURDET,,13,oid,TOID,32,0,0,0,
dbo,TIMPORTRELEVERETOURDET,,14,oidreleve,TOID,32,0,0,1,
dbo,TIMPORTRELEVERETOURDET,,15,refBanque,nvarchar,256,0,0,1,
dbo,TIMPORTRELEVERETOURDET,,16,sousFamilleISO,nvarchar,256,0,0,1,
dbo,TIMPORTRELEVERETOURDET,,17,statusISO,nvarchar,256,0,0,1,
dbo,TIMPORTRELEVERETOURDET,,18,UpdDate,datetime,8,23,3,1,
dbo,TIMPORTRELEVERETOURDET,,19,UpdStamp,char,16,0,0,1,
dbo,TIMPORTRELEVERETOURDET,,20,UpdUser,nvarchar,48,0,0,1,
dbo,TIMPORTRELEVERETOUROP,,1,Caption,nvarchar,256,0,0,1,
dbo,TIMPORTRELEVERETOUROP,,2,codeMotifRejet,nvarchar,256,0,0,1,
dbo,TIMPORTRELEVERETOUROP,,3,idOTP,int,4,10,0,1,
dbo,TIMPORTRELEVERETOUROP,,4,montantCharge,money,8,19,4,1,
dbo,TIMPORTRELEVERETOUROP,,5,montantOrigine,money,8,19,4,1,
dbo,TIMPORTRELEVERETOUROP,,6,montantTransaction,money,8,19,4,1,
dbo,TIMPORTRELEVERETOUROP,,7,motifReglement,nvarchar,512,0,0,1,
dbo,TIMPORTRELEVERETOUROP,,8,natureEco,nvarchar,256,0,0,1,
dbo,TIMPORTRELEVERETOUROP,,9,NatureEcoSEPA,nvarchar,256,0,0,1,
dbo,TIMPORTRELEVERETOUROP,,10,oid,TOID,32,0,0,0,
dbo,TIMPORTRELEVERETOUROP,,11,oiddetail,TOID,32,0,0,1,
dbo,TIMPORTRELEVERETOUROP,,12,oidtiersAlterne,TOID,32,0,0,1,
dbo,TIMPORTRELEVERETOUROP,,13,oidtiersDetail,TOID,32,0,0,1,
dbo,TIMPORTRELEVERETOUROP,,14,refBanqueOP,nvarchar,256,0,0,1,
dbo,TIMPORTRELEVERETOUROP,,15,refClientFinal,nvarchar,256,0,0,1,
dbo,TIMPORTRELEVERETOUROP,,16,refDonneurOrdre,nvarchar,256,0,0,1,
dbo,TIMPORTRELEVERETOUROP,,17,refPaiement,nvarchar,256,0,0,1,
dbo,TIMPORTRELEVERETOUROP,,18,RUM,nvarchar,256,0,0,1,
dbo,TIMPORTRELEVERETOUROP,,19,sequence,nvarchar,256,0,0,1,
dbo,TIMPORTRELEVERETOUROP,,20,UpdDate,datetime,8,23,3,1,
dbo,TIMPORTRELEVERETOUROP,,21,UpdStamp,char,16,0,0,1,
dbo,TIMPORTRELEVERETOUROP,,22,UpdUser,nvarchar,48,0,0,1,
dbo,TIMPORTRELEVETEMP,,1,banque,nvarchar,256,0,0,1,
dbo,TIMPORTRELEVETEMP,,2,Caption,nvarchar,256,0,0,1,
dbo,TIMPORTRELEVETEMP,,3,codeDevise,nvarchar,256,0,0,1,
dbo,TIMPORTRELEVETEMP,,4,codeEnregistrement,smallint,2,5,0,1,
dbo,TIMPORTRELEVETEMP,,5,codeOpInterbancaire,nvarchar,256,0,0,1,
dbo,TIMPORTRELEVETEMP,,6,codeOpInterne,nvarchar,256,0,0,1,
dbo,TIMPORTRELEVETEMP,,7,codeRejet,nvarchar,256,0,0,1,
dbo,TIMPORTRELEVETEMP,,8,compte,nvarchar,256,0,0,1,
dbo,TIMPORTRELEVETEMP,,9,dateOperation,datetime,8,23,3,1,
dbo,TIMPORTRELEVETEMP,,10,dateValeur,datetime,8,23,3,1,
dbo,TIMPORTRELEVETEMP,,11,deviseTR,nvarchar,256,0,0,1,
dbo,TIMPORTRELEVETEMP,,12,guichet,nvarchar,256,0,0,1,
dbo,TIMPORTRELEVETEMP,,13,idOTP,int,4,10,0,1,
dbo,TIMPORTRELEVETEMP,,14,indiceExo,nvarchar,256,0,0,1,
dbo,TIMPORTRELEVETEMP,,15,indiceIndisp,nvarchar,256,0,0,1,
dbo,TIMPORTRELEVETEMP,,16,libelleComplementaire,nvarchar,256,0,0,1,
dbo,TIMPORTRELEVETEMP,,17,libelleComplementaire1,nvarchar,256,0,0,1,
dbo,TIMPORTRELEVETEMP,,18,monnaieOrigine,nvarchar,256,0,0,1,
dbo,TIMPORTRELEVETEMP,,19,montantDC,nvarchar,256,0,0,1,
dbo,TIMPORTRELEVETEMP,,20,montantTR,nvarchar,256,0,0,1,
dbo,TIMPORTRELEVETEMP,,21,montant_Contrepartie,nvarchar,256,0,0,1,
dbo,TIMPORTRELEVETEMP,,22,nbDecimales,nvarchar,256,0,0,1,
dbo,TIMPORTRELEVETEMP,,23,nbDecimales_MMO,nvarchar,256,0,0,1,
dbo,TIMPORTRELEVETEMP,,24,nbDecimales_Taux,nvarchar,256,0,0,1,
dbo,TIMPORTRELEVETEMP,,25,oid,TOID,32,0,0,0,
dbo,TIMPORTRELEVETEMP,,26,reference,nvarchar,256,0,0,1,
dbo,TIMPORTRELEVETEMP,,27,suspens,bit,1,1,0,1,
dbo,TIMPORTRELEVETEMP,,28,taux_Change,nvarchar,256,0,0,1,
dbo,TIMPORTRELEVETEMP,,29,typeInfoComplementaire,nvarchar,256,0,0,1,
dbo,TIMPORTRELEVETEMP,,30,UpdDate,datetime,8,23,3,1,
dbo,TIMPORTRELEVETEMP,,31,UpdStamp,char,16,0,0,1,
dbo,TIMPORTRELEVETEMP,,32,UpdUser,nvarchar,48,0,0,1,
dbo,TIMPORTRELEVETEMP,,33,zoneReference,nvarchar,256,0,0,1,
dbo,TIMPORTREMISEBANCAIRE,,1,bordereau,nvarchar,256,0,0,1,
dbo,TIMPORTREMISEBANCAIRE,,2,Caption,nvarchar,256,0,0,1,
dbo,TIMPORTREMISEBANCAIRE,,3,codeBICEmetteur,nvarchar,256,0,0,1,
dbo,TIMPORTREMISEBANCAIRE,,4,codeCentreTraitement,nvarchar,256,0,0,1,
dbo,TIMPORTREMISEBANCAIRE,,5,codeDailly,nvarchar,256,0,0,1,
dbo,TIMPORTREMISEBANCAIRE,,6,codeDevise,nvarchar,256,0,0,1,
dbo,TIMPORTREMISEBANCAIRE,,7,codeEntree,nvarchar,256,0,0,1,
dbo,TIMPORTREMISEBANCAIRE,,8,codeService,nvarchar,256,0,0,1,
dbo,TIMPORTREMISEBANCAIRE,,9,dateCreationReleve,datetime,8,23,3,1,
dbo,TIMPORTREMISEBANCAIRE,,10,dateExecution,datetime,8,23,3,1,
dbo,TIMPORTREMISEBANCAIRE,,11,dateLimiteRetour,datetime,8,23,3,1,
dbo,TIMPORTREMISEBANCAIRE,,12,dateReglement,datetime,8,23,3,1,
dbo,TIMPORTREMISEBANCAIRE,,13,dateTerme,datetime,8,23,3,1,
dbo,TIMPORTREMISEBANCAIRE,,14,dateValeurReleve,datetime,8,23,3,1,
dbo,TIMPORTREMISEBANCAIRE,,15,estSupprimable,bit,1,1,0,1,
dbo,TIMPORTREMISEBANCAIRE,,16,estUrgent,bit,1,1,0,1,
dbo,TIMPORTREMISEBANCAIRE,,17,fichierOriginal,nvarchar,-1,0,0,1,
dbo,TIMPORTREMISEBANCAIRE,,18,fichierRemise,nvarchar,-1,0,0,1,
dbo,TIMPORTREMISEBANCAIRE,,19,idOTP,int,4,10,0,1,
dbo,TIMPORTREMISEBANCAIRE,,20,localInstrument,nvarchar,256,0,0,1,
dbo,TIMPORTREMISEBANCAIRE,,21,montant,money,8,19,4,1,
dbo,TIMPORTREMISEBANCAIRE,,22,montantCFONB,money,8,19,4,1,
dbo,TIMPORTREMISEBANCAIRE,,23,NbOfTxs,int,4,10,0,1,
dbo,TIMPORTREMISEBANCAIRE,,24,nbreDecimaleMontantCFONB,int,4,10,0,1,
dbo,TIMPORTREMISEBANCAIRE,,25,numReleve,nvarchar,256,0,0,1,
dbo,TIMPORTREMISEBANCAIRE,,26,oid,TOID,32,0,0,0,
dbo,TIMPORTREMISEBANCAIRE,,27,oidCompteBancaireEmetteur,TOID,32,0,0,1,
dbo,TIMPORTREMISEBANCAIRE,,28,oidCompteBancaireFrais,TOID,32,0,0,1,
dbo,TIMPORTREMISEBANCAIRE,,29,oidDocumentRemiseBancaire,TOID,32,0,0,1,
dbo,TIMPORTREMISEBANCAIRE,,30,oidRemiseBancaireConv,TOID,32,0,0,1,
dbo,TIMPORTREMISEBANCAIRE,,31,oidSessionImportation,TOID,32,0,0,1,
dbo,TIMPORTREMISEBANCAIRE,,32,oidSessionImportationConvRem,TOID,32,0,0,1,
dbo,TIMPORTREMISEBANCAIRE,,33,oidTiersDO,TOID,32,0,0,1,
dbo,TIMPORTREMISEBANCAIRE,,34,oidTiersEmetteur,TOID,32,0,0,1,
dbo,TIMPORTREMISEBANCAIRE,,35,oidTiersPayeur,TOID,32,0,0,1,
dbo,TIMPORTREMISEBANCAIRE,,36,reference,nvarchar,256,0,0,1,
dbo,TIMPORTREMISEBANCAIRE,,37,sequenceTypeSDD,nvarchar,256,0,0,1,
dbo,TIMPORTREMISEBANCAIRE,,38,typeFinancementVCOM,nvarchar,256,0,0,1,
dbo,TIMPORTREMISEBANCAIRE,,39,typeRemiseDateDevise,nvarchar,256,0,0,1,
dbo,TIMPORTREMISEBANCAIRE,,40,UpdDate,datetime,8,23,3,1,
dbo,TIMPORTREMISEBANCAIRE,,41,UpdStamp,char,16,0,0,1,
dbo,TIMPORTREMISEBANCAIRE,,42,UpdUser,nvarchar,48,0,0,1,
dbo,TIMPORTREMISEBANCAIRECONV,,1,Caption,nvarchar,256,0,0,1,
dbo,TIMPORTREMISEBANCAIRECONV,,2,codeDeviseVirement,nvarchar,256,0,0,1,
dbo,TIMPORTREMISEBANCAIRECONV,,3,codeEnregistrement_03,nvarchar,256,0,0,1,
dbo,TIMPORTREMISEBANCAIRECONV,,4,codeEnregistrement_08,nvarchar,256,0,0,1,
dbo,TIMPORTREMISEBANCAIRECONV,,5,codeOperation_03,nvarchar,256,0,0,1,
dbo,TIMPORTREMISEBANCAIRECONV,,6,codeOperation_08,nvarchar,256,0,0,1,
dbo,TIMPORTREMISEBANCAIRECONV,,7,codeService,nvarchar,256,0,0,1,
dbo,TIMPORTREMISEBANCAIRECONV,,8,compteurTxs,int,4,10,0,1,
dbo,TIMPORTREMISEBANCAIRECONV,,9,estUrgent,nvarchar,256,0,0,1,
dbo,TIMPORTREMISEBANCAIRECONV,,10,idOTP,int,4,10,0,1,
dbo,TIMPORTREMISEBANCAIRECONV,,11,indiceTypeDebitRemise,nvarchar,256,0,0,1,
dbo,TIMPORTREMISEBANCAIRECONV,,12,numeroEmetteur,nvarchar,256,0,0,1,
dbo,TIMPORTREMISEBANCAIRECONV,,13,numeroSequentiel_03,nvarchar,256,0,0,1,
dbo,TIMPORTREMISEBANCAIRECONV,,14,numeroSequentiel_08,nvarchar,256,0,0,1,
dbo,TIMPORTREMISEBANCAIRECONV,,15,oid,TOID,32,0,0,0,
dbo,TIMPORTREMISEBANCAIRECONV,,16,qualifiantDate,nvarchar,256,0,0,1,
dbo,TIMPORTREMISEBANCAIRECONV,,17,UpdDate,datetime,8,23,3,1,
dbo,TIMPORTREMISEBANCAIRECONV,,18,UpdStamp,char,16,0,0,1,
dbo,TIMPORTREMISEBANCAIRECONV,,19,UpdUser,nvarchar,48,0,0,1,
dbo,TIMPORTROLETIERS,,1,Caption,nvarchar,256,0,0,1,
dbo,TIMPORTROLETIERS,,2,CategorieCommercialTiers,nvarchar,256,0,0,1,
dbo,TIMPORTROLETIERS,,3,CategorieComptaTiers,nvarchar,256,0,0,1,
dbo,TIMPORTROLETIERS,,4,CategorieEditionCommercial,nvarchar,256,0,0,1,
dbo,TIMPORTROLETIERS,,5,categorieEscompteReglement,nvarchar,256,0,0,1,
dbo,TIMPORTROLETIERS,,6,categorieRemiseTiers,nvarchar,256,0,0,1,
dbo,TIMPORTROLETIERS,,7,CategPrixTiers,nvarchar,256,0,0,1,
dbo,TIMPORTROLETIERS,,8,ClassifStatCommerciale,nvarchar,256,0,0,1,
dbo,TIMPORTROLETIERS,,9,code,nvarchar,256,0,0,1,
dbo,TIMPORTROLETIERS,,10,codeBarre,nvarchar,256,0,0,1,
dbo,TIMPORTROLETIERS,,11,commentaire,nvarchar,-1,0,0,1,
dbo,TIMPORTROLETIERS,,12,ConditionReglementReleve,nvarchar,256,0,0,1,
dbo,TIMPORTROLETIERS,,13,dateFacturation,smallint,2,5,0,1,
dbo,TIMPORTROLETIERS,,14,decouvertLimite,money,8,19,4,1,
dbo,TIMPORTROLETIERS,,15,devise,nvarchar,256,0,0,1,
dbo,TIMPORTROLETIERS,,16,Escompte,float,8,53,0,1,
dbo,TIMPORTROLETIERS,,17,Escompte_Decimales,int,4,10,0,1,
dbo,TIMPORTROLETIERS,,18,GroupeFacturation,nvarchar,256,0,0,1,
dbo,TIMPORTROLETIERS,,19,GroupeRelance,nvarchar,256,0,0,1,
dbo,TIMPORTROLETIERS,,20,idOTP,int,4,10,0,1,
dbo,TIMPORTROLETIERS,,21,Incoterms,nvarchar,256,0,0,1,
dbo,TIMPORTROLETIERS,,22,ModeReglementReleve,nvarchar,256,0,0,1,
dbo,TIMPORTROLETIERS,,23,montantFrancoDePort,money,8,19,4,1,
dbo,TIMPORTROLETIERS,,24,oid,TOID,32,0,0,0,
dbo,TIMPORTROLETIERS,,25,ParametreReleve,nvarchar,256,0,0,1,
dbo,TIMPORTROLETIERS,,26,PeriodiciteFacturation,nvarchar,256,0,0,1,
dbo,TIMPORTROLETIERS,,27,pourcentageAcompte,float,8,53,0,1,
dbo,TIMPORTROLETIERS,,28,pourcentageAcompte_Decimales,int,4,10,0,1,
dbo,TIMPORTROLETIERS,,29,regroupFacture,smallint,2,5,0,1,
dbo,TIMPORTROLETIERS,,30,SecteurCommercialTiers,nvarchar,256,0,0,1,
dbo,TIMPORTROLETIERS,,31,UpdDate,datetime,8,23,3,1,
dbo,TIMPORTROLETIERS,,32,UpdStamp,char,16,0,0,1,
dbo,TIMPORTROLETIERS,,33,UpdUser,nvarchar,48,0,0,1,
dbo,TIMPORTROLETIERS,,34,clientClassification,nvarchar,256,0,0,1,
dbo,TIMPORTROLETIERS,,35,clientFacture,nvarchar,256,0,0,1,
dbo,TIMPORTROLETIERS,,36,clientPayeur,nvarchar,256,0,0,1,
dbo,TIMPORTROLETIERS,,37,commercial,nvarchar,256,0,0,1,
dbo,TIMPORTROLETIERS,,38,prioriteLivraison,smallint,2,5,0,1,
dbo,TIMPORTROLETIERS,,39,typeFacturation,smallint,2,5,0,1,
dbo,TIMPORTROLETIERS,,40,acheteur,nvarchar,256,0,0,1,
dbo,TIMPORTROLETIERS,,41,fournisseurAPayer,nvarchar,256,0,0,1,
dbo,TIMPORTROLETIERS,,42,fournisseurClassification,nvarchar,256,0,0,1,
dbo,TIMPORTROLETIERS,,43,fournisseurFacturant,nvarchar,256,0,0,1,
dbo,TIMPORTROLETIERS,,44,regimeFournisseur,smallint,2,5,0,1,
dbo,TIMPORTSECTIONSDESTINATIONS,,1,AxeAnalytique,nvarchar,256,0,0,1,
dbo,TIMPORTSECTIONSDESTINATIONS,,2,Caption,nvarchar,256,0,0,1,
dbo,TIMPORTSECTIONSDESTINATIONS,,3,CodeCentre1,nvarchar,256,0,0,1,
dbo,TIMPORTSECTIONSDESTINATIONS,,4,CodeCentre2,nvarchar,256,0,0,1,
dbo,TIMPORTSECTIONSDESTINATIONS,,5,CodeCentre3,nvarchar,256,0,0,1,
dbo,TIMPORTSECTIONSDESTINATIONS,,6,CodeCentre4,nvarchar,256,0,0,1,
dbo,TIMPORTSECTIONSDESTINATIONS,,7,CodeCentre5,nvarchar,256,0,0,1,
dbo,TIMPORTSECTIONSDESTINATIONS,,8,CodeCentre6,nvarchar,256,0,0,1,
dbo,TIMPORTSECTIONSDESTINATIONS,,9,CodeCentre7,nvarchar,256,0,0,1,
dbo,TIMPORTSECTIONSDESTINATIONS,,10,CodeCentre8,nvarchar,256,0,0,1,
dbo,TIMPORTSECTIONSDESTINATIONS,,11,CodeNatureFlux,nvarchar,256,0,0,1,
dbo,TIMPORTSECTIONSDESTINATIONS,,12,CodeSection,nvarchar,256,0,0,1,
dbo,TIMPORTSECTIONSDESTINATIONS,,13,CodeUniteCentre1,nvarchar,256,0,0,1,
dbo,TIMPORTSECTIONSDESTINATIONS,,14,CodeUniteCentre2,nvarchar,256,0,0,1,
dbo,TIMPORTSECTIONSDESTINATIONS,,15,CodeUniteCentre3,nvarchar,256,0,0,1,
dbo,TIMPORTSECTIONSDESTINATIONS,,16,CodeUniteCentre4,nvarchar,256,0,0,1,
dbo,TIMPORTSECTIONSDESTINATIONS,,17,CodeUniteCentre5,nvarchar,256,0,0,1,
dbo,TIMPORTSECTIONSDESTINATIONS,,18,CodeUniteCentre6,nvarchar,256,0,0,1,
dbo,TIMPORTSECTIONSDESTINATIONS,,19,CodeUniteCentre7,nvarchar,256,0,0,1,
dbo,TIMPORTSECTIONSDESTINATIONS,,20,CodeUniteCentre8,nvarchar,256,0,0,1,
dbo,TIMPORTSECTIONSDESTINATIONS,,21,CodeUniteNatureFlux,nvarchar,256,0,0,1,
dbo,TIMPORTSECTIONSDESTINATIONS,,22,DateFermeture,datetime,8,23,3,1,
dbo,TIMPORTSECTIONSDESTINATIONS,,23,DateOuverture,datetime,8,23,3,1,
dbo,TIMPORTSECTIONSDESTINATIONS,,24,DecimalesUniteCentre1,int,4,10,0,1,
dbo,TIMPORTSECTIONSDESTINATIONS,,25,DecimalesUniteCentre2,int,4,10,0,1,
dbo,TIMPORTSECTIONSDESTINATIONS,,26,DecimalesUniteCentre3,int,4,10,0,1,
dbo,TIMPORTSECTIONSDESTINATIONS,,27,DecimalesUniteCentre4,int,4,10,0,1,
dbo,TIMPORTSECTIONSDESTINATIONS,,28,DecimalesUniteCentre5,int,4,10,0,1,
dbo,TIMPORTSECTIONSDESTINATIONS,,29,DecimalesUniteCentre6,int,4,10,0,1,
dbo,TIMPORTSECTIONSDESTINATIONS,,30,DecimalesUniteCentre7,int,4,10,0,1,
dbo,TIMPORTSECTIONSDESTINATIONS,,31,DecimalesUniteCentre8,int,4,10,0,1,
dbo,TIMPORTSECTIONSDESTINATIONS,,32,DecimalesUniteNatureFlux,int,4,10,0,1,
dbo,TIMPORTSECTIONSDESTINATIONS,,33,idOTP,int,4,10,0,1,
dbo,TIMPORTSECTIONSDESTINATIONS,,34,LibelleCentre1,nvarchar,256,0,0,1,
dbo,TIMPORTSECTIONSDESTINATIONS,,35,LibelleCentre2,nvarchar,256,0,0,1,
dbo,TIMPORTSECTIONSDESTINATIONS,,36,LibelleCentre3,nvarchar,256,0,0,1,
dbo,TIMPORTSECTIONSDESTINATIONS,,37,LibelleCentre4,nvarchar,256,0,0,1,
dbo,TIMPORTSECTIONSDESTINATIONS,,38,LibelleCentre5,nvarchar,256,0,0,1,
dbo,TIMPORTSECTIONSDESTINATIONS,,39,LibelleCentre6,nvarchar,256,0,0,1,
dbo,TIMPORTSECTIONSDESTINATIONS,,40,LibelleCentre7,nvarchar,256,0,0,1,
dbo,TIMPORTSECTIONSDESTINATIONS,,41,LibelleCentre8,nvarchar,256,0,0,1,
dbo,TIMPORTSECTIONSDESTINATIONS,,42,LibelleNatureFlux,nvarchar,256,0,0,1,
dbo,TIMPORTSECTIONSDESTINATIONS,,43,LibelleSection,nvarchar,256,0,0,1,
dbo,TIMPORTSECTIONSDESTINATIONS,,44,LibelleUniteCentre1,nvarchar,256,0,0,1,
dbo,TIMPORTSECTIONSDESTINATIONS,,45,LibelleUniteCentre2,nvarchar,256,0,0,1,
dbo,TIMPORTSECTIONSDESTINATIONS,,46,LibelleUniteCentre3,nvarchar,256,0,0,1,
dbo,TIMPORTSECTIONSDESTINATIONS,,47,LibelleUniteCentre4,nvarchar,256,0,0,1,
dbo,TIMPORTSECTIONSDESTINATIONS,,48,LibelleUniteCentre5,nvarchar,256,0,0,1,
dbo,TIMPORTSECTIONSDESTINATIONS,,49,LibelleUniteCentre6,nvarchar,256,0,0,1,
dbo,TIMPORTSECTIONSDESTINATIONS,,50,LibelleUniteCentre7,nvarchar,256,0,0,1,
dbo,TIMPORTSECTIONSDESTINATIONS,,51,LibelleUniteCentre8,nvarchar,256,0,0,1,
dbo,TIMPORTSECTIONSDESTINATIONS,,52,LibelleUniteNatureFlux,nvarchar,256,0,0,1,
dbo,TIMPORTSECTIONSDESTINATIONS,,53,oid,TOID,32,0,0,0,
dbo,TIMPORTSECTIONSDESTINATIONS,,54,SensMontantDebitNatureFlux,nvarchar,256,0,0,1,
dbo,TIMPORTSECTIONSDESTINATIONS,,55,SymboleUniteCentre1,nvarchar,256,0,0,1,
dbo,TIMPORTSECTIONSDESTINATIONS,,56,SymboleUniteCentre2,nvarchar,256,0,0,1,
dbo,TIMPORTSECTIONSDESTINATIONS,,57,SymboleUniteCentre3,nvarchar,256,0,0,1,
dbo,TIMPORTSECTIONSDESTINATIONS,,58,SymboleUniteCentre4,nvarchar,256,0,0,1,
dbo,TIMPORTSECTIONSDESTINATIONS,,59,SymboleUniteCentre5,nvarchar,256,0,0,1,
dbo,TIMPORTSECTIONSDESTINATIONS,,60,SymboleUniteCentre6,nvarchar,256,0,0,1,
dbo,TIMPORTSECTIONSDESTINATIONS,,61,SymboleUniteCentre7,nvarchar,256,0,0,1,
dbo,TIMPORTSECTIONSDESTINATIONS,,62,SymboleUniteCentre8,nvarchar,256,0,0,1,
dbo,TIMPORTSECTIONSDESTINATIONS,,63,SymboleUniteNatureFlux,nvarchar,256,0,0,1,
dbo,TIMPORTSECTIONSDESTINATIONS,,64,TypeNature,nvarchar,256,0,0,1,
dbo,TIMPORTSECTIONSDESTINATIONS,,65,UpdDate,datetime,8,23,3,1,
dbo,TIMPORTSECTIONSDESTINATIONS,,66,UpdStamp,char,16,0,0,1,
dbo,TIMPORTSECTIONSDESTINATIONS,,67,UpdUser,nvarchar,48,0,0,1,
dbo,TIMPORTSITEADRESSE,,1,Caption,nvarchar,256,0,0,1,
dbo,TIMPORTSITEADRESSE,,2,cedex,nvarchar,256,0,0,1,
dbo,TIMPORTSITEADRESSE,,3,codePostal,nvarchar,256,0,0,1,
dbo,TIMPORTSITEADRESSE,,4,codeSite,nvarchar,256,0,0,1,
dbo,TIMPORTSITEADRESSE,,5,complementAdresse,nvarchar,256,0,0,1,
dbo,TIMPORTSITEADRESSE,,6,conditionTransportTiers,nvarchar,256,0,0,1,
dbo,TIMPORTSITEADRESSE,,7,depotPrivilegie,nvarchar,256,0,0,1,
dbo,TIMPORTSITEADRESSE,,8,eMail,nvarchar,510,0,0,1,
dbo,TIMPORTSITEADRESSE,,9,estAdministratif,bit,1,1,0,1,
dbo,TIMPORTSITEADRESSE,,10,estLivraison,bit,1,1,0,1,
dbo,TIMPORTSITEADRESSE,,11,idOTP,int,4,10,0,1,
dbo,TIMPORTSITEADRESSE,,12,indicationDistribution,nvarchar,256,0,0,1,
dbo,TIMPORTSITEADRESSE,,13,langue,nvarchar,256,0,0,1,
dbo,TIMPORTSITEADRESSE,,14,libelleSite,nvarchar,256,0,0,1,
dbo,TIMPORTSITEADRESSE,,15,nomRueVoie,nvarchar,256,0,0,1,
dbo,TIMPORTSITEADRESSE,,16,oid,TOID,32,0,0,0,
dbo,TIMPORTSITEADRESSE,,17,paysAdresse,nvarchar,256,0,0,1,
dbo,TIMPORTSITEADRESSE,,18,regroupementLivraison,smallint,2,5,0,1,
dbo,TIMPORTSITEADRESSE,,19,siteInternet,nvarchar,256,0,0,1,
dbo,TIMPORTSITEADRESSE,,20,telecopie,nvarchar,256,0,0,1,
dbo,TIMPORTSITEADRESSE,,21,telephone1,nvarchar,256,0,0,1,
dbo,TIMPORTSITEADRESSE,,22,telephone2,nvarchar,256,0,0,1,
dbo,TIMPORTSITEADRESSE,,23,territorialiteTaxe,nvarchar,256,0,0,1,
dbo,TIMPORTSITEADRESSE,,24,UpdDate,datetime,8,23,3,1,
dbo,TIMPORTSITEADRESSE,,25,UpdStamp,char,16,0,0,1,
dbo,TIMPORTSITEADRESSE,,26,UpdUser,nvarchar,48,0,0,1,
dbo,TIMPORTSITEADRESSE,,27,ville,nvarchar,256,0,0,1,
dbo,TIMPORTSITEADRESSE,,28,zoneGeographique,nvarchar,256,0,0,1,
dbo,TIMPORTSOLDEOLD,,1,asDate,datetime,8,23,3,1,
dbo,TIMPORTSOLDEOLD,,2,asMontant,money,8,19,4,1,
dbo,TIMPORTSOLDEOLD,,3,asMontantSoldeEBCDIC,nvarchar,256,0,0,1,
dbo,TIMPORTSOLDEOLD,,4,Caption,nvarchar,256,0,0,1,
dbo,TIMPORTSOLDEOLD,,5,codeDevise,nvarchar,256,0,0,1,
dbo,TIMPORTSOLDEOLD,,6,codeEtablissement,nvarchar,256,0,0,1,
dbo,TIMPORTSOLDEOLD,,7,codeGuichet,nvarchar,256,0,0,1,
dbo,TIMPORTSOLDEOLD,,8,dateReception,datetime,8,23,3,1,
dbo,TIMPORTSOLDEOLD,,9,empreinte,nvarchar,256,0,0,1,
dbo,TIMPORTSOLDEOLD,,10,idOTP,int,4,10,0,1,
dbo,TIMPORTSOLDEOLD,,11,nbDecimalAsMontantEBCDIC,int,4,10,0,1,
dbo,TIMPORTSOLDEOLD,,12,nbDecimalNsMontantEBCDIC,int,4,10,0,1,
dbo,TIMPORTSOLDEOLD,,13,nsDate,datetime,8,23,3,1,
dbo,TIMPORTSOLDEOLD,,14,nsMontant,money,8,19,4,1,
dbo,TIMPORTSOLDEOLD,,15,nsMontantSoldeEBCDIC,nvarchar,256,0,0,1,
dbo,TIMPORTSOLDEOLD,,16,numeroCompte,nvarchar,256,0,0,1,
dbo,TIMPORTSOLDEOLD,,17,oid,TOID,32,0,0,0,
dbo,TIMPORTSOLDEOLD,,18,referenceImport,nvarchar,256,0,0,1,
dbo,TIMPORTSOLDEOLD,,19,UpdDate,datetime,8,23,3,1,
dbo,TIMPORTSOLDEOLD,,20,UpdStamp,char,16,0,0,1,
dbo,TIMPORTSOLDEOLD,,21,UpdUser,nvarchar,48,0,0,1,
dbo,TIMPORTTIERS,,1,activite,nvarchar,256,0,0,1,
dbo,TIMPORTTIERS,,2,assujettiTVA,smallint,2,5,0,1,
dbo,TIMPORTTIERS,,3,BlocageReglement,bit,1,1,0,1,
dbo,TIMPORTTIERS,,4,capital,money,8,19,4,1,
dbo,TIMPORTTIERS,,5,capital_CodeDevise,nvarchar,6,0,0,1,
dbo,TIMPORTTIERS,,6,Caption,nvarchar,256,0,0,1,
dbo,TIMPORTTIERS,,7,code,nvarchar,510,0,0,1,
dbo,TIMPORTTIERS,,8,codeAPE,nvarchar,256,0,0,1,
dbo,TIMPORTTIERS,,9,codeSiret,nvarchar,256,0,0,1,
dbo,TIMPORTTIERS,,10,commentaire,nvarchar,-1,0,0,1,
dbo,TIMPORTTIERS,,11,dateCreation,datetime,8,23,3,1,
dbo,TIMPORTTIERS,,12,echeancementDec,nvarchar,256,0,0,1,
dbo,TIMPORTTIERS,,13,echeancementEnc,nvarchar,256,0,0,1,
dbo,TIMPORTTIERS,,14,effectif,int,4,10,0,1,
dbo,TIMPORTTIERS,,15,email,nvarchar,510,0,0,1,
dbo,TIMPORTTIERS,,16,estClient,bit,1,1,0,1,
dbo,TIMPORTTIERS,,17,estFournisseur,bit,1,1,0,1,
dbo,TIMPORTTIERS,,18,estIntraGroupe,bit,1,1,0,1,
dbo,TIMPORTTIERS,,19,estSalarie,bit,1,1,0,1,
dbo,TIMPORTTIERS,,20,estTiersdivers,bit,1,1,0,1,
dbo,TIMPORTTIERS,,21,formeJuridique,nvarchar,256,0,0,1,
dbo,TIMPORTTIERS,,22,identifiantSEPA,nvarchar,256,0,0,1,
dbo,TIMPORTTIERS,,23,idOTP,int,4,10,0,1,
dbo,TIMPORTTIERS,,24,immatriculationRegistre,nvarchar,256,0,0,1,
dbo,TIMPORTTIERS,,25,importParCode,bit,1,1,0,1,
dbo,TIMPORTTIERS,,26,libelleTiers,nvarchar,256,0,0,1,
dbo,TIMPORTTIERS,,27,modeReglementDec,nvarchar,256,0,0,1,
dbo,TIMPORTTIERS,,28,modeReglementEnc,nvarchar,256,0,0,1,
dbo,TIMPORTTIERS,,29,nom,nvarchar,510,0,0,1,
dbo,TIMPORTTIERS,,30,numeroCofaceSCRL,nvarchar,256,0,0,1,
dbo,TIMPORTTIERS,,31,numeroTVACEE,nvarchar,256,0,0,1,
dbo,TIMPORTTIERS,,32,oid,TOID,32,0,0,0,
dbo,TIMPORTTIERS,,33,oidImportClient,TOID,32,0,0,1,
dbo,TIMPORTTIERS,,34,oidImportCompteBancaire,TOID,32,0,0,1,
dbo,TIMPORTTIERS,,35,oidImportFournisseur,TOID,32,0,0,1,
dbo,TIMPORTTIERS,,36,oidImportInterlocuteur,TOID,32,0,0,1,
dbo,TIMPORTTIERS,,37,oidImportSalarie,TOID,32,0,0,1,
dbo,TIMPORTTIERS,,38,oidImportSiteAdresse,TOID,32,0,0,1,
dbo,TIMPORTTIERS,,39,oidImportTiersDivers,TOID,32,0,0,1,
dbo,TIMPORTTIERS,,40,oidSessionImportation,TOID,32,0,0,1,
dbo,TIMPORTTIERS,,41,pays,nvarchar,256,0,0,1,
dbo,TIMPORTTIERS,,42,prenom,nvarchar,256,0,0,1,
dbo,TIMPORTTIERS,,43,raisonSociale,nvarchar,510,0,0,1,
dbo,TIMPORTTIERS,,44,regularitePaiement,nvarchar,256,0,0,1,
dbo,TIMPORTTIERS,,45,typeAcceptation,smallint,2,5,0,1,
dbo,TIMPORTTIERS,,46,typePersonne,smallint,2,5,0,1,
dbo,TIMPORTTIERS,,47,UpdDate,datetime,8,23,3,1,
dbo,TIMPORTTIERS,,48,UpdStamp,char,16,0,0,1,
dbo,TIMPORTTIERS,,49,UpdUser,nvarchar,48,0,0,1,
dbo,TIMPORTTIERS,,50,codePostal,nvarchar,256,0,0,1,
dbo,TIMPORTTIERS,,51,complementAdresse,nvarchar,256,0,0,1,
dbo,TIMPORTTIERS,,52,emailInterlocuteur,nvarchar,256,0,0,1,
dbo,TIMPORTTIERS,,53,idTiers,nvarchar,256,0,0,1,
dbo,TIMPORTTIERS,,54,mobileInterlocuteur,nvarchar,256,0,0,1,
dbo,TIMPORTTIERS,,55,nomInterlocuteur,nvarchar,256,0,0,1,
dbo,TIMPORTTIERS,,56,paysAdresse,nvarchar,256,0,0,1,
dbo,TIMPORTTIERS,,57,rue,nvarchar,256,0,0,1,
dbo,TIMPORTTIERS,,58,territorialiteAdresse,nvarchar,256,0,0,1,
dbo,TIMPORTTIERS,,59,ville,nvarchar,256,0,0,1,
dbo,TIMPORTTIERSPAYEORDREPAIEMENT,,1,Caption,nvarchar,256,0,0,1,
dbo,TIMPORTTIERSPAYEORDREPAIEMENT,,2,idOTP,int,4,10,0,1,
dbo,TIMPORTTIERSPAYEORDREPAIEMENT,,3,oid,TOID,32,0,0,0,
dbo,TIMPORTTIERSPAYEORDREPAIEMENT,,4,oidImportRemiseBancaire,TOID,32,0,0,1,
dbo,TIMPORTTIERSPAYEORDREPAIEMENT,,5,oidTiersBeneficiaire,TOID,32,0,0,1,
dbo,TIMPORTTIERSPAYEORDREPAIEMENT,,6,oidTiersPaye,TOID,32,0,0,1,
dbo,TIMPORTTIERSPAYEORDREPAIEMENT,,7,UpdDate,datetime,8,23,3,1,
dbo,TIMPORTTIERSPAYEORDREPAIEMENT,,8,UpdStamp,char,16,0,0,1,
dbo,TIMPORTTIERSPAYEORDREPAIEMENT,,9,UpdUser,nvarchar,48,0,0,1,
dbo,TIMPORTVENTILATIONUO,,1,Caption,nvarchar,256,0,0,1,
dbo,TIMPORTVENTILATIONUO,,2,code,nvarchar,256,0,0,1,
dbo,TIMPORTVENTILATIONUO,,3,codeSchemaAmo,nvarchar,256,0,0,1,
dbo,TIMPORTVENTILATIONUO,,4,cumulRealise,float,8,53,0,1,
dbo,TIMPORTVENTILATIONUO,,5,cumulRealise_Decimales,int,4,10,0,1,
dbo,TIMPORTVENTILATIONUO,,6,duree,int,4,10,0,1,
dbo,TIMPORTVENTILATIONUO,,7,idOTP,int,4,10,0,1,
dbo,TIMPORTVENTILATIONUO,,8,oid,TOID,32,0,0,0,
dbo,TIMPORTVENTILATIONUO,,9,oidImportBienComptable,TOID,32,0,0,1,
dbo,TIMPORTVENTILATIONUO,,10,realiseExercice,float,8,53,0,1,
dbo,TIMPORTVENTILATIONUO,,11,realiseExercice_Decimales,int,4,10,0,1,
dbo,TIMPORTVENTILATIONUO,,12,uniteParExercice,float,8,53,0,1,
dbo,TIMPORTVENTILATIONUO,,13,uniteParExercice_Decimales,int,4,10,0,1,
dbo,TIMPORTVENTILATIONUO,,14,uniteTotale,float,8,53,0,1,
dbo,TIMPORTVENTILATIONUO,,15,uniteTotale_Decimales,int,4,10,0,1,
dbo,TIMPORTVENTILATIONUO,,16,UpdDate,datetime,8,23,3,1,
dbo,TIMPORTVENTILATIONUO,,17,UpdStamp,char,16,0,0,1,
dbo,TIMPORTVENTILATIONUO,,18,UpdUser,nvarchar,48,0,0,1,
dbo,TINCIDENT,,1,actifLivraison,bit,1,1,0,1,
dbo,TINCIDENT,,2,actifVente,bit,1,1,0,1,
dbo,TINCIDENT,,3,Caption,nvarchar,256,0,0,1,
dbo,TINCIDENT,,4,Commentaire,nvarchar,-1,0,0,1,
dbo,TINCIDENT,,5,dateDebut,datetime,8,23,3,1,
dbo,TINCIDENT,,6,dateFin,datetime,8,23,3,1,
dbo,TINCIDENT,,7,dateTraitement,datetime,8,23,3,1,
dbo,TINCIDENT,,8,idOTP,int,4,10,0,1,
dbo,TINCIDENT,,9,montant,money,8,19,4,1,
dbo,TINCIDENT,,10,montant_CodeDevise,nvarchar,6,0,0,1,
dbo,TINCIDENT,,11,natureIncident,smallint,2,5,0,1,
dbo,TINCIDENT,,12,nombreRetard,int,4,10,0,1,
dbo,TINCIDENT,,13,noTraitement,int,4,10,0,1,
dbo,TINCIDENT,,14,oid,TOID,32,0,0,0,
dbo,TINCIDENT,,15,oidTiers,TOID,32,0,0,1,
dbo,TINCIDENT,,16,termine,bit,1,1,0,1,
dbo,TINCIDENT,,17,UpdDate,datetime,8,23,3,1,
dbo,TINCIDENT,,18,UpdStamp,char,16,0,0,1,
dbo,TINCIDENT,,19,UpdUser,nvarchar,48,0,0,1,
dbo,TINCIDENTVALIDATION,,1,Caption,nvarchar,256,0,0,1,
dbo,TINCIDENTVALIDATION,,2,commentaire,nvarchar,-1,0,0,1,
dbo,TINCIDENTVALIDATION,,3,dateDebut,datetime,8,23,3,1,
dbo,TINCIDENTVALIDATION,,4,dateFin,datetime,8,23,3,1,
dbo,TINCIDENTVALIDATION,,5,idOTP,int,4,10,0,1,
dbo,TINCIDENTVALIDATION,,6,oid,TOID,32,0,0,0,
dbo,TINCIDENTVALIDATION,,7,oidContact,TOID,32,0,0,1,
dbo,TINCIDENTVALIDATION,,8,termine,bit,1,1,0,1,
dbo,TINCIDENTVALIDATION,,9,UpdDate,datetime,8,23,3,1,
dbo,TINCIDENTVALIDATION,,10,UpdStamp,char,16,0,0,1,
dbo,TINCIDENTVALIDATION,,11,UpdUser,nvarchar,48,0,0,1,
dbo,TINCIDENTVALIDATION,,12,incidentActif,int,4,10,0,1,
dbo,TINCIDENTVALIDATION,,13,oidRemiseBancaire,TOID,32,0,0,1,
dbo,TINCOTERMS,,1,assurance,smallint,2,5,0,1,
dbo,TINCOTERMS,,2,autre,smallint,2,5,0,1,
dbo,TINCOTERMS,,3,Caption,nvarchar,256,0,0,1,
dbo,TINCOTERMS,,4,chargement,smallint,2,5,0,1,
dbo,TINCOTERMS,,5,chargementTransport,smallint,2,5,0,1,
dbo,TINCOTERMS,,6,code,nvarchar,256,0,0,1,
dbo,TINCOTERMS,,7,commentaire,nvarchar,-1,0,0,1,
dbo,TINCOTERMS,,8,commission,smallint,2,5,0,1,
dbo,TINCOTERMS,,9,dechargement,smallint,2,5,0,1,
dbo,TINCOTERMS,,10,dechargementTransport,smallint,2,5,0,1,
dbo,TINCOTERMS,,11,emballage,smallint,2,5,0,1,
dbo,TINCOTERMS,,12,formaliteExport,smallint,2,5,0,1,
dbo,TINCOTERMS,,13,formaliteImport,smallint,2,5,0,1,
dbo,TINCOTERMS,,14,idOTP,int,4,10,0,1,
dbo,TINCOTERMS,,15,oid,TOID,32,0,0,0,
dbo,TINCOTERMS,,16,postAcheminement,smallint,2,5,0,1,
dbo,TINCOTERMS,,17,preAcheminement,smallint,2,5,0,1,
dbo,TINCOTERMS,,18,transportPrincipal,smallint,2,5,0,1,
dbo,TINCOTERMS,,19,UpdDate,datetime,8,23,3,1,
dbo,TINCOTERMS,,20,UpdStamp,char,16,0,0,1,
dbo,TINCOTERMS,,21,UpdUser,nvarchar,48,0,0,1,
dbo,TINDEMNITESROLETIERS,,1,Caption,nvarchar,256,0,0,1,
dbo,TINDEMNITESROLETIERS,,2,idOTP,int,4,10,0,1,
dbo,TINDEMNITESROLETIERS,,3,oid,TOID,32,0,0,0,
dbo,TINDEMNITESROLETIERS,,4,oidAffectationIndemnite,TOID,32,0,0,1,
dbo,TINDEMNITESROLETIERS,,5,oidRoleTiersRemuneration,TOID,32,0,0,1,
dbo,TINDEMNITESROLETIERS,,6,UpdDate,datetime,8,23,3,1,
dbo,TINDEMNITESROLETIERS,,7,UpdStamp,char,16,0,0,1,
dbo,TINDEMNITESROLETIERS,,8,UpdUser,nvarchar,48,0,0,1,
dbo,TINITIALISATIONBUDGET,,1,axesExploitation,bit,1,1,0,1,
dbo,TINITIALISATIONBUDGET,,2,axeTresorerie,bit,1,1,0,1,
dbo,TINITIALISATIONBUDGET,,3,budgetsExercice,bit,1,1,0,1,
dbo,TINITIALISATIONBUDGET,,4,Caption,nvarchar,256,0,0,1,
dbo,TINITIALISATIONBUDGET,,5,dimensions,bit,1,1,0,1,
dbo,TINITIALISATIONBUDGET,,6,exercices,bit,1,1,0,1,
dbo,TINITIALISATIONBUDGET,,7,hypotheses,bit,1,1,0,1,
dbo,TINITIALISATIONBUDGET,,8,idOTP,int,4,10,0,1,
dbo,TINITIALISATIONBUDGET,,9,loiDecalage,bit,1,1,0,1,
dbo,TINITIALISATIONBUDGET,,10,loiRepartition,bit,1,1,0,1,
dbo,TINITIALISATIONBUDGET,,11,naturesExploitation,bit,1,1,0,1,
dbo,TINITIALISATIONBUDGET,,12,naturesTresorerie,bit,1,1,0,1,
dbo,TINITIALISATIONBUDGET,,13,oid,TOID,32,0,0,0,
dbo,TINITIALISATIONBUDGET,,14,parametragesImport,bit,1,1,0,1,
dbo,TINITIALISATIONBUDGET,,15,perimetres,bit,1,1,0,1,
dbo,TINITIALISATIONBUDGET,,16,plansExploitation,bit,1,1,0,1,
dbo,TINITIALISATIONBUDGET,,17,plansTresorerie,bit,1,1,0,1,
dbo,TINITIALISATIONBUDGET,,18,postesExploitation,bit,1,1,0,1,
dbo,TINITIALISATIONBUDGET,,19,postesTresorerie,bit,1,1,0,1,
dbo,TINITIALISATIONBUDGET,,20,postesTresorerieTVA,bit,1,1,0,1,
dbo,TINITIALISATIONBUDGET,,21,rubriques,bit,1,1,0,1,
dbo,TINITIALISATIONBUDGET,,22,typeSaisie,smallint,2,5,0,1,
dbo,TINITIALISATIONBUDGET,,23,UpdDate,datetime,8,23,3,1,
dbo,TINITIALISATIONBUDGET,,24,UpdStamp,char,16,0,0,1,
dbo,TINITIALISATIONBUDGET,,25,UpdUser,nvarchar,48,0,0,1,
dbo,TINITIALISATIONBUDGET,,26,ventilations,bit,1,1,0,1,
dbo,TINITIALISATIONMP,,1,Caption,nvarchar,256,0,0,1,
dbo,TINITIALISATIONMP,,2,idOTP,int,4,10,0,1,
dbo,TINITIALISATIONMP,,3,oid,TOID,32,0,0,0,
dbo,TINITIALISATIONMP,,4,UpdDate,datetime,8,23,3,1,
dbo,TINITIALISATIONMP,,5,UpdStamp,char,16,0,0,1,
dbo,TINITIALISATIONMP,,6,UpdUser,nvarchar,48,0,0,1,
dbo,TINITIALISATIONNOTEFRAIS,,1,Caption,nvarchar,256,0,0,1,
dbo,TINITIALISATIONNOTEFRAIS,,2,categorieFrais,bit,1,1,0,1,
dbo,TINITIALISATIONNOTEFRAIS,,3,categorieVehicule,bit,1,1,0,1,
dbo,TINITIALISATIONNOTEFRAIS,,4,codeAPE,bit,1,1,0,1,
dbo,TINITIALISATIONNOTEFRAIS,,5,compteGeneral,bit,1,1,0,1,
dbo,TINITIALISATIONNOTEFRAIS,,6,devise,bit,1,1,0,1,
dbo,TINITIALISATIONNOTEFRAIS,,7,ficheSociete,bit,1,1,0,1,
dbo,TINITIALISATIONNOTEFRAIS,,8,formeJuridique,bit,1,1,0,1,
dbo,TINITIALISATIONNOTEFRAIS,,9,frais,bit,1,1,0,1,
dbo,TINITIALISATIONNOTEFRAIS,,10,idOTP,int,4,10,0,1,
dbo,TINITIALISATIONNOTEFRAIS,,11,journal,bit,1,1,0,1,
dbo,TINITIALISATIONNOTEFRAIS,,12,oid,TOID,32,0,0,0,
dbo,TINITIALISATIONNOTEFRAIS,,13,operateur,bit,1,1,0,1,
dbo,TINITIALISATIONNOTEFRAIS,,14,parametreSociete,bit,1,1,0,1,
dbo,TINITIALISATIONNOTEFRAIS,,15,pays,bit,1,1,0,1,
dbo,TINITIALISATIONNOTEFRAIS,,16,profilTVA,bit,1,1,0,1,
dbo,TINITIALISATIONNOTEFRAIS,,17,salarie,bit,1,1,0,1,
dbo,TINITIALISATIONNOTEFRAIS,,18,service,bit,1,1,0,1,
dbo,TINITIALISATIONNOTEFRAIS,,19,tauxTVA,bit,1,1,0,1,
dbo,TINITIALISATIONNOTEFRAIS,,20,territorialiteTaxe,bit,1,1,0,1,
dbo,TINITIALISATIONNOTEFRAIS,,21,tiers,bit,1,1,0,1,
dbo,TINITIALISATIONNOTEFRAIS,,22,typePiece,bit,1,1,0,1,
dbo,TINITIALISATIONNOTEFRAIS,,23,UpdDate,datetime,8,23,3,1,
dbo,TINITIALISATIONNOTEFRAIS,,24,UpdStamp,char,16,0,0,1,
dbo,TINITIALISATIONNOTEFRAIS,,25,UpdUser,nvarchar,48,0,0,1,
dbo,TINITIALISATIONPARAMETREIMMO,,1,aidefiscale,bit,1,1,0,1,
dbo,TINITIALISATIONPARAMETREIMMO,,2,baremetvs,bit,1,1,0,1,
dbo,TINITIALISATIONPARAMETREIMMO,,3,Caption,nvarchar,256,0,0,1,
dbo,TINITIALISATIONPARAMETREIMMO,,4,codeape,bit,1,1,0,1,
dbo,TINITIALISATIONPARAMETREIMMO,,5,coefAssuTaxa,bit,1,1,0,1,
dbo,TINITIALISATIONPARAMETREIMMO,,6,coefficientadmission,bit,1,1,0,1,
dbo,TINITIALISATIONPARAMETREIMMO,,7,comptegeneral,bit,1,1,0,1,
dbo,TINITIALISATIONPARAMETREIMMO,,8,comptegestion,bit,1,1,0,1,
dbo,TINITIALISATIONPARAMETREIMMO,,9,compteparametre,bit,1,1,0,1,
dbo,TINITIALISATIONPARAMETREIMMO,,10,compteur,bit,1,1,0,1,
dbo,TINITIALISATIONPARAMETREIMMO,,11,coursdevise,bit,1,1,0,1,
dbo,TINITIALISATIONPARAMETREIMMO,,12,csv,bit,1,1,0,1,
dbo,TINITIALISATIONPARAMETREIMMO,,13,devises,bit,1,1,0,1,
dbo,TINITIALISATIONPARAMETREIMMO,,14,dimensiontemps,bit,1,1,0,1,
dbo,TINITIALISATIONPARAMETREIMMO,,15,etatfiscal,bit,1,1,0,1,
dbo,TINITIALISATIONPARAMETREIMMO,,16,exercicecomptable,bit,1,1,0,1,
dbo,TINITIALISATIONPARAMETREIMMO,,17,famille,bit,1,1,0,1,
dbo,TINITIALISATIONPARAMETREIMMO,,18,fichesociete,bit,1,1,0,1,
dbo,TINITIALISATIONPARAMETREIMMO,,19,filtre,nvarchar,256,0,0,1,
dbo,TINITIALISATIONPARAMETREIMMO,,20,formejuridique,bit,1,1,0,1,
dbo,TINITIALISATIONPARAMETREIMMO,,21,idOTP,int,4,10,0,1,
dbo,TINITIALISATIONPARAMETREIMMO,,22,journaux,bit,1,1,0,1,
dbo,TINITIALISATIONPARAMETREIMMO,,23,liassefiscale,bit,1,1,0,1,
dbo,TINITIALISATIONPARAMETREIMMO,,24,naturebien,bit,1,1,0,1,
dbo,TINITIALISATIONPARAMETREIMMO,,25,nomClasse,nvarchar,256,0,0,1,
dbo,TINITIALISATIONPARAMETREIMMO,,26,nomMethode,nvarchar,256,0,0,1,
dbo,TINITIALISATIONPARAMETREIMMO,,27,numeroensemble,bit,1,1,0,1,
dbo,TINITIALISATIONPARAMETREIMMO,,28,objetapplicatif,bit,1,1,0,1,
dbo,TINITIALISATIONPARAMETREIMMO,,29,oid,TOID,32,0,0,0,
dbo,TINITIALISATIONPARAMETREIMMO,,30,ordre,int,4,10,0,1,
dbo,TINITIALISATIONPARAMETREIMMO,,31,parametrecomptable,bit,1,1,0,1,
dbo,TINITIALISATIONPARAMETREIMMO,,32,parametredossier,bit,1,1,0,1,
dbo,TINITIALISATIONPARAMETREIMMO,,33,parametreImmo,bit,1,1,0,1,
dbo,TINITIALISATIONPARAMETREIMMO,,34,parametretvs,bit,1,1,0,1,
dbo,TINITIALISATIONPARAMETREIMMO,,35,paramSyteme,bit,1,1,0,1,
dbo,TINITIALISATIONPARAMETREIMMO,,36,pays,bit,1,1,0,1,
dbo,TINITIALISATIONPARAMETREIMMO,,37,profiltva,bit,1,1,0,1,
dbo,TINITIALISATIONPARAMETREIMMO,,38,regimespecial,bit,1,1,0,1,
dbo,TINITIALISATIONPARAMETREIMMO,,39,regledegressif,bit,1,1,0,1,
dbo,TINITIALISATIONPARAMETREIMMO,,40,regleduree,bit,1,1,0,1,
dbo,TINITIALISATIONPARAMETREIMMO,,41,reglefonctionnelle,bit,1,1,0,1,
dbo,TINITIALISATIONPARAMETREIMMO,,42,reglelineaire,bit,1,1,0,1,
dbo,TINITIALISATIONPARAMETREIMMO,,43,schemaamortissement,bit,1,1,0,1,
dbo,TINITIALISATIONPARAMETREIMMO,,44,schemacomptabilisation,bit,1,1,0,1,
dbo,TINITIALISATIONPARAMETREIMMO,,45,sourceenergie,bit,1,1,0,1,
dbo,TINITIALISATIONPARAMETREIMMO,,46,tauxtva,bit,1,1,0,1,
dbo,TINITIALISATIONPARAMETREIMMO,,47,territorialitetaxe,bit,1,1,0,1,
dbo,TINITIALISATIONPARAMETREIMMO,,48,tiers,bit,1,1,0,1,
dbo,TINITIALISATIONPARAMETREIMMO,,49,titre,nvarchar,256,0,0,1,
dbo,TINITIALISATIONPARAMETREIMMO,,50,typebien,bit,1,1,0,1,
dbo,TINITIALISATIONPARAMETREIMMO,,51,typeImport,nvarchar,256,0,0,1,
dbo,TINITIALISATIONPARAMETREIMMO,,52,typepiece,bit,1,1,0,1,
dbo,TINITIALISATIONPARAMETREIMMO,,53,unitecommerciale,bit,1,1,0,1,
dbo,TINITIALISATIONPARAMETREIMMO,,54,UpdDate,datetime,8,23,3,1,
dbo,TINITIALISATIONPARAMETREIMMO,,55,UpdStamp,char,16,0,0,1,
dbo,TINITIALISATIONPARAMETREIMMO,,56,UpdUser,nvarchar,48,0,0,1,
dbo,TINITIALISATIONSOCIETE,,1,affectationStructuresPays,bit,1,1,0,1,
dbo,TINITIALISATIONSOCIETE,,2,agenceBancaire,bit,1,1,0,1,
dbo,TINITIALISATIONSOCIETE,,3,banque,bit,1,1,0,1,
dbo,TINITIALISATIONSOCIETE,,4,Caption,nvarchar,256,0,0,1,
dbo,TINITIALISATIONSOCIETE,,5,classeCompte,bit,1,1,0,1,
dbo,TINITIALISATIONSOCIETE,,6,codeAPE,bit,1,1,0,1,
dbo,TINITIALISATIONSOCIETE,,7,compteGeneraux,bit,1,1,0,1,
dbo,TINITIALISATIONSOCIETE,,8,compteParametre,bit,1,1,0,1,
dbo,TINITIALISATIONSOCIETE,,9,compteur,bit,1,1,0,1,
dbo,TINITIALISATIONSOCIETE,,10,compteurLettrage,bit,1,1,0,1,
dbo,TINITIALISATIONSOCIETE,,11,compteurPointage,bit,1,1,0,1,
dbo,TINITIALISATIONSOCIETE,,12,devise,bit,1,1,0,1,
dbo,TINITIALISATIONSOCIETE,,13,dimensionTemps,bit,1,1,0,1,
dbo,TINITIALISATIONSOCIETE,,14,etapeEcheance,bit,1,1,0,1,
dbo,TINITIALISATIONSOCIETE,,15,exerciceComptable,bit,1,1,0,1,
dbo,TINITIALISATIONSOCIETE,,16,ficheSociete,bit,1,1,0,1,
dbo,TINITIALISATIONSOCIETE,,17,formeJuridique,bit,1,1,0,1,
dbo,TINITIALISATIONSOCIETE,,18,groupeRelance,bit,1,1,0,1,
dbo,TINITIALISATIONSOCIETE,,19,groupeReleve,bit,1,1,0,1,
dbo,TINITIALISATIONSOCIETE,,20,idOTP,int,4,10,0,1,
dbo,TINITIALISATIONSOCIETE,,21,journaux,bit,1,1,0,1,
dbo,TINITIALISATIONSOCIETE,,22,journauxParametre,bit,1,1,0,1,
dbo,TINITIALISATIONSOCIETE,,23,oid,TOID,32,0,0,0,
dbo,TINITIALISATIONSOCIETE,,24,parametreComptable,bit,1,1,0,1,
dbo,TINITIALISATIONSOCIETE,,25,parametreSociete,bit,1,1,0,1,
dbo,TINITIALISATIONSOCIETE,,26,pays,bit,1,1,0,1,
dbo,TINITIALISATIONSOCIETE,,27,profilTVA,bit,1,1,0,1,
dbo,TINITIALISATIONSOCIETE,,28,structureCptBancaire,bit,1,1,0,1,
dbo,TINITIALISATIONSOCIETE,,29,tauxTVA,bit,1,1,0,1,
dbo,TINITIALISATIONSOCIETE,,30,territorialiteTaxe,bit,1,1,0,1,
dbo,TINITIALISATIONSOCIETE,,31,typeMarquage,bit,1,1,0,1,
dbo,TINITIALISATIONSOCIETE,,32,typePiece,bit,1,1,0,1,
dbo,TINITIALISATIONSOCIETE,,33,typePieceParametre,bit,1,1,0,1,
dbo,TINITIALISATIONSOCIETE,,34,UpdDate,datetime,8,23,3,1,
dbo,TINITIALISATIONSOCIETE,,35,UpdStamp,char,16,0,0,1,
dbo,TINITIALISATIONSOCIETE,,36,UpdUser,nvarchar,48,0,0,1,
dbo,TINTERDICTIONCATROLETIERS,,1,Caption,nvarchar,256,0,0,1,
dbo,TINTERDICTIONCATROLETIERS,,2,code,nvarchar,256,0,0,1,
dbo,TINTERDICTIONCATROLETIERS,,3,idOTP,int,4,10,0,1,
dbo,TINTERDICTIONCATROLETIERS,,4,oid,TOID,32,0,0,0,
dbo,TINTERDICTIONCATROLETIERS,,5,UpdDate,datetime,8,23,3,1,
dbo,TINTERDICTIONCATROLETIERS,,6,UpdStamp,char,16,0,0,1,
dbo,TINTERDICTIONCATROLETIERS,,7,UpdUser,nvarchar,48,0,0,1,
dbo,TINTERDICTIONROLETIERSETS,,1,Caption,nvarchar,256,0,0,1,
dbo,TINTERDICTIONROLETIERSETS,,2,idOTP,int,4,10,0,1,
dbo,TINTERDICTIONROLETIERSETS,,3,oid,TOID,32,0,0,0,
dbo,TINTERDICTIONROLETIERSETS,,4,oidInterdictionCatRoleTiers,TOID,32,0,0,1,
dbo,TINTERDICTIONROLETIERSETS,,5,oidSiteSociete,TOID,32,0,0,1,
dbo,TINTERDICTIONROLETIERSETS,,6,UpdDate,datetime,8,23,3,1,
dbo,TINTERDICTIONROLETIERSETS,,7,UpdStamp,char,16,0,0,1,
dbo,TINTERDICTIONROLETIERSETS,,8,UpdUser,nvarchar,48,0,0,1,
dbo,TINVENTAIREBP,,1,Caption,nvarchar,256,0,0,1,
dbo,TINVENTAIREBP,,2,dateDebut,datetime,8,23,3,1,
dbo,TINVENTAIREBP,,3,dateFin,datetime,8,23,3,1,
dbo,TINVENTAIREBP,,4,dateInventaire,datetime,8,23,3,1,
dbo,TINVENTAIREBP,,5,idOTP,int,4,10,0,1,
dbo,TINVENTAIREBP,,6,numero,nvarchar,64,0,0,1,
dbo,TINVENTAIREBP,,7,numero_CounterName,nvarchar,64,0,0,1,
dbo,TINVENTAIREBP,,8,numeroTraitement,int,4,10,0,1,
dbo,TINVENTAIREBP,,9,oid,TOID,32,0,0,0,
dbo,TINVENTAIREBP,,10,remarque,nvarchar,-1,0,0,1,
dbo,TINVENTAIREBP,,11,statutInventaire,smallint,2,5,0,1,
dbo,TINVENTAIREBP,,12,UpdDate,datetime,8,23,3,1,
dbo,TINVENTAIREBP,,13,UpdStamp,char,16,0,0,1,
dbo,TINVENTAIREBP,,14,UpdUser,nvarchar,48,0,0,1,
dbo,TJOURFERIE,,1,Caption,nvarchar,256,0,0,1,
dbo,TJOURFERIE,,2,fDate,datetime,8,23,3,1,
dbo,TJOURFERIE,,3,idOTP,int,4,10,0,1,
dbo,TJOURFERIE,,4,oid,TOID,32,0,0,0,
dbo,TJOURFERIE,,5,oidJourFerie,TOID,32,0,0,1,
dbo,TJOURFERIE,,6,UpdDate,datetime,8,23,3,1,
dbo,TJOURFERIE,,7,UpdStamp,char,16,0,0,1,
dbo,TJOURFERIE,,8,UpdUser,nvarchar,48,0,0,1,
dbo,TJOURNAL,,1,Caption,nvarchar,256,0,0,1,
dbo,TJOURNAL,,2,code,nvarchar,256,0,0,1,
dbo,TJOURNAL,,3,commentaire,nvarchar,-1,0,0,1,
dbo,TJOURNAL,,4,controleTVA,smallint,2,5,0,1,
dbo,TJOURNAL,,5,ecartTVAMontant,money,8,19,4,1,
dbo,TJOURNAL,,6,ecartTVAMontant_CodeDevise,nvarchar,6,0,0,1,
dbo,TJOURNAL,,7,ecritureNulle,bit,1,1,0,1,
dbo,TJOURNAL,,8,estMouvemente,bit,1,1,0,1,
dbo,TJOURNAL,,9,extourneDatePiece,smallint,2,5,0,1,
dbo,TJOURNAL,,10,extourneDecalagePeriodicite,nvarchar,256,0,0,1,
dbo,TJOURNAL,,11,extourneLettrageEcheance,bit,1,1,0,1,
dbo,TJOURNAL,,12,extourneMontantNegatif,bit,1,1,0,1,
dbo,TJOURNAL,,13,extournePeriodicite,smallint,2,5,0,1,
dbo,TJOURNAL,,14,idOTP,int,4,10,0,1,
dbo,TJOURNAL,,15,natureJournal,smallint,2,5,0,1,
dbo,TJOURNAL,,16,oid,TOID,32,0,0,0,
dbo,TJOURNAL,,17,oidcompteBancaireEts,TOID,32,0,0,1,
dbo,TJOURNAL,,18,oidcompteurPiece,TOID,32,0,0,1,
dbo,TJOURNAL,,19,oidcontrepartie,TOID,32,0,0,1,
dbo,TJOURNAL,,20,oidextourneDestination,TOID,32,0,0,1,
dbo,TJOURNAL,,21,oidextourneTypePiece,TOID,32,0,0,1,
dbo,TJOURNAL,,22,oidtypePiecePrivilegie,TOID,32,0,0,1,
dbo,TJOURNAL,,23,UpdDate,datetime,8,23,3,1,
dbo,TJOURNAL,,24,UpdStamp,char,16,0,0,1,
dbo,TJOURNAL,,25,UpdUser,nvarchar,48,0,0,1,
dbo,TJOURNALPARAMETRE,,1,Caption,nvarchar,256,0,0,1,
dbo,TJOURNALPARAMETRE,,2,code,nvarchar,256,0,0,1,
dbo,TJOURNALPARAMETRE,,3,idOTP,int,4,10,0,1,
dbo,TJOURNALPARAMETRE,,4,oid,TOID,32,0,0,0,
dbo,TJOURNALPARAMETRE,,5,oidJournal,TOID,32,0,0,1,
dbo,TJOURNALPARAMETRE,,6,systeme,bit,1,1,0,1,
dbo,TJOURNALPARAMETRE,,7,typePieceCloture,nvarchar,256,0,0,1,
dbo,TJOURNALPARAMETRE,,8,UpdDate,datetime,8,23,3,1,
dbo,TJOURNALPARAMETRE,,9,UpdStamp,char,16,0,0,1,
dbo,TJOURNALPARAMETRE,,10,UpdUser,nvarchar,48,0,0,1,
dbo,TJOURNALTYPEPIECE,,1,Caption,nvarchar,256,0,0,1,
dbo,TJOURNALTYPEPIECE,,2,idOTP,int,4,10,0,1,
dbo,TJOURNALTYPEPIECE,,3,oid,TOID,32,0,0,0,
dbo,TJOURNALTYPEPIECE,,4,oidJournal,TOID,32,0,0,1,
dbo,TJOURNALTYPEPIECE,,5,oidTypePiece,TOID,32,0,0,1,
dbo,TJOURNALTYPEPIECE,,6,UpdDate,datetime,8,23,3,1,
dbo,TJOURNALTYPEPIECE,,7,UpdStamp,char,16,0,0,1,
dbo,TJOURNALTYPEPIECE,,8,UpdUser,nvarchar,48,0,0,1,
dbo,TJUSTIFICATIFTVA,,1,Caption,nvarchar,256,0,0,1,
dbo,TJUSTIFICATIFTVA,,2,dateDebut,datetime,8,23,3,1,
dbo,TJUSTIFICATIFTVA,,3,dateFin,datetime,8,23,3,1,
dbo,TJUSTIFICATIFTVA,,4,idOTP,int,4,10,0,1,
dbo,TJUSTIFICATIFTVA,,5,oid,TOID,32,0,0,0,
dbo,TJUSTIFICATIFTVA,,6,oidprofilTVA1,TOID,32,0,0,1,
dbo,TJUSTIFICATIFTVA,,7,oidprofilTVA2,TOID,32,0,0,1,
dbo,TJUSTIFICATIFTVA,,8,oidprofilTVA3,TOID,32,0,0,1,
dbo,TJUSTIFICATIFTVA,,9,oidprofilTVA4,TOID,32,0,0,1,
dbo,TJUSTIFICATIFTVA,,10,soldeCompteTVA1,money,8,19,4,1,
dbo,TJUSTIFICATIFTVA,,11,soldeCompteTVA1_CodeDevise,nvarchar,6,0,0,1,
dbo,TJUSTIFICATIFTVA,,12,soldeCompteTVA2,money,8,19,4,1,
dbo,TJUSTIFICATIFTVA,,13,soldeCompteTVA2_CodeDevise,nvarchar,6,0,0,1,
dbo,TJUSTIFICATIFTVA,,14,soldeCompteTVA3,money,8,19,4,1,
dbo,TJUSTIFICATIFTVA,,15,soldeCompteTVA3_CodeDevise,nvarchar,6,0,0,1,
dbo,TJUSTIFICATIFTVA,,16,soldeCompteTVA4,money,8,19,4,1,
dbo,TJUSTIFICATIFTVA,,17,soldeCompteTVA4_CodeDevise,nvarchar,6,0,0,1,
dbo,TJUSTIFICATIFTVA,,18,typeTVA,smallint,2,5,0,1,
dbo,TJUSTIFICATIFTVA,,19,UpdDate,datetime,8,23,3,1,
dbo,TJUSTIFICATIFTVA,,20,UpdStamp,char,16,0,0,1,
dbo,TJUSTIFICATIFTVA,,21,UpdUser,nvarchar,48,0,0,1,
dbo,TLANGUE,,1,Caption,nvarchar,256,0,0,1,
dbo,TLANGUE,,2,code,nvarchar,256,0,0,1,
dbo,TLANGUE,,3,idOTP,int,4,10,0,1,
dbo,TLANGUE,,4,oid,TOID,32,0,0,0,
dbo,TLANGUE,,5,UpdDate,datetime,8,23,3,1,
dbo,TLANGUE,,6,UpdStamp,char,16,0,0,1,
dbo,TLANGUE,,7,UpdUser,nvarchar,48,0,0,1,
dbo,TLETTRAGE,,1,Caption,nvarchar,256,0,0,1,
dbo,TLETTRAGE,,2,dateLettrage,datetime,8,23,3,1,
dbo,TLETTRAGE,,3,dateSaisieLettrage,datetime,8,23,3,1,
dbo,TLETTRAGE,,4,echeanceLettrage,datetime,8,23,3,1,
dbo,TLETTRAGE,,5,idOTP,int,4,10,0,1,
dbo,TLETTRAGE,,6,lettre,nvarchar,64,0,0,1,
dbo,TLETTRAGE,,7,lettre_CounterName,nvarchar,64,0,0,1,
dbo,TLETTRAGE,,8,oid,TOID,32,0,0,0,
dbo,TLETTRAGE,,9,oidcompteGeneral,TOID,32,0,0,1,
dbo,TLETTRAGE,,10,oiddevise,TOID,32,0,0,1,
dbo,TLETTRAGE,,11,oidEtablissement,TOID,32,0,0,1,
dbo,TLETTRAGE,,12,oidlettrageEcriture,TOID,32,0,0,1,
dbo,TLETTRAGE,,13,oidOperateur,TOID,32,0,0,1,
dbo,TLETTRAGE,,14,oidPieceEcart,TOID,32,0,0,1,
dbo,TLETTRAGE,,15,oidroleTiers,TOID,32,0,0,1,
dbo,TLETTRAGE,,16,total,bit,1,1,0,1,
dbo,TLETTRAGE,,17,UpdDate,datetime,8,23,3,1,
dbo,TLETTRAGE,,18,UpdStamp,char,16,0,0,1,
dbo,TLETTRAGE,,19,UpdUser,nvarchar,48,0,0,1,
dbo,TLETTRAGEECRITURE,,1,Caption,nvarchar,256,0,0,1,
dbo,TLETTRAGEECRITURE,,2,idOTP,int,4,10,0,1,
dbo,TLETTRAGEECRITURE,,3,lDate,datetime,8,23,3,1,
dbo,TLETTRAGEECRITURE,,4,Lettre,nvarchar,64,0,0,1,
dbo,TLETTRAGEECRITURE,,5,Lettre_CounterName,nvarchar,64,0,0,1,
dbo,TLETTRAGEECRITURE,,6,oid,TOID,32,0,0,0,
dbo,TLETTRAGEECRITURE,,7,total,bit,1,1,0,1,
dbo,TLETTRAGEECRITURE,,8,UpdDate,datetime,8,23,3,1,
dbo,TLETTRAGEECRITURE,,9,UpdStamp,char,16,0,0,1,
dbo,TLETTRAGEECRITURE,,10,UpdUser,nvarchar,48,0,0,1,
dbo,TLIAISONCOMPTEDEVISE,,1,Caption,nvarchar,256,0,0,1,
dbo,TLIAISONCOMPTEDEVISE,,2,idOTP,int,4,10,0,1,
dbo,TLIAISONCOMPTEDEVISE,,3,oid,TOID,32,0,0,0,
dbo,TLIAISONCOMPTEDEVISE,,4,oidCompteGeneral,TOID,32,0,0,1,
dbo,TLIAISONCOMPTEDEVISE,,5,oidDevise,TOID,32,0,0,1,
dbo,TLIAISONCOMPTEDEVISE,,6,UpdDate,datetime,8,23,3,1,
dbo,TLIAISONCOMPTEDEVISE,,7,UpdStamp,char,16,0,0,1,
dbo,TLIAISONCOMPTEDEVISE,,8,UpdUser,nvarchar,48,0,0,1,
dbo,TLIBELLEAUTO,,1,Caption,nvarchar,256,0,0,1,
dbo,TLIBELLEAUTO,,2,Code,nvarchar,256,0,0,1,
dbo,TLIBELLEAUTO,,3,EcritureClass,nvarchar,256,0,0,1,
dbo,TLIBELLEAUTO,,4,idOTP,int,4,10,0,1,
dbo,TLIBELLEAUTO,,5,LibelleEcriture,nvarchar,-1,0,0,1,
dbo,TLIBELLEAUTO,,6,LibellePiece,nvarchar,-1,0,0,1,
dbo,TLIBELLEAUTO,,7,Module,int,4,10,0,1,
dbo,TLIBELLEAUTO,,8,oid,TOID,32,0,0,0,
dbo,TLIBELLEAUTO,,9,oidCategorieLibelleAuto,TOID,32,0,0,1,
dbo,TLIBELLEAUTO,,10,PieceClass,nvarchar,256,0,0,1,
dbo,TLIBELLEAUTO,,11,ProcessusClass,nvarchar,256,0,0,1,
dbo,TLIBELLEAUTO,,12,RepriseLibellePiece,bit,1,1,0,1,
dbo,TLIBELLEAUTO,,13,Systeme,bit,1,1,0,1,
dbo,TLIBELLEAUTO,,14,Traitement,nvarchar,256,0,0,1,
dbo,TLIBELLEAUTO,,15,UpdDate,datetime,8,23,3,1,
dbo,TLIBELLEAUTO,,16,UpdStamp,char,16,0,0,1,
dbo,TLIBELLEAUTO,,17,UpdUser,nvarchar,48,0,0,1,
dbo,TLIBELLECOMPLEMENTAIRE,,1,Caption,nvarchar,256,0,0,1,
dbo,TLIBELLECOMPLEMENTAIRE,,2,dateOrigine,datetime,8,23,3,1,
dbo,TLIBELLECOMPLEMENTAIRE,,3,idOTP,int,4,10,0,1,
dbo,TLIBELLECOMPLEMENTAIRE,,4,monnaieOrigine,nvarchar,256,0,0,1,
dbo,TLIBELLECOMPLEMENTAIRE,,5,montantOrigine,money,8,19,4,1,
dbo,TLIBELLECOMPLEMENTAIRE,,6,montantOrigine_CodeDevise,nvarchar,6,0,0,1,
dbo,TLIBELLECOMPLEMENTAIRE,,7,oid,TOID,32,0,0,0,
dbo,TLIBELLECOMPLEMENTAIRE,,8,oiddeviseOrigine,TOID,32,0,0,1,
dbo,TLIBELLECOMPLEMENTAIRE,,9,oidEcritureBancaire,TOID,32,0,0,1,
dbo,TLIBELLECOMPLEMENTAIRE,,10,sensOrigine,smallint,2,5,0,1,
dbo,TLIBELLECOMPLEMENTAIRE,,11,tauxChange,float,8,53,0,1,
dbo,TLIBELLECOMPLEMENTAIRE,,12,tauxChange_Decimales,int,4,10,0,1,
dbo,TLIBELLECOMPLEMENTAIRE,,13,UpdDate,datetime,8,23,3,1,
dbo,TLIBELLECOMPLEMENTAIRE,,14,UpdStamp,char,16,0,0,1,
dbo,TLIBELLECOMPLEMENTAIRE,,15,UpdUser,nvarchar,48,0,0,1,
dbo,TLIBELLECOMPLEMENTAIRELIB,,1,Caption,nvarchar,256,0,0,1,
dbo,TLIBELLECOMPLEMENTAIRELIB,,2,complement1,nvarchar,256,0,0,1,
dbo,TLIBELLECOMPLEMENTAIRELIB,,3,dateLIB,datetime,8,23,3,1,
dbo,TLIBELLECOMPLEMENTAIRELIB,,4,idOTP,int,4,10,0,1,
dbo,TLIBELLECOMPLEMENTAIRELIB,,5,montant,money,8,19,4,1,
dbo,TLIBELLECOMPLEMENTAIRELIB,,6,montant_CodeDevise,nvarchar,6,0,0,1,
dbo,TLIBELLECOMPLEMENTAIRELIB,,7,montantLIB,float,8,53,0,1,
dbo,TLIBELLECOMPLEMENTAIRELIB,,8,numero,int,4,10,0,1,
dbo,TLIBELLECOMPLEMENTAIRELIB,,9,oid,TOID,32,0,0,0,
dbo,TLIBELLECOMPLEMENTAIRELIB,,10,oidDetailEcritureBancaire,TOID,32,0,0,1,
dbo,TLIBELLECOMPLEMENTAIRELIB,,11,oidDevise,TOID,32,0,0,1,
dbo,TLIBELLECOMPLEMENTAIRELIB,,12,oidEcritureBancaire,TOID,32,0,0,1,
dbo,TLIBELLECOMPLEMENTAIRELIB,,13,qualifiant,nvarchar,256,0,0,1,
dbo,TLIBELLECOMPLEMENTAIRELIB,,14,UpdDate,datetime,8,23,3,1,
dbo,TLIBELLECOMPLEMENTAIRELIB,,15,UpdStamp,char,16,0,0,1,
dbo,TLIBELLECOMPLEMENTAIRELIB,,16,UpdUser,nvarchar,48,0,0,1,
dbo,TLIENAGREGATPOSITION,,1,Caption,nvarchar,256,0,0,1,
dbo,TLIENAGREGATPOSITION,,2,idOTP,int,4,10,0,1,
dbo,TLIENAGREGATPOSITION,,3,oid,TOID,32,0,0,0,
dbo,TLIENAGREGATPOSITION,,4,oidAgregatPositionGroupe,TOID,32,0,0,1,
dbo,TLIENAGREGATPOSITION,,5,oidPositionGroupe,TOID,32,0,0,1,
dbo,TLIENAGREGATPOSITION,,6,UpdDate,datetime,8,23,3,1,
dbo,TLIENAGREGATPOSITION,,7,UpdStamp,char,16,0,0,1,
dbo,TLIENAGREGATPOSITION,,8,UpdUser,nvarchar,48,0,0,1,
dbo,TLIENDEMANDEURTYPEPIECE,,1,Caption,nvarchar,256,0,0,1,
dbo,TLIENDEMANDEURTYPEPIECE,,2,idOTP,int,4,10,0,1,
dbo,TLIENDEMANDEURTYPEPIECE,,3,oid,TOID,32,0,0,0,
dbo,TLIENDEMANDEURTYPEPIECE,,4,oidRegleValidationGenerale,TOID,32,0,0,1,
dbo,TLIENDEMANDEURTYPEPIECE,,5,oidTNatureValidationDemandeur,TOID,32,0,0,1,
dbo,TLIENDEMANDEURTYPEPIECE,,6,oidTTypePiece,TOID,32,0,0,1,
dbo,TLIENDEMANDEURTYPEPIECE,,7,UpdDate,datetime,8,23,3,1,
dbo,TLIENDEMANDEURTYPEPIECE,,8,UpdStamp,char,16,0,0,1,
dbo,TLIENDEMANDEURTYPEPIECE,,9,UpdUser,nvarchar,48,0,0,1,
dbo,TLIENDEMANDEURTYPEPIECEDETAIL,,1,Caption,nvarchar,256,0,0,1,
dbo,TLIENDEMANDEURTYPEPIECEDETAIL,,2,idOTP,int,4,10,0,1,
dbo,TLIENDEMANDEURTYPEPIECEDETAIL,,3,oid,TOID,32,0,0,0,
dbo,TLIENDEMANDEURTYPEPIECEDETAIL,,4,oidLienDemandeurTypePiece,TOID,32,0,0,1,
dbo,TLIENDEMANDEURTYPEPIECEDETAIL,,5,oidRegleValidation,TOID,32,0,0,1,
dbo,TLIENDEMANDEURTYPEPIECEDETAIL,,6,origineLot,smallint,2,5,0,1,
dbo,TLIENDEMANDEURTYPEPIECEDETAIL,,7,UpdDate,datetime,8,23,3,1,
dbo,TLIENDEMANDEURTYPEPIECEDETAIL,,8,UpdStamp,char,16,0,0,1,
dbo,TLIENDEMANDEURTYPEPIECEDETAIL,,9,UpdUser,nvarchar,48,0,0,1,
dbo,TLIENECRITURES,,1,Caption,nvarchar,256,0,0,1,
dbo,TLIENECRITURES,,2,idOTP,int,4,10,0,1,
dbo,TLIENECRITURES,,3,oid,TOID,32,0,0,0,
dbo,TLIENECRITURES,,4,oidecritureDestination,TOID,32,0,0,1,
dbo,TLIENECRITURES,,5,oidecritureOrigine,TOID,32,0,0,1,
dbo,TLIENECRITURES,,6,regroupement,bit,1,1,0,1,
dbo,TLIENECRITURES,,7,typeLienEcriture,smallint,2,5,0,1,
dbo,TLIENECRITURES,,8,UpdDate,datetime,8,23,3,1,
dbo,TLIENECRITURES,,9,UpdStamp,char,16,0,0,1,
dbo,TLIENECRITURES,,10,UpdUser,nvarchar,48,0,0,1,
dbo,TLIENETAPESECHEANCES,,1,Caption,nvarchar,256,0,0,1,
dbo,TLIENETAPESECHEANCES,,2,idOTP,int,4,10,0,1,
dbo,TLIENETAPESECHEANCES,,3,oid,TOID,32,0,0,0,
dbo,TLIENETAPESECHEANCES,,4,oidetapesPrecedentes,TOID,32,0,0,1,
dbo,TLIENETAPESECHEANCES,,5,oidetapesSuivantes,TOID,32,0,0,1,
dbo,TLIENETAPESECHEANCES,,6,UpdDate,datetime,8,23,3,1,
dbo,TLIENETAPESECHEANCES,,7,UpdStamp,char,16,0,0,1,
dbo,TLIENETAPESECHEANCES,,8,UpdUser,nvarchar,48,0,0,1,
dbo,TLIENNATURECOMPTE,,1,Caption,nvarchar,256,0,0,1,
dbo,TLIENNATURECOMPTE,,2,idOTP,int,4,10,0,1,
dbo,TLIENNATURECOMPTE,,3,oid,TOID,32,0,0,0,
dbo,TLIENNATURECOMPTE,,4,oidCompteGeneral,TOID,32,0,0,1,
dbo,TLIENNATURECOMPTE,,5,oidPositionGroupe,TOID,32,0,0,1,
dbo,TLIENNATURECOMPTE,,6,UpdDate,datetime,8,23,3,1,
dbo,TLIENNATURECOMPTE,,7,UpdStamp,char,16,0,0,1,
dbo,TLIENNATURECOMPTE,,8,UpdUser,nvarchar,48,0,0,1,
dbo,TLIGNEJUSTIFICATIFTVA,,1,Caption,nvarchar,256,0,0,1,
dbo,TLIGNEJUSTIFICATIFTVA,,2,idOTP,int,4,10,0,1,
dbo,TLIGNEJUSTIFICATIFTVA,,3,libelleEcriture,nvarchar,256,0,0,1,
dbo,TLIGNEJUSTIFICATIFTVA,,4,montantNonSoumis,money,8,19,4,1,
dbo,TLIGNEJUSTIFICATIFTVA,,5,montantNonSoumis_CodeDevise,nvarchar,6,0,0,1,
dbo,TLIGNEJUSTIFICATIFTVA,,6,montantSoumis,money,8,19,4,1,
dbo,TLIGNEJUSTIFICATIFTVA,,7,montantSoumis_CodeDevise,nvarchar,6,0,0,1,
dbo,TLIGNEJUSTIFICATIFTVA,,8,montantTVA1,money,8,19,4,1,
dbo,TLIGNEJUSTIFICATIFTVA,,9,montantTVA1_CodeDevise,nvarchar,6,0,0,1,
dbo,TLIGNEJUSTIFICATIFTVA,,10,montantTVA2,money,8,19,4,1,
dbo,TLIGNEJUSTIFICATIFTVA,,11,montantTVA2_CodeDevise,nvarchar,6,0,0,1,
dbo,TLIGNEJUSTIFICATIFTVA,,12,montantTVA3,money,8,19,4,1,
dbo,TLIGNEJUSTIFICATIFTVA,,13,montantTVA3_CodeDevise,nvarchar,6,0,0,1,
dbo,TLIGNEJUSTIFICATIFTVA,,14,montantTVA4,money,8,19,4,1,
dbo,TLIGNEJUSTIFICATIFTVA,,15,montantTVA4_CodeDevise,nvarchar,6,0,0,1,
dbo,TLIGNEJUSTIFICATIFTVA,,16,numeroEcriture,int,4,10,0,1,
dbo,TLIGNEJUSTIFICATIFTVA,,17,numeroLot,int,4,10,0,1,
dbo,TLIGNEJUSTIFICATIFTVA,,18,numeroPiece,nvarchar,256,0,0,1,
dbo,TLIGNEJUSTIFICATIFTVA,,19,oid,TOID,32,0,0,0,
dbo,TLIGNEJUSTIFICATIFTVA,,20,oidEcriture,TOID,32,0,0,1,
dbo,TLIGNEJUSTIFICATIFTVA,,21,oidJustificatifTVA,TOID,32,0,0,1,
dbo,TLIGNEJUSTIFICATIFTVA,,22,oidRoleTiers,TOID,32,0,0,1,
dbo,TLIGNEJUSTIFICATIFTVA,,23,typeCollectif,nvarchar,256,0,0,1,
dbo,TLIGNEJUSTIFICATIFTVA,,24,UpdDate,datetime,8,23,3,1,
dbo,TLIGNEJUSTIFICATIFTVA,,25,UpdStamp,char,16,0,0,1,
dbo,TLIGNEJUSTIFICATIFTVA,,26,UpdUser,nvarchar,48,0,0,1,
dbo,TLIMITATIONECHEANCE,,1,Caption,nvarchar,256,0,0,1,
dbo,TLIMITATIONECHEANCE,,2,idOTP,int,4,10,0,1,
dbo,TLIMITATIONECHEANCE,,3,Nombre,int,4,10,0,1,
dbo,TLIMITATIONECHEANCE,,4,oid,TOID,32,0,0,0,
dbo,TLIMITATIONECHEANCE,,5,oidCodeLimitationEcheance,TOID,32,0,0,1,
dbo,TLIMITATIONECHEANCE,,6,oidModeReglement,TOID,32,0,0,1,
dbo,TLIMITATIONECHEANCE,,7,TypeReglement,smallint,2,5,0,1,
dbo,TLIMITATIONECHEANCE,,8,UpdDate,datetime,8,23,3,1,
dbo,TLIMITATIONECHEANCE,,9,UpdStamp,char,16,0,0,1,
dbo,TLIMITATIONECHEANCE,,10,UpdUser,nvarchar,48,0,0,1,
dbo,TLOG,,1,Caption,nvarchar,256,0,0,1,
dbo,TLOG,,2,debut,datetime,8,23,3,1,
dbo,TLOG,,3,fin,datetime,8,23,3,1,
dbo,TLOG,,4,idLoggable,nvarchar,256,0,0,1,
dbo,TLOG,,5,idOTP,int,4,10,0,1,
dbo,TLOG,,6,idSession,nvarchar,256,0,0,1,
dbo,TLOG,,7,oid,TOID,32,0,0,0,
dbo,TLOG,,8,UpdDate,datetime,8,23,3,1,
dbo,TLOG,,9,UpdStamp,char,16,0,0,1,
dbo,TLOG,,10,UpdUser,nvarchar,48,0,0,1,
dbo,TLOGCONNEXION,,1,Caption,nvarchar,256,0,0,1,
dbo,TLOGCONNEXION,,2,debut,datetime,8,23,3,1,
dbo,TLOGCONNEXION,,3,fin,datetime,8,23,3,1,
dbo,TLOGCONNEXION,,4,idOTP,int,4,10,0,1,
dbo,TLOGCONNEXION,,5,oid,TOID,32,0,0,0,
dbo,TLOGCONNEXION,,6,oidOperateur,TOID,32,0,0,1,
dbo,TLOGCONNEXION,,7,UpdDate,datetime,8,23,3,1,
dbo,TLOGCONNEXION,,8,UpdStamp,char,16,0,0,1,
dbo,TLOGCONNEXION,,9,UpdUser,nvarchar,48,0,0,1,
dbo,TLOGENTRY,,1,Caption,nvarchar,256,0,0,1,
dbo,TLOGENTRY,,2,detail,nvarchar,-1,0,0,1,
dbo,TLOGENTRY,,3,entryTime,datetime,8,23,3,1,
dbo,TLOGENTRY,,4,etat,smallint,2,5,0,1,
dbo,TLOGENTRY,,5,idOTP,int,4,10,0,1,
dbo,TLOGENTRY,,6,oid,TOID,32,0,0,0,
dbo,TLOGENTRY,,7,oidLog,TOID,32,0,0,1,
dbo,TLOGENTRY,,8,referenceOid,nvarchar,256,0,0,1,
dbo,TLOGENTRY,,9,thread,nvarchar,256,0,0,1,
dbo,TLOGENTRY,,10,UpdDate,datetime,8,23,3,1,
dbo,TLOGENTRY,,11,UpdStamp,char,16,0,0,1,
dbo,TLOGENTRY,,12,UpdUser,nvarchar,48,0,0,1,
dbo,TLOGENTRYTICKET,,1,Caption,nvarchar,256,0,0,1,
dbo,TLOGENTRYTICKET,,2,dateTraitement,datetime,8,23,3,1,
dbo,TLOGENTRYTICKET,,3,detail,nvarchar,-1,0,0,1,
dbo,TLOGENTRYTICKET,,4,etat,smallint,2,5,0,1,
dbo,TLOGENTRYTICKET,,5,idOTP,int,4,10,0,1,
dbo,TLOGENTRYTICKET,,6,oid,TOID,32,0,0,0,
dbo,TLOGENTRYTICKET,,7,oidLogConnexion,TOID,32,0,0,1,
dbo,TLOGENTRYTICKET,,8,oidTicket,TOID,32,0,0,1,
dbo,TLOGENTRYTICKET,,9,UpdDate,datetime,8,23,3,1,
dbo,TLOGENTRYTICKET,,10,UpdStamp,char,16,0,0,1,
dbo,TLOGENTRYTICKET,,11,UpdUser,nvarchar,48,0,0,1,
dbo,TLOIDECALAGE,,1,Caption,nvarchar,256,0,0,1,
dbo,TLOIDECALAGE,,2,code,nvarchar,256,0,0,1,
dbo,TLOIDECALAGE,,3,idOTP,int,4,10,0,1,
dbo,TLOIDECALAGE,,4,oid,TOID,32,0,0,0,
dbo,TLOIDECALAGE,,5,UpdDate,datetime,8,23,3,1,
dbo,TLOIDECALAGE,,6,UpdStamp,char,16,0,0,1,
dbo,TLOIDECALAGE,,7,UpdUser,nvarchar,48,0,0,1,
dbo,TLOIREPARTITIONPERIODIQUE,,1,Caption,nvarchar,256,0,0,1,
dbo,TLOIREPARTITIONPERIODIQUE,,2,code,nvarchar,256,0,0,1,
dbo,TLOIREPARTITIONPERIODIQUE,,3,idOTP,int,4,10,0,1,
dbo,TLOIREPARTITIONPERIODIQUE,,4,methodeRepartition,smallint,2,5,0,1,
dbo,TLOIREPARTITIONPERIODIQUE,,5,nbrePeriodeExercice,int,4,10,0,1,
dbo,TLOIREPARTITIONPERIODIQUE,,6,oid,TOID,32,0,0,0,
dbo,TLOIREPARTITIONPERIODIQUE,,7,UpdDate,datetime,8,23,3,1,
dbo,TLOIREPARTITIONPERIODIQUE,,8,UpdStamp,char,16,0,0,1,
dbo,TLOIREPARTITIONPERIODIQUE,,9,UpdUser,nvarchar,48,0,0,1,
dbo,TLOT,,1,Caption,nvarchar,256,0,0,1,
dbo,TLOT,,2,CategorieLot,smallint,2,5,0,1,
dbo,TLOT,,3,commentaire,nvarchar,-1,0,0,1,
dbo,TLOT,,4,dateSaisie,datetime,8,23,3,1,
dbo,TLOT,,5,idOTP,int,4,10,0,1,
dbo,TLOT,,6,modifie,bit,1,1,0,1,
dbo,TLOT,,7,numero,int,4,10,0,1,
dbo,TLOT,,8,oid,TOID,32,0,0,0,
dbo,TLOT,,9,oidoperateur,TOID,32,0,0,1,
dbo,TLOT,,10,origineLot,smallint,2,5,0,1,
dbo,TLOT,,11,typeLot,smallint,2,5,0,1,
dbo,TLOT,,12,UpdDate,datetime,8,23,3,1,
dbo,TLOT,,13,UpdStamp,char,16,0,0,1,
dbo,TLOT,,14,UpdUser,nvarchar,48,0,0,1,
dbo,TLOT,,15,oidSessionImport,TOID,32,0,0,1,
dbo,TLOTANALYTIQUE,,1,Caption,nvarchar,256,0,0,1,
dbo,TLOTANALYTIQUE,,2,categorieLot,smallint,2,5,0,1,
dbo,TLOTANALYTIQUE,,3,commentaire,nvarchar,-1,0,0,1,
dbo,TLOTANALYTIQUE,,4,idOTP,int,4,10,0,1,
dbo,TLOTANALYTIQUE,,5,lDate,datetime,8,23,3,1,
dbo,TLOTANALYTIQUE,,6,numero,int,4,10,0,1,
dbo,TLOTANALYTIQUE,,7,oid,TOID,32,0,0,0,
dbo,TLOTANALYTIQUE,,8,oidExerciceAnalytique,TOID,32,0,0,1,
dbo,TLOTANALYTIQUE,,9,oidExerciceAnalytiqueANouv,TOID,32,0,0,1,
dbo,TLOTANALYTIQUE,,10,oidoperateur,TOID,32,0,0,1,
dbo,TLOTANALYTIQUE,,11,origineLot,smallint,2,5,0,1,
dbo,TLOTANALYTIQUE,,12,typeLot,smallint,2,5,0,1,
dbo,TLOTANALYTIQUE,,13,UpdDate,datetime,8,23,3,1,
dbo,TLOTANALYTIQUE,,14,UpdStamp,char,16,0,0,1,
dbo,TLOTANALYTIQUE,,15,UpdUser,nvarchar,48,0,0,1,
dbo,TLOTANALYTIQUE,,16,oidSessionImport,TOID,32,0,0,1,
dbo,TMANDATPRELEVEMENTSEPA,,1,caduc,bit,1,1,0,1,
dbo,TMANDATPRELEVEMENTSEPA,,2,Caption,nvarchar,256,0,0,1,
dbo,TMANDATPRELEVEMENTSEPA,,3,clos,bit,1,1,0,1,
dbo,TMANDATPRELEVEMENTSEPA,,4,contratCommercial,nvarchar,256,0,0,1,
dbo,TMANDATPRELEVEMENTSEPA,,5,dateCloture,datetime,8,23,3,1,
dbo,TMANDATPRELEVEMENTSEPA,,6,DateDebut,datetime,8,23,3,1,
dbo,TMANDATPRELEVEMENTSEPA,,7,dateFin,datetime,8,23,3,1,
dbo,TMANDATPRELEVEMENTSEPA,,8,dateSignature,datetime,8,23,3,1,
dbo,TMANDATPRELEVEMENTSEPA,,9,idOTP,int,4,10,0,1,
dbo,TMANDATPRELEVEMENTSEPA,,10,lieuSignature,nvarchar,256,0,0,1,
dbo,TMANDATPRELEVEMENTSEPA,,11,oid,TOID,32,0,0,0,
dbo,TMANDATPRELEVEMENTSEPA,,12,oidclientFinal,TOID,32,0,0,1,
dbo,TMANDATPRELEVEMENTSEPA,,13,oidcompteBancaire,TOID,32,0,0,1,
dbo,TMANDATPRELEVEMENTSEPA,,14,oidsiteCrediteur,TOID,32,0,0,1,
dbo,TMANDATPRELEVEMENTSEPA,,15,oidsiteDebiteur,TOID,32,0,0,1,
dbo,TMANDATPRELEVEMENTSEPA,,16,oidtiersCrediteur,TOID,32,0,0,1,
dbo,TMANDATPRELEVEMENTSEPA,,17,oidtiersDebiteur,TOID,32,0,0,1,
dbo,TMANDATPRELEVEMENTSEPA,,18,paiementRecurrent,bit,1,1,0,1,
dbo,TMANDATPRELEVEMENTSEPA,,19,referenceMandat,nvarchar,256,0,0,1,
dbo,TMANDATPRELEVEMENTSEPA,,20,suspend,bit,1,1,0,1,
dbo,TMANDATPRELEVEMENTSEPA,,21,UpdDate,datetime,8,23,3,1,
dbo,TMANDATPRELEVEMENTSEPA,,22,UpdStamp,char,16,0,0,1,
dbo,TMANDATPRELEVEMENTSEPA,,23,UpdUser,nvarchar,48,0,0,1,
dbo,TMANDATPRELEVEMENTSEPA,,24,valide,bit,1,1,0,1,
dbo,TMANDATPRELEVEMENTSEPA,,25,estAmende,bit,1,1,0,1,
dbo,TMANDATPRELEVEMENTSEPA,,26,historique,bit,1,1,0,1,
dbo,TMANDATPRELEVEMENTSEPA,,27,oidAmendementCourant,TOID,32,0,0,1,
dbo,TMARQUAGE,,1,Caption,nvarchar,256,0,0,1,
dbo,TMARQUAGE,,2,Commentaire,nvarchar,-1,0,0,1,
dbo,TMARQUAGE,,3,dateControle,datetime,8,23,3,1,
dbo,TMARQUAGE,,4,dateMarquage,datetime,8,23,3,1,
dbo,TMARQUAGE,,5,idOTP,int,4,10,0,1,
dbo,TMARQUAGE,,6,oid,TOID,32,0,0,0,
dbo,TMARQUAGE,,7,oidTypeMarquage,TOID,32,0,0,1,
dbo,TMARQUAGE,,8,oidutilisateurControle,TOID,32,0,0,1,
dbo,TMARQUAGE,,9,oidutilisateurMarquage,TOID,32,0,0,1,
dbo,TMARQUAGE,,10,UpdDate,datetime,8,23,3,1,
dbo,TMARQUAGE,,11,UpdStamp,char,16,0,0,1,
dbo,TMARQUAGE,,12,UpdUser,nvarchar,48,0,0,1,
dbo,TMARQUEBP,,1,Caption,nvarchar,256,0,0,1,
dbo,TMARQUEBP,,2,code,nvarchar,256,0,0,1,
dbo,TMARQUEBP,,3,idOTP,int,4,10,0,1,
dbo,TMARQUEBP,,4,oid,TOID,32,0,0,0,
dbo,TMARQUEBP,,5,UpdDate,datetime,8,23,3,1,
dbo,TMARQUEBP,,6,UpdStamp,char,16,0,0,1,
dbo,TMARQUEBP,,7,UpdUser,nvarchar,48,0,0,1,
dbo,TMODALITEREPARTITION,,1,Caption,nvarchar,256,0,0,1,
dbo,TMODALITEREPARTITION,,2,commentaire,nvarchar,256,0,0,1,
dbo,TMODALITEREPARTITION,,3,idOTP,int,4,10,0,1,
dbo,TMODALITEREPARTITION,,4,oid,TOID,32,0,0,0,
dbo,TMODALITEREPARTITION,,5,systeme,bit,1,1,0,1,
dbo,TMODALITEREPARTITION,,6,UpdDate,datetime,8,23,3,1,
dbo,TMODALITEREPARTITION,,7,UpdStamp,char,16,0,0,1,
dbo,TMODALITEREPARTITION,,8,UpdUser,nvarchar,48,0,0,1,
dbo,TMODELEBP,,1,Caption,nvarchar,256,0,0,1,
dbo,TMODELEBP,,2,code,nvarchar,256,0,0,1,
dbo,TMODELEBP,,3,idOTP,int,4,10,0,1,
dbo,TMODELEBP,,4,oid,TOID,32,0,0,0,
dbo,TMODELEBP,,5,UpdDate,datetime,8,23,3,1,
dbo,TMODELEBP,,6,UpdStamp,char,16,0,0,1,
dbo,TMODELEBP,,7,UpdUser,nvarchar,48,0,0,1,
dbo,TMODELECATEGORIESCHEMA,,1,Caption,nvarchar,256,0,0,1,
dbo,TMODELECATEGORIESCHEMA,,2,duree,float,8,53,0,1,
dbo,TMODELECATEGORIESCHEMA,,3,duree_Decimales,int,4,10,0,1,
dbo,TMODELECATEGORIESCHEMA,,4,dureeAnnee,int,4,10,0,1,
dbo,TMODELECATEGORIESCHEMA,,5,dureeJour,int,4,10,0,1,
dbo,TMODELECATEGORIESCHEMA,,6,dureeMois,int,4,10,0,1,
dbo,TMODELECATEGORIESCHEMA,,7,idOTP,int,4,10,0,1,
dbo,TMODELECATEGORIESCHEMA,,8,nonAmortissable,bit,1,1,0,1,
dbo,TMODELECATEGORIESCHEMA,,9,oid,TOID,32,0,0,0,
dbo,TMODELECATEGORIESCHEMA,,10,oidAideFiscale,TOID,32,0,0,1,
dbo,TMODELECATEGORIESCHEMA,,11,oidRegleAmortissement,TOID,32,0,0,1,
dbo,TMODELECATEGORIESCHEMA,,12,oidTBienModeleCategorie,TOID,32,0,0,1,
dbo,TMODELECATEGORIESCHEMA,,13,oidTSchemaAmortissement,TOID,32,0,0,1,
dbo,TMODELECATEGORIESCHEMA,,14,UpdDate,datetime,8,23,3,1,
dbo,TMODELECATEGORIESCHEMA,,15,UpdStamp,char,16,0,0,1,
dbo,TMODELECATEGORIESCHEMA,,16,UpdUser,nvarchar,48,0,0,1,
dbo,TMODELEFRAIS,,1,Caption,nvarchar,256,0,0,1,
dbo,TMODELEFRAIS,,2,idOTP,int,4,10,0,1,
dbo,TMODELEFRAIS,,3,oid,TOID,32,0,0,0,
dbo,TMODELEFRAIS,,4,oidTFraisSalarie,TOID,32,0,0,1,
dbo,TMODELEFRAIS,,5,oidTModeleNF,TOID,32,0,0,1,
dbo,TMODELEFRAIS,,6,UpdDate,datetime,8,23,3,1,
dbo,TMODELEFRAIS,,7,UpdStamp,char,16,0,0,1,
dbo,TMODELEFRAIS,,8,UpdUser,nvarchar,48,0,0,1,
dbo,TMODELENF,,1,Caption,nvarchar,256,0,0,1,
dbo,TMODELENF,,2,code,nvarchar,256,0,0,1,
dbo,TMODELENF,,3,idOTP,int,4,10,0,1,
dbo,TMODELENF,,4,justificatif,nvarchar,256,0,0,1,
dbo,TMODELENF,,5,oid,TOID,32,0,0,0,
dbo,TMODELENF,,6,UpdDate,datetime,8,23,3,1,
dbo,TMODELENF,,7,UpdStamp,char,16,0,0,1,
dbo,TMODELENF,,8,UpdUser,nvarchar,48,0,0,1,
dbo,TMODELEORDREPAIEMENT,,1,Caption,nvarchar,256,0,0,1,
dbo,TMODELEORDREPAIEMENT,,2,idOTP,int,4,10,0,1,
dbo,TMODELEORDREPAIEMENT,,3,oid,TOID,32,0,0,0,
dbo,TMODELEORDREPAIEMENT,,4,oidcompteBancaireSociete,TOID,32,0,0,1,
dbo,TMODELEORDREPAIEMENT,,5,oidsociete,TOID,32,0,0,1,
dbo,TMODELEORDREPAIEMENT,,6,typeOrdre,smallint,2,5,0,1,
dbo,TMODELEORDREPAIEMENT,,7,UpdDate,datetime,8,23,3,1,
dbo,TMODELEORDREPAIEMENT,,8,UpdStamp,char,16,0,0,1,
dbo,TMODELEORDREPAIEMENT,,9,UpdUser,nvarchar,48,0,0,1,
dbo,TMODELEVENTILATION,,1,Caption,nvarchar,256,0,0,1,
dbo,TMODELEVENTILATION,,2,code,nvarchar,256,0,0,1,
dbo,TMODELEVENTILATION,,3,idOTP,int,4,10,0,1,
dbo,TMODELEVENTILATION,,4,oid,TOID,32,0,0,0,
dbo,TMODELEVENTILATION,,5,oidEspaceAnalytique,TOID,32,0,0,1,
dbo,TMODELEVENTILATION,,6,oidetablissement,TOID,32,0,0,1,
dbo,TMODELEVENTILATION,,7,typeVentilation,smallint,2,5,0,1,
dbo,TMODELEVENTILATION,,8,UpdDate,datetime,8,23,3,1,
dbo,TMODELEVENTILATION,,9,UpdStamp,char,16,0,0,1,
dbo,TMODELEVENTILATION,,10,UpdUser,nvarchar,48,0,0,1,
dbo,TMODERAPPROAUTOMATIQUE,,1,Caption,nvarchar,256,0,0,1,
dbo,TMODERAPPROAUTOMATIQUE,,2,champ,bit,1,1,0,1,
dbo,TMODERAPPROAUTOMATIQUE,,3,champ_bancaire,nvarchar,256,0,0,1,
dbo,TMODERAPPROAUTOMATIQUE,,4,champ_comptable,nvarchar,256,0,0,1,
dbo,TMODERAPPROAUTOMATIQUE,,5,code,nvarchar,256,0,0,1,
dbo,TMODERAPPROAUTOMATIQUE,,6,combinaison,smallint,2,5,0,1,
dbo,TMODERAPPROAUTOMATIQUE,,7,combinaison_CodeOperation,bit,1,1,0,1,
dbo,TMODERAPPROAUTOMATIQUE,,8,combinaison_ModeReglement,bit,1,1,0,1,
dbo,TMODERAPPROAUTOMATIQUE,,9,controleDate,bit,1,1,0,1,
dbo,TMODERAPPROAUTOMATIQUE,,10,controleUnicite,bit,1,1,0,1,
dbo,TMODERAPPROAUTOMATIQUE,,11,eqCode,bit,1,1,0,1,
dbo,TMODERAPPROAUTOMATIQUE,,12,eqMontant,bit,1,1,0,1,
dbo,TMODERAPPROAUTOMATIQUE,,13,eqPiece,bit,1,1,0,1,
dbo,TMODERAPPROAUTOMATIQUE,,14,idOTP,int,4,10,0,1,
dbo,TMODERAPPROAUTOMATIQUE,,15,intervalleDate,int,4,10,0,1,
dbo,TMODERAPPROAUTOMATIQUE,,16,intervalleDateEBInf,int,4,10,0,1,
dbo,TMODERAPPROAUTOMATIQUE,,17,intervalleDateEBSup,int,4,10,0,1,
dbo,TMODERAPPROAUTOMATIQUE,,18,intervalleDateERInf,int,4,10,0,1,
dbo,TMODERAPPROAUTOMATIQUE,,19,intervalleDateERSup,int,4,10,0,1,
dbo,TMODERAPPROAUTOMATIQUE,,20,methodeRapprochement,smallint,2,5,0,1,
dbo,TMODERAPPROAUTOMATIQUE,,21,natureReglement,smallint,2,5,0,1,
dbo,TMODERAPPROAUTOMATIQUE,,22,nbreEB,int,4,10,0,1,
dbo,TMODERAPPROAUTOMATIQUE,,23,nbreEC,int,4,10,0,1,
dbo,TMODERAPPROAUTOMATIQUE,,24,numeroLibelleComp,int,4,10,0,1,
dbo,TMODERAPPROAUTOMATIQUE,,25,oid,TOID,32,0,0,0,
dbo,TMODERAPPROAUTOMATIQUE,,26,oidModeReglement,TOID,32,0,0,1,
dbo,TMODERAPPROAUTOMATIQUE,,27,qualifiant,nvarchar,256,0,0,1,
dbo,TMODERAPPROAUTOMATIQUE,,28,sensIndifferent,bit,1,1,0,1,
dbo,TMODERAPPROAUTOMATIQUE,,29,size_rapprocher,int,4,10,0,1,
dbo,TMODERAPPROAUTOMATIQUE,,30,start_champ_bancaire,int,4,10,0,1,
dbo,TMODERAPPROAUTOMATIQUE,,31,start_champ_comptable,int,4,10,0,1,
dbo,TMODERAPPROAUTOMATIQUE,,32,tousLibelleComp,bit,1,1,0,1,
dbo,TMODERAPPROAUTOMATIQUE,,33,toutesNatureReglement,bit,1,1,0,1,
dbo,TMODERAPPROAUTOMATIQUE,,34,typeDateRappro,smallint,2,5,0,1,
dbo,TMODERAPPROAUTOMATIQUE,,35,UpdDate,datetime,8,23,3,1,
dbo,TMODERAPPROAUTOMATIQUE,,36,UpdStamp,char,16,0,0,1,
dbo,TMODERAPPROAUTOMATIQUE,,37,UpdUser,nvarchar,48,0,0,1,
dbo,TMODERAPPROAUTOMATIQUE,,38,useEcritureBancaire,bit,1,1,0,1,
dbo,TMODERAPPROAUTOMATIQUE,,39,useLibelleComp,bit,1,1,0,1,
dbo,TMODERAPPROAUTOMATIQUE,,40,useQualifiant,bit,1,1,0,1,
dbo,TMODERAPPROCODEOPINTERBANCAIRE,,1,Caption,nvarchar,256,0,0,1,
dbo,TMODERAPPROCODEOPINTERBANCAIRE,,2,idOTP,int,4,10,0,1,
dbo,TMODERAPPROCODEOPINTERBANCAIRE,,3,oid,TOID,32,0,0,0,
dbo,TMODERAPPROCODEOPINTERBANCAIRE,,4,oidCodeOperationInterbancaire,TOID,32,0,0,1,
dbo,TMODERAPPROCODEOPINTERBANCAIRE,,5,oidModeRapproAutomatique,TOID,32,0,0,1,
dbo,TMODERAPPROCODEOPINTERBANCAIRE,,6,UpdDate,datetime,8,23,3,1,
dbo,TMODERAPPROCODEOPINTERBANCAIRE,,7,UpdStamp,char,16,0,0,1,
dbo,TMODERAPPROCODEOPINTERBANCAIRE,,8,UpdUser,nvarchar,48,0,0,1,
dbo,TMODERAPPROMODEREGLEMBQ,,1,Caption,nvarchar,256,0,0,1,
dbo,TMODERAPPROMODEREGLEMBQ,,2,idOTP,int,4,10,0,1,
dbo,TMODERAPPROMODEREGLEMBQ,,3,oid,TOID,32,0,0,0,
dbo,TMODERAPPROMODEREGLEMBQ,,4,oidModeRapproAutomatique,TOID,32,0,0,1,
dbo,TMODERAPPROMODEREGLEMBQ,,5,oidModeReglement,TOID,32,0,0,1,
dbo,TMODERAPPROMODEREGLEMBQ,,6,UpdDate,datetime,8,23,3,1,
dbo,TMODERAPPROMODEREGLEMBQ,,7,UpdStamp,char,16,0,0,1,
dbo,TMODERAPPROMODEREGLEMBQ,,8,UpdUser,nvarchar,48,0,0,1,
dbo,TMODERAPPROMODEREGLEMCPT,,1,Caption,nvarchar,256,0,0,1,
dbo,TMODERAPPROMODEREGLEMCPT,,2,idOTP,int,4,10,0,1,
dbo,TMODERAPPROMODEREGLEMCPT,,3,oid,TOID,32,0,0,0,
dbo,TMODERAPPROMODEREGLEMCPT,,4,oidModeRapproAutomatique,TOID,32,0,0,1,
dbo,TMODERAPPROMODEREGLEMCPT,,5,oidModeReglement,TOID,32,0,0,1,
dbo,TMODERAPPROMODEREGLEMCPT,,6,UpdDate,datetime,8,23,3,1,
dbo,TMODERAPPROMODEREGLEMCPT,,7,UpdStamp,char,16,0,0,1,
dbo,TMODERAPPROMODEREGLEMCPT,,8,UpdUser,nvarchar,48,0,0,1,
dbo,TMODEREGLEMENT,,1,Caption,nvarchar,256,0,0,1,
dbo,TMODEREGLEMENT,,2,code,nvarchar,256,0,0,1,
dbo,TMODEREGLEMENT,,3,codeEDI,nvarchar,256,0,0,1,
dbo,TMODEREGLEMENT,,4,idOTP,int,4,10,0,1,
dbo,TMODEREGLEMENT,,5,natureReglement,smallint,2,5,0,1,
dbo,TMODEREGLEMENT,,6,oid,TOID,32,0,0,0,
dbo,TMODEREGLEMENT,,7,supportPaiement,smallint,2,5,0,1,
dbo,TMODEREGLEMENT,,8,UpdDate,datetime,8,23,3,1,
dbo,TMODEREGLEMENT,,9,UpdStamp,char,16,0,0,1,
dbo,TMODEREGLEMENT,,10,UpdUser,nvarchar,48,0,0,1,
dbo,TMODEREGLEMENT,,11,oidEtapeAcompteClient,TOID,32,0,0,1,
dbo,TMODEREGLEMENT,,12,oidEtapeAcompteFournisseur,TOID,32,0,0,1,
dbo,TMODEREGLEMENT,,13,oidEtapeReglementClient,TOID,32,0,0,1,
dbo,TMODEREGLEMENT,,14,oidEtapeReglementSalarie,TOID,32,0,0,1,
dbo,TMODEREGLEMENT,,15,oidModeRapproManuel,TOID,32,0,0,1,
dbo,TMONTANTRUBRIQUE,,1,Caption,nvarchar,256,0,0,1,
dbo,TMONTANTRUBRIQUE,,2,idOTP,int,4,10,0,1,
dbo,TMONTANTRUBRIQUE,,3,Montant,money,8,19,4,1,
dbo,TMONTANTRUBRIQUE,,4,Montant_CodeDevise,nvarchar,6,0,0,1,
dbo,TMONTANTRUBRIQUE,,5,oid,TOID,32,0,0,0,
dbo,TMONTANTRUBRIQUE,,6,oidCalculLiasse,TOID,32,0,0,1,
dbo,TMONTANTRUBRIQUE,,7,oidRubriqueLiasse,TOID,32,0,0,1,
dbo,TMONTANTRUBRIQUE,,8,UpdDate,datetime,8,23,3,1,
dbo,TMONTANTRUBRIQUE,,9,UpdStamp,char,16,0,0,1,
dbo,TMONTANTRUBRIQUE,,10,UpdUser,nvarchar,48,0,0,1,
dbo,TMOTIFAJUSTEMENT,,1,Caption,nvarchar,256,0,0,1,
dbo,TMOTIFAJUSTEMENT,,2,code,nvarchar,256,0,0,1,
dbo,TMOTIFAJUSTEMENT,,3,idOTP,int,4,10,0,1,
dbo,TMOTIFAJUSTEMENT,,4,oid,TOID,32,0,0,0,
dbo,TMOTIFAJUSTEMENT,,5,UpdDate,datetime,8,23,3,1,
dbo,TMOTIFAJUSTEMENT,,6,UpdStamp,char,16,0,0,1,
dbo,TMOTIFAJUSTEMENT,,7,UpdUser,nvarchar,48,0,0,1,
dbo,TNATUREABONNEMENT,,1,Caption,nvarchar,256,0,0,1,
dbo,TNATUREABONNEMENT,,2,code,nvarchar,256,0,0,1,
dbo,TNATUREABONNEMENT,,3,idOTP,int,4,10,0,1,
dbo,TNATUREABONNEMENT,,4,oid,TOID,32,0,0,0,
dbo,TNATUREABONNEMENT,,5,UpdDate,datetime,8,23,3,1,
dbo,TNATUREABONNEMENT,,6,UpdStamp,char,16,0,0,1,
dbo,TNATUREABONNEMENT,,7,UpdUser,nvarchar,48,0,0,1,
dbo,TNATUREAFFAIRE,,1,Caption,nvarchar,256,0,0,1,
dbo,TNATUREAFFAIRE,,2,code,nvarchar,256,0,0,1,
dbo,TNATUREAFFAIRE,,3,idOTP,int,4,10,0,1,
dbo,TNATUREAFFAIRE,,4,oid,TOID,32,0,0,0,
dbo,TNATUREAFFAIRE,,5,UpdDate,datetime,8,23,3,1,
dbo,TNATUREAFFAIRE,,6,UpdStamp,char,16,0,0,1,
dbo,TNATUREAFFAIRE,,7,UpdUser,nvarchar,48,0,0,1,
dbo,TNATUREBIEN,,1,Caption,nvarchar,256,0,0,1,
dbo,TNATUREBIEN,,2,code,nvarchar,256,0,0,1,
dbo,TNATUREBIEN,,3,dureeRegularisation,int,4,10,0,1,
dbo,TNATUREBIEN,,4,idOTP,int,4,10,0,1,
dbo,TNATUREBIEN,,5,oid,TOID,32,0,0,0,
dbo,TNATUREBIEN,,6,UpdDate,datetime,8,23,3,1,
dbo,TNATUREBIEN,,7,UpdStamp,char,16,0,0,1,
dbo,TNATUREBIEN,,8,UpdUser,nvarchar,48,0,0,1,
dbo,TNATUREBUDGETAIRE,,1,Caption,nvarchar,256,0,0,1,
dbo,TNATUREBUDGETAIRE,,2,code,nvarchar,256,0,0,1,
dbo,TNATUREBUDGETAIRE,,3,idOTP,int,4,10,0,1,
dbo,TNATUREBUDGETAIRE,,4,oid,TOID,32,0,0,0,
dbo,TNATUREBUDGETAIRE,,5,sens,smallint,2,5,0,1,
dbo,TNATUREBUDGETAIRE,,6,UpdDate,datetime,8,23,3,1,
dbo,TNATUREBUDGETAIRE,,7,UpdStamp,char,16,0,0,1,
dbo,TNATUREBUDGETAIRE,,8,UpdUser,nvarchar,48,0,0,1,
dbo,TNATUREBUDGETAIRETRESORERIE,,1,Caption,nvarchar,256,0,0,1,
dbo,TNATUREBUDGETAIRETRESORERIE,,2,code,nvarchar,256,0,0,1,
dbo,TNATUREBUDGETAIRETRESORERIE,,3,idOTP,int,4,10,0,1,
dbo,TNATUREBUDGETAIRETRESORERIE,,4,oid,TOID,32,0,0,0,
dbo,TNATUREBUDGETAIRETRESORERIE,,5,sensFlux,smallint,2,5,0,1,
dbo,TNATUREBUDGETAIRETRESORERIE,,6,UpdDate,datetime,8,23,3,1,
dbo,TNATUREBUDGETAIRETRESORERIE,,7,UpdStamp,char,16,0,0,1,
dbo,TNATUREBUDGETAIRETRESORERIE,,8,UpdUser,nvarchar,48,0,0,1,
dbo,TNATUREECONOMIQUE,,1,Caption,nvarchar,256,0,0,1,
dbo,TNATUREECONOMIQUE,,2,code,nvarchar,256,0,0,1,
dbo,TNATUREECONOMIQUE,,3,idOTP,int,4,10,0,1,
dbo,TNATUREECONOMIQUE,,4,oid,TOID,32,0,0,0,
dbo,TNATUREECONOMIQUE,,5,systeme,bit,1,1,0,1,
dbo,TNATUREECONOMIQUE,,6,UpdDate,datetime,8,23,3,1,
dbo,TNATUREECONOMIQUE,,7,UpdStamp,char,16,0,0,1,
dbo,TNATUREECONOMIQUE,,8,UpdUser,nvarchar,48,0,0,1,
dbo,TNATUREECONOMIQUESALARIE,,1,Caption,nvarchar,256,0,0,1,
dbo,TNATUREECONOMIQUESALARIE,,2,code,nvarchar,256,0,0,1,
dbo,TNATUREECONOMIQUESALARIE,,3,idOTP,int,4,10,0,1,
dbo,TNATUREECONOMIQUESALARIE,,4,oid,TOID,32,0,0,0,
dbo,TNATUREECONOMIQUESALARIE,,5,systeme,bit,1,1,0,1,
dbo,TNATUREECONOMIQUESALARIE,,6,UpdDate,datetime,8,23,3,1,
dbo,TNATUREECONOMIQUESALARIE,,7,UpdStamp,char,16,0,0,1,
dbo,TNATUREECONOMIQUESALARIE,,8,UpdUser,nvarchar,48,0,0,1,
dbo,TNATURESEPA,,1,Caption,nvarchar,256,0,0,1,
dbo,TNATURESEPA,,2,Classification,nvarchar,256,0,0,1,
dbo,TNATURESEPA,,3,Code,nvarchar,256,0,0,1,
dbo,TNATURESEPA,,4,Definition,nvarchar,256,0,0,1,
dbo,TNATURESEPA,,5,idOTP,int,4,10,0,1,
dbo,TNATURESEPA,,6,oid,TOID,32,0,0,0,
dbo,TNATURESEPA,,7,Systeme,bit,1,1,0,1,
dbo,TNATURESEPA,,8,UpdDate,datetime,8,23,3,1,
dbo,TNATURESEPA,,9,UpdStamp,char,16,0,0,1,
dbo,TNATURESEPA,,10,UpdUser,nvarchar,48,0,0,1,
dbo,TNATUREVALIDATION,,1,Caption,nvarchar,256,0,0,1,
dbo,TNATUREVALIDATION,,2,code,nvarchar,256,0,0,1,
dbo,TNATUREVALIDATION,,3,idOTP,int,4,10,0,1,
dbo,TNATUREVALIDATION,,4,oid,TOID,32,0,0,0,
dbo,TNATUREVALIDATION,,5,oidRegleValidation,TOID,32,0,0,1,
dbo,TNATUREVALIDATION,,6,UpdDate,datetime,8,23,3,1,
dbo,TNATUREVALIDATION,,7,UpdStamp,char,16,0,0,1,
dbo,TNATUREVALIDATION,,8,UpdUser,nvarchar,48,0,0,1,
dbo,TNATUREVALIDATIONDEMANDEUR,,1,Caption,nvarchar,256,0,0,1,
dbo,TNATUREVALIDATIONDEMANDEUR,,2,code,nvarchar,256,0,0,1,
dbo,TNATUREVALIDATIONDEMANDEUR,,3,idOTP,int,4,10,0,1,
dbo,TNATUREVALIDATIONDEMANDEUR,,4,oid,TOID,32,0,0,0,
dbo,TNATUREVALIDATIONDEMANDEUR,,5,oidRegleValidation,TOID,32,0,0,1,
dbo,TNATUREVALIDATIONDEMANDEUR,,6,UpdDate,datetime,8,23,3,1,
dbo,TNATUREVALIDATIONDEMANDEUR,,7,UpdStamp,char,16,0,0,1,
dbo,TNATUREVALIDATIONDEMANDEUR,,8,UpdUser,nvarchar,48,0,0,1,
dbo,TNATUREVALIDATIONNF,,1,Caption,nvarchar,256,0,0,1,
dbo,TNATUREVALIDATIONNF,,2,code,nvarchar,256,0,0,1,
dbo,TNATUREVALIDATIONNF,,3,emissionReglement,bit,1,1,0,1,
dbo,TNATUREVALIDATIONNF,,4,idOTP,int,4,10,0,1,
dbo,TNATUREVALIDATIONNF,,5,oid,TOID,32,0,0,0,
dbo,TNATUREVALIDATIONNF,,6,oidRegleValidation,TOID,32,0,0,1,
dbo,TNATUREVALIDATIONNF,,7,UpdDate,datetime,8,23,3,1,
dbo,TNATUREVALIDATIONNF,,8,UpdStamp,char,16,0,0,1,
dbo,TNATUREVALIDATIONNF,,9,UpdUser,nvarchar,48,0,0,1,
dbo,TNIVEAURELANCE,,1,Caption,nvarchar,256,0,0,1,
dbo,TNIVEAURELANCE,,2,idOTP,int,4,10,0,1,
dbo,TNIVEAURELANCE,,3,modeleLettre,nvarchar,256,0,0,1,
dbo,TNIVEAURELANCE,,4,nbreJourRetard,int,4,10,0,1,
dbo,TNIVEAURELANCE,,5,niveau,int,4,10,0,1,
dbo,TNIVEAURELANCE,,6,oid,TOID,32,0,0,0,
dbo,TNIVEAURELANCE,,7,oidGroupeRelance,TOID,32,0,0,1,
dbo,TNIVEAURELANCE,,8,UpdDate,datetime,8,23,3,1,
dbo,TNIVEAURELANCE,,9,UpdStamp,char,16,0,0,1,
dbo,TNIVEAURELANCE,,10,UpdUser,nvarchar,48,0,0,1,
dbo,TNMODEREGLEMENT,,1,Caption,nvarchar,256,0,0,1,
dbo,TNMODEREGLEMENT,,2,code,nvarchar,256,0,0,1,
dbo,TNMODEREGLEMENT,,3,idOTP,int,4,10,0,1,
dbo,TNMODEREGLEMENT,,4,libelleNorme,nvarchar,256,0,0,1,
dbo,TNMODEREGLEMENT,,5,oid,TOID,32,0,0,0,
dbo,TNMODEREGLEMENT,,6,UpdDate,datetime,8,23,3,1,
dbo,TNMODEREGLEMENT,,7,UpdStamp,char,16,0,0,1,
dbo,TNMODEREGLEMENT,,8,UpdUser,nvarchar,48,0,0,1,
dbo,TNOTEFRAIS,,1,Caption,nvarchar,256,0,0,1,
dbo,TNOTEFRAIS,,2,commentaire,nvarchar,-1,0,0,1,
dbo,TNOTEFRAIS,,3,dateValidation,datetime,8,23,3,1,
dbo,TNOTEFRAIS,,4,depassementAutorise,bit,1,1,0,1,
dbo,TNOTEFRAIS,,5,estComptabilise,bit,1,1,0,1,
dbo,TNOTEFRAIS,,6,estConfirme,bit,1,1,0,1,
dbo,TNOTEFRAIS,,7,estRefuse,bit,1,1,0,1,
dbo,TNOTEFRAIS,,8,estRegle,bit,1,1,0,1,
dbo,TNOTEFRAIS,,9,estValide,bit,1,1,0,1,
dbo,TNOTEFRAIS,,10,facturable,bit,1,1,0,1,
dbo,TNOTEFRAIS,,11,idOTP,int,4,10,0,1,
dbo,TNOTEFRAIS,,12,justificatif,nvarchar,256,0,0,1,
dbo,TNOTEFRAIS,,13,modeRemboursement,smallint,2,5,0,1,
dbo,TNOTEFRAIS,,14,montantRetenu,money,8,19,4,1,
dbo,TNOTEFRAIS,,15,montantRetenu_CodeDevise,nvarchar,6,0,0,1,
dbo,TNOTEFRAIS,,16,montantRetenu_Date,datetime,8,23,3,1,
dbo,TNOTEFRAIS,,17,montantRetenu_TCConv,nvarchar,256,0,0,1,
dbo,TNOTEFRAIS,,18,montantRetenu_TCValue,money,8,19,4,1,
dbo,TNOTEFRAIS,,19,montantRetenu_RPConv,nvarchar,256,0,0,1,
dbo,TNOTEFRAIS,,20,montantRetenu_RPValue,money,8,19,4,1,
dbo,TNOTEFRAIS,,21,montantTTC,money,8,19,4,1,
dbo,TNOTEFRAIS,,22,montantTTC_CodeDevise,nvarchar,6,0,0,1,
dbo,TNOTEFRAIS,,23,montantTVA,money,8,19,4,1,
dbo,TNOTEFRAIS,,24,montantTVA_CodeDevise,nvarchar,6,0,0,1,
dbo,TNOTEFRAIS,,25,nDate,datetime,8,23,3,1,
dbo,TNOTEFRAIS,,26,numero,nvarchar,64,0,0,1,
dbo,TNOTEFRAIS,,27,numero_CounterName,nvarchar,64,0,0,1,
dbo,TNOTEFRAIS,,28,numeroTraitement,int,4,10,0,1,
dbo,TNOTEFRAIS,,29,oid,TOID,32,0,0,0,
dbo,TNOTEFRAIS,,30,oidAffaire,TOID,32,0,0,1,
dbo,TNOTEFRAIS,,31,oidAvanceFrais,TOID,32,0,0,1,
dbo,TNOTEFRAIS,,32,oidBaremeKilometrique,TOID,32,0,0,1,
dbo,TNOTEFRAIS,,33,oidDernierValideur,TOID,32,0,0,1,
dbo,TNOTEFRAIS,,34,oidDossierNF,TOID,32,0,0,1,
dbo,TNOTEFRAIS,,35,oidEtablissement,TOID,32,0,0,1,
dbo,TNOTEFRAIS,,36,oidEtatNF,TOID,32,0,0,1,
dbo,TNOTEFRAIS,,37,oidFraisSalarie,TOID,32,0,0,1,
dbo,TNOTEFRAIS,,38,oidNatureValidationNF,TOID,32,0,0,1,
dbo,TNOTEFRAIS,,39,oidReglement,TOID,32,0,0,1,
dbo,TNOTEFRAIS,,40,oidRegleValidationDetail,TOID,32,0,0,1,
dbo,TNOTEFRAIS,,41,oidSalarie,TOID,32,0,0,1,
dbo,TNOTEFRAIS,,42,oidService,TOID,32,0,0,1,
dbo,TNOTEFRAIS,,43,oidTiers,TOID,32,0,0,1,
dbo,TNOTEFRAIS,,44,oidVehicule,TOID,32,0,0,1,
dbo,TNOTEFRAIS,,45,origine,smallint,2,5,0,1,
dbo,TNOTEFRAIS,,46,pieceComptable,nvarchar,256,0,0,1,
dbo,TNOTEFRAIS,,47,plafond,money,8,19,4,1,
dbo,TNOTEFRAIS,,48,plafond_CodeDevise,nvarchar,6,0,0,1,
dbo,TNOTEFRAIS,,49,quantite,float,8,53,0,1,
dbo,TNOTEFRAIS,,50,quantite_Decimales,int,4,10,0,1,
dbo,TNOTEFRAIS,,51,quantite_CodeUnit,nvarchar,64,0,0,1,
dbo,TNOTEFRAIS,,52,referencePiece,nvarchar,256,0,0,1,
dbo,TNOTEFRAIS,,53,statut,smallint,2,5,0,1,
dbo,TNOTEFRAIS,,54,statutComptabilisation,smallint,2,5,0,1,
dbo,TNOTEFRAIS,,55,UpdDate,datetime,8,23,3,1,
dbo,TNOTEFRAIS,,56,UpdStamp,char,16,0,0,1,
dbo,TNOTEFRAIS,,57,UpdUser,nvarchar,48,0,0,1,
dbo,TNTAXE,,1,Caption,nvarchar,256,0,0,1,
dbo,TNTAXE,,2,code,nvarchar,256,0,0,1,
dbo,TNTAXE,,3,idOTP,int,4,10,0,1,
dbo,TNTAXE,,4,libelleNorme,nvarchar,256,0,0,1,
dbo,TNTAXE,,5,oid,TOID,32,0,0,0,
dbo,TNTAXE,,6,UpdDate,datetime,8,23,3,1,
dbo,TNTAXE,,7,UpdStamp,char,16,0,0,1,
dbo,TNTAXE,,8,UpdUser,nvarchar,48,0,0,1,
dbo,TNUMEROENSEMBLEIMMO,,1,Caption,nvarchar,256,0,0,1,
dbo,TNUMEROENSEMBLEIMMO,,2,code,nvarchar,256,0,0,1,
dbo,TNUMEROENSEMBLEIMMO,,3,idOTP,int,4,10,0,1,
dbo,TNUMEROENSEMBLEIMMO,,4,oid,TOID,32,0,0,0,
dbo,TNUMEROENSEMBLEIMMO,,5,UpdDate,datetime,8,23,3,1,
dbo,TNUMEROENSEMBLEIMMO,,6,UpdStamp,char,16,0,0,1,
dbo,TNUMEROENSEMBLEIMMO,,7,UpdUser,nvarchar,48,0,0,1,
dbo,TNUNITE,,1,Caption,nvarchar,256,0,0,1,
dbo,TNUNITE,,2,code,nvarchar,256,0,0,1,
dbo,TNUNITE,,3,idOTP,int,4,10,0,1,
dbo,TNUNITE,,4,libelleNorme,nvarchar,256,0,0,1,
dbo,TNUNITE,,5,oid,TOID,32,0,0,0,
dbo,TNUNITE,,6,UpdDate,datetime,8,23,3,1,
dbo,TNUNITE,,7,UpdStamp,char,16,0,0,1,
dbo,TNUNITE,,8,UpdUser,nvarchar,48,0,0,1,
dbo,TORDREDEVERSEMENT,,1,Caption,nvarchar,256,0,0,1,
dbo,TORDREDEVERSEMENT,,2,idOTP,int,4,10,0,1,
dbo,TORDREDEVERSEMENT,,3,niveau,int,4,10,0,1,
dbo,TORDREDEVERSEMENT,,4,oid,TOID,32,0,0,0,
dbo,TORDREDEVERSEMENT,,5,oidEnchainementDeversement,TOID,32,0,0,1,
dbo,TORDREDEVERSEMENT,,6,oidGroupeDeversement,TOID,32,0,0,1,
dbo,TORDREDEVERSEMENT,,7,UpdDate,datetime,8,23,3,1,
dbo,TORDREDEVERSEMENT,,8,UpdStamp,char,16,0,0,1,
dbo,TORDREDEVERSEMENT,,9,UpdUser,nvarchar,48,0,0,1,
dbo,TORDREPAIEMENT,,1,avisEdite,datetime,8,23,3,1,
dbo,TORDREPAIEMENT,,2,bordereau,nvarchar,256,0,0,1,
dbo,TORDREPAIEMENT,,3,Caption,nvarchar,256,0,0,1,
dbo,TORDREPAIEMENT,,4,codeMotifRejet,nvarchar,256,0,0,1,
dbo,TORDREPAIEMENT,,5,comptabilise,datetime,8,23,3,1,
dbo,TORDREPAIEMENT,,6,dateCreation,datetime,8,23,3,1,
dbo,TORDREPAIEMENT,,7,dateExecution,datetime,8,23,3,1,
dbo,TORDREPAIEMENT,,8,dateValidation,datetime,8,23,3,1,
dbo,TORDREPAIEMENT,,9,estBICNonRequis,bit,1,1,0,1,
dbo,TORDREPAIEMENT,,10,estConfirme,bit,1,1,0,1,
dbo,TORDREPAIEMENT,,11,estRefuse,bit,1,1,0,1,
dbo,TORDREPAIEMENT,,12,estUrgent,bit,1,1,0,1,
dbo,TORDREPAIEMENT,,13,estValide,bit,1,1,0,1,
dbo,TORDREPAIEMENT,,14,idOTP,int,4,10,0,1,
dbo,TORDREPAIEMENT,,15,isEtatInitial,bit,1,1,0,1,
dbo,TORDREPAIEMENT,,16,libelleComplementaire,nvarchar,256,0,0,1,
dbo,TORDREPAIEMENT,,17,modeExpressionDevise,smallint,2,5,0,1,
dbo,TORDREPAIEMENT,,18,montant,money,8,19,4,1,
dbo,TORDREPAIEMENT,,19,montant_CodeDevise,nvarchar,6,0,0,1,
dbo,TORDREPAIEMENT,,20,montantTenue,money,8,19,4,1,
dbo,TORDREPAIEMENT,,21,montantTenue_CodeDevise,nvarchar,6,0,0,1,
dbo,TORDREPAIEMENT,,22,motifReglement1,nvarchar,510,0,0,1,
dbo,TORDREPAIEMENT,,23,motifReglement2,nvarchar,510,0,0,1,
dbo,TORDREPAIEMENT,,24,motifReglement3,nvarchar,510,0,0,1,
dbo,TORDREPAIEMENT,,25,motifReglement4,nvarchar,510,0,0,1,
dbo,TORDREPAIEMENT,,26,noComptabilisation,int,4,10,0,1,
dbo,TORDREPAIEMENT,,27,noTraitementIntegration,int,4,10,0,1,
dbo,TORDREPAIEMENT,,28,numero,nvarchar,64,0,0,1,
dbo,TORDREPAIEMENT,,29,numero_CounterName,nvarchar,64,0,0,1,
dbo,TORDREPAIEMENT,,30,numeroTraitement,int,4,10,0,1,
dbo,TORDREPAIEMENT,,31,oid,TOID,32,0,0,0,
dbo,TORDREPAIEMENT,,32,oidCompteBancaireEts,TOID,32,0,0,1,
dbo,TORDREPAIEMENT,,33,oidCompteBancaireTiers,TOID,32,0,0,1,
dbo,TORDREPAIEMENT,,34,oidDernierValideur,TOID,32,0,0,1,
dbo,TORDREPAIEMENT,,35,oidEtatOrdrePaiement,TOID,32,0,0,1,
dbo,TORDREPAIEMENT,,36,oidMotifEconomique,TOID,32,0,0,1,
dbo,TORDREPAIEMENT,,37,oidNatureSepa,TOID,32,0,0,1,
dbo,TORDREPAIEMENT,,38,oidNatureValidation,TOID,32,0,0,1,
dbo,TORDREPAIEMENT,,39,oidorigineordre,TOID,32,0,0,1,
dbo,TORDREPAIEMENT,,40,oidReferenceOrdrePaiement,TOID,32,0,0,1,
dbo,TORDREPAIEMENT,,41,oidRegleValidationOrdre,TOID,32,0,0,1,
dbo,TORDREPAIEMENT,,42,oidRemiseBancaire,TOID,32,0,0,1,
dbo,TORDREPAIEMENT,,43,oidRoleTiers,TOID,32,0,0,1,
dbo,TORDREPAIEMENT,,44,oidRoleTiersBeneficiaire,TOID,32,0,0,1,
dbo,TORDREPAIEMENT,,45,oidSociete,TOID,32,0,0,1,
dbo,TORDREPAIEMENT,,46,oidTiersSocieteDO,TOID,32,0,0,1,
dbo,TORDREPAIEMENT,,47,oidTypeRemiseBanque,TOID,32,0,0,1,
dbo,TORDREPAIEMENT,,48,origine,smallint,2,5,0,1,
dbo,TORDREPAIEMENT,,49,pourCumulNbOrdreRemise,int,4,10,0,1,
dbo,TORDREPAIEMENT,,50,reference,nvarchar,256,0,0,1,
dbo,TORDREPAIEMENT,,51,referenceComplementaire,nvarchar,256,0,0,1,
dbo,TORDREPAIEMENT,,52,StatutComptaBanque,smallint,2,5,0,1,
dbo,TORDREPAIEMENT,,53,supportPaiement,smallint,2,5,0,1,
dbo,TORDREPAIEMENT,,54,UpdDate,datetime,8,23,3,1,
dbo,TORDREPAIEMENT,,55,UpdStamp,char,16,0,0,1,
dbo,TORDREPAIEMENT,,56,UpdUser,nvarchar,48,0,0,1,
dbo,TORDREPAIEMENT,,57,codeDailly,smallint,2,5,0,1,
dbo,TORDREPAIEMENT,,58,codeEntree,smallint,2,5,0,1,
dbo,TORDREPAIEMENT,,59,dateValeur,datetime,8,23,3,1,
dbo,TORDREPAIEMENT,,60,estEffetAVue,bit,1,1,0,1,
dbo,TORDREPAIEMENT,,61,estEndosse,bit,1,1,0,1,
dbo,TORDREPAIEMENT,,62,oidTiersEndosse,TOID,32,0,0,1,
dbo,TORDREPAIEMENT,,63,refTire,nvarchar,256,0,0,1,
dbo,TORDREPAIEMENT,,64,refTireur,nvarchar,256,0,0,1,
dbo,TORDREPAIEMENT,,65,typeAcceptation,smallint,2,5,0,1,
dbo,TORDREPAIEMENT,,66,estAmende,bit,1,1,0,1,
dbo,TORDREPAIEMENT,,67,forceRang,bit,1,1,0,1,
dbo,TORDREPAIEMENT,,68,oidAmendement,TOID,32,0,0,1,
dbo,TORDREPAIEMENT,,69,oidMandatSEPA,TOID,32,0,0,1,
dbo,TORDREPAIEMENT,,70,rang,smallint,2,5,0,1,
dbo,TORDREPAIEMENT,,71,typeFinancementVCOM,smallint,2,5,0,1,
dbo,TORDREPAIEMENT,,72,autreInstructionBenef1,nvarchar,256,0,0,1,
dbo,TORDREPAIEMENT,,73,autreInstructionBenef2,nvarchar,256,0,0,1,
dbo,TORDREPAIEMENT,,74,autreInstructionBenef3,nvarchar,256,0,0,1,
dbo,TORDREPAIEMENT,,75,estAchatAuComptant,bit,1,1,0,1,
dbo,TORDREPAIEMENT,,76,estContratChange,bit,1,1,0,1,
dbo,TORDREPAIEMENT,,77,estImputeCpteFrais,bit,1,1,0,1,
dbo,TORDREPAIEMENT,,78,estInstructionParticuliere,bit,1,1,0,1,
dbo,TORDREPAIEMENT,,79,estInstructionsCompl,bit,1,1,0,1,
dbo,TORDREPAIEMENT,,80,faxBenef,nvarchar,256,0,0,1,
dbo,TORDREPAIEMENT,,81,imputationFrais,smallint,2,5,0,1,
dbo,TORDREPAIEMENT,,82,intructPartCHQB,nvarchar,510,0,0,1,
dbo,TORDREPAIEMENT,,83,intructPartCORT,nvarchar,510,0,0,1,
dbo,TORDREPAIEMENT,,84,intructPartINTC,nvarchar,510,0,0,1,
dbo,TORDREPAIEMENT,,85,intructPartOTHR,nvarchar,510,0,0,1,
dbo,TORDREPAIEMENT,,86,intructPartPHON,nvarchar,510,0,0,1,
dbo,TORDREPAIEMENT,,87,intructPartURGP,nvarchar,510,0,0,1,
dbo,TORDREPAIEMENT,,88,isInstrucPartPHON,bit,1,1,0,1,
dbo,TORDREPAIEMENT,,89,isIntructPartCHQB,bit,1,1,0,1,
dbo,TORDREPAIEMENT,,90,isIntructPartCORT,bit,1,1,0,1,
dbo,TORDREPAIEMENT,,91,isIntructPartINTC,bit,1,1,0,1,
dbo,TORDREPAIEMENT,,92,isIntructPartOTHR,bit,1,1,0,1,
dbo,TORDREPAIEMENT,,93,isIntructPartURGP,bit,1,1,0,1,
dbo,TORDREPAIEMENT,,94,modeAvertissement,smallint,2,5,0,1,
dbo,TORDREPAIEMENT,,95,modeReglement,smallint,2,5,0,1,
dbo,TORDREPAIEMENT,,96,numTelBenef,nvarchar,256,0,0,1,
dbo,TORDREPAIEMENT,,97,oidAgenceBancaireInterm,TOID,32,0,0,1,
dbo,TORDREPAIEMENT,,98,oidCompteFrais,TOID,32,0,0,1,
dbo,TORDREPAIEMENT,,99,oidDeviseTransfert,TOID,32,0,0,1,
dbo,TORDREPAIEMENT,,100,oidPaysMarchandise,TOID,32,0,0,1,
dbo,TORDREPAIEMENT,,101,referenceContrat,nvarchar,256,0,0,1,
dbo,TORDREPAIEMENT,,102,tauxContrat,float,8,53,0,1,
dbo,TORDREPAIEMENT,,103,tauxContrat_Decimales,int,4,10,0,1,
dbo,TORDREPAIEMENT,,104,oidCompteBancaireCredite,TOID,32,0,0,1,
dbo,TORDREPAIEMENT,,105,estAVue,bit,1,1,0,1,
dbo,TORDREPAIEMENT,,106,codeAcceptation,nvarchar,256,0,0,1,
dbo,TORDREPAIEMENT,,107,dateEntreePortefeuille,datetime,8,23,3,1,
dbo,TORDREPAIEMENT,,108,dateExecutionPresente,datetime,8,23,3,1,
dbo,TORDREPAIEMENT,,109,dateReglement,datetime,8,23,3,1,
dbo,TORDREPAIEMENT,,110,libDomiciliataire,nvarchar,256,0,0,1,
dbo,TORDREPAIEMENT,,111,montantPresente,money,8,19,4,1,
dbo,TORDREPAIEMENT,,112,montantPresente_CodeDevise,nvarchar,6,0,0,1,
dbo,TORDREPAIEMENT,,113,numOrdreEtsDomiciliataire,nvarchar,256,0,0,1,
dbo,TORDREPAIEMENT,,114,oidMotifRejetLCRFournisseur,TOID,32,0,0,1,
dbo,TORDREPAIEMENT,,115,refPresentateur,nvarchar,256,0,0,1,
dbo,TORIGINEBIEN,,1,Caption,nvarchar,256,0,0,1,
dbo,TORIGINEBIEN,,2,coefDeduction,float,8,53,0,1,
dbo,TORIGINEBIEN,,3,coefDeduction_Decimales,int,4,10,0,1,
dbo,TORIGINEBIEN,,4,datePiece,datetime,8,23,3,1,
dbo,TORIGINEBIEN,,5,idOTP,int,4,10,0,1,
dbo,TORIGINEBIEN,,6,montant,money,8,19,4,1,
dbo,TORIGINEBIEN,,7,montant_CodeDevise,nvarchar,6,0,0,1,
dbo,TORIGINEBIEN,,8,montantTVADeductible,money,8,19,4,1,
dbo,TORIGINEBIEN,,9,montantTVADeductible_CodeDevis,nvarchar,6,0,0,1,
dbo,TORIGINEBIEN,,10,montantTVAFacturee,money,8,19,4,1,
dbo,TORIGINEBIEN,,11,montantTVAFacturee_CodeDevise,nvarchar,6,0,0,1,
dbo,TORIGINEBIEN,,12,numeroLigne,int,4,10,0,1,
dbo,TORIGINEBIEN,,13,numeroPiece,nvarchar,256,0,0,1,
dbo,TORIGINEBIEN,,14,oid,TOID,32,0,0,0,
dbo,TORIGINEBIEN,,15,oidEcriture,TOID,32,0,0,1,
dbo,TORIGINEBIEN,,16,quantite,float,8,53,0,1,
dbo,TORIGINEBIEN,,17,quantite_Decimales,int,4,10,0,1,
dbo,TORIGINEBIEN,,18,quantite_CodeUnit,nvarchar,64,0,0,1,
dbo,TORIGINEBIEN,,19,reference,nvarchar,256,0,0,1,
dbo,TORIGINEBIEN,,20,tiers,nvarchar,256,0,0,1,
dbo,TORIGINEBIEN,,21,UpdDate,datetime,8,23,3,1,
dbo,TORIGINEBIEN,,22,UpdStamp,char,16,0,0,1,
dbo,TORIGINEBIEN,,23,UpdUser,nvarchar,48,0,0,1,
dbo,TORIGINEBIEN,,24,oidBienComptable,TOID,32,0,0,1,
dbo,TORIGINEBIEN,,25,oidPieceValorisationBien,TOID,32,0,0,1,
dbo,TPARAMARRETECOMPTE,,1,Caption,nvarchar,256,0,0,1,
dbo,TPARAMARRETECOMPTE,,2,code,nvarchar,256,0,0,1,
dbo,TPARAMARRETECOMPTE,,3,idOTP,int,4,10,0,1,
dbo,TPARAMARRETECOMPTE,,4,oid,TOID,32,0,0,0,
dbo,TPARAMARRETECOMPTE,,5,UpdDate,datetime,8,23,3,1,
dbo,TPARAMARRETECOMPTE,,6,UpdStamp,char,16,0,0,1,
dbo,TPARAMARRETECOMPTE,,7,UpdUser,nvarchar,48,0,0,1,
dbo,TPARAMETREBIENPHYSIQUE,,1,Caption,nvarchar,256,0,0,1,
dbo,TPARAMETREBIENPHYSIQUE,,2,idOTP,int,4,10,0,1,
dbo,TPARAMETREBIENPHYSIQUE,,3,oid,TOID,32,0,0,0,
dbo,TPARAMETREBIENPHYSIQUE,,4,oidcompteurBienPhysique,TOID,32,0,0,1,
dbo,TPARAMETREBIENPHYSIQUE,,5,oidcompteurEclatPhysique,TOID,32,0,0,1,
dbo,TPARAMETREBIENPHYSIQUE,,6,oidCompteurFichierInventair,TOID,32,0,0,1,
dbo,TPARAMETREBIENPHYSIQUE,,7,oidCompteurInventaire,TOID,32,0,0,1,
dbo,TPARAMETREBIENPHYSIQUE,,8,oidcompteurMouvPhysique,TOID,32,0,0,1,
dbo,TPARAMETREBIENPHYSIQUE,,9,oidcompteurSortieBien,TOID,32,0,0,1,
dbo,TPARAMETREBIENPHYSIQUE,,10,oidUnite,TOID,32,0,0,1,
dbo,TPARAMETREBIENPHYSIQUE,,11,TypeCodeBarreBienPhysique,smallint,2,5,0,1,
dbo,TPARAMETREBIENPHYSIQUE,,12,typeCodeBarreCategorie,smallint,2,5,0,1,
dbo,TPARAMETREBIENPHYSIQUE,,13,TypeCodeBarreEmplacement,smallint,2,5,0,1,
dbo,TPARAMETREBIENPHYSIQUE,,14,UpdDate,datetime,8,23,3,1,
dbo,TPARAMETREBIENPHYSIQUE,,15,UpdStamp,char,16,0,0,1,
dbo,TPARAMETREBIENPHYSIQUE,,16,UpdUser,nvarchar,48,0,0,1,
dbo,TPARAMETRECOMPTABLE,,1,autoriserCollDifferents,bit,1,1,0,1,
dbo,TPARAMETRECOMPTABLE,,2,bloqueLettragePeriodeFerme,bit,1,1,0,1,
dbo,TPARAMETRECOMPTABLE,,3,Caption,nvarchar,256,0,0,1,
dbo,TPARAMETRECOMPTABLE,,4,comptabilitePlurimonetaire,bit,1,1,0,1,
dbo,TPARAMETRECOMPTABLE,,5,comptesPrivilegiesEnSaisie,bit,1,1,0,1,
dbo,TPARAMETRECOMPTABLE,,6,conserverAffaireOuverte,bit,1,1,0,1,
dbo,TPARAMETRECOMPTABLE,,7,desequilibreAutre,bit,1,1,0,1,
dbo,TPARAMETRECOMPTABLE,,8,detailEcritureControle,smallint,2,5,0,1,
dbo,TPARAMETRECOMPTABLE,,9,detailEcritureGestion,bit,1,1,0,1,
dbo,TPARAMETRECOMPTABLE,,10,estImmobilisation,bit,1,1,0,1,
dbo,TPARAMETRECOMPTABLE,,11,gestionIASIFRS,bit,1,1,0,1,
dbo,TPARAMETRECOMPTABLE,,12,gestionRegulTVAImmo,bit,1,1,0,1,
dbo,TPARAMETRECOMPTABLE,,13,idOTP,int,4,10,0,1,
dbo,TPARAMETRECOMPTABLE,,14,InterdireEcartsChange,bit,1,1,0,1,
dbo,TPARAMETRECOMPTABLE,,15,limitationEcheances,bit,1,1,0,1,
dbo,TPARAMETRECOMPTABLE,,16,MaxEcrituresParPiece,int,4,10,0,1,
dbo,TPARAMETRECOMPTABLE,,17,MessageLettragePartiel,bit,1,1,0,1,
dbo,TPARAMETRECOMPTABLE,,18,modifCours,bit,1,1,0,1,
dbo,TPARAMETRECOMPTABLE,,19,montantEcart,money,8,19,4,1,
dbo,TPARAMETRECOMPTABLE,,20,montantEcart_CodeDevise,nvarchar,6,0,0,1,
dbo,TPARAMETRECOMPTABLE,,21,nbLimiteAffEcriture,int,4,10,0,1,
dbo,TPARAMETRECOMPTABLE,,22,numerateurExercice,smallint,2,5,0,1,
dbo,TPARAMETRECOMPTABLE,,23,oid,TOID,32,0,0,0,
dbo,TPARAMETRECOMPTABLE,,24,oidCodeLimitationEcheance,TOID,32,0,0,1,
dbo,TPARAMETRECOMPTABLE,,25,oidCodeSeuilEcartReglement,TOID,32,0,0,1,
dbo,TPARAMETRECOMPTABLE,,26,oidcoefficientAdmission,TOID,32,0,0,1,
dbo,TPARAMETRECOMPTABLE,,27,oidDimensionTemps,TOID,32,0,0,1,
dbo,TPARAMETRECOMPTABLE,,28,oidDimensionTempsQuotas,TOID,32,0,0,1,
dbo,TPARAMETRECOMPTABLE,,29,oidProfilTVACEEDeductible,TOID,32,0,0,1,
dbo,TPARAMETRECOMPTABLE,,30,oidtvaReglementDecaissement,TOID,32,0,0,1,
dbo,TPARAMETRECOMPTABLE,,31,oidtvaReglementEncaissement,TOID,32,0,0,1,
dbo,TPARAMETRECOMPTABLE,,32,periodiciteEdiTVA,smallint,2,5,0,1,
dbo,TPARAMETRECOMPTABLE,,33,plageApres,int,4,10,0,1,
dbo,TPARAMETRECOMPTABLE,,34,plageAvant,int,4,10,0,1,
dbo,TPARAMETRECOMPTABLE,,35,RegroupementSoldeDetaille,nvarchar,256,0,0,1,
dbo,TPARAMETRECOMPTABLE,,36,SaisieKilometre,bit,1,1,0,1,
dbo,TPARAMETRECOMPTABLE,,37,saisieLot,bit,1,1,0,1,
dbo,TPARAMETRECOMPTABLE,,38,saisieSimplifieAnalytique,bit,1,1,0,1,
dbo,TPARAMETRECOMPTABLE,,39,saisieSimplifieEcheance,bit,1,1,0,1,
dbo,TPARAMETRECOMPTABLE,,40,typeControlCFONB,smallint,2,5,0,1,
dbo,TPARAMETRECOMPTABLE,,41,typeControlDoublonsPiece,smallint,2,5,0,1,
dbo,TPARAMETRECOMPTABLE,,42,typeControlQuotas,smallint,2,5,0,1,
dbo,TPARAMETRECOMPTABLE,,43,TypeControlReferencePiece,smallint,2,5,0,1,
dbo,TPARAMETRECOMPTABLE,,44,TypeUniciteReferencePiece,smallint,2,5,0,1,
dbo,TPARAMETRECOMPTABLE,,45,UpdDate,datetime,8,23,3,1,
dbo,TPARAMETRECOMPTABLE,,46,UpdStamp,char,16,0,0,1,
dbo,TPARAMETRECOMPTABLE,,47,UpdUser,nvarchar,48,0,0,1,
dbo,TPARAMETRECOMPTABLE,,48,variationCoefProvisoire,int,4,10,0,1,
dbo,TPARAMETRECOMPTABLE,,49,variationCoefReference,int,4,10,0,1,
dbo,TPARAMETRECOMPTABLE,,50,DateDerniereLancement,datetime,8,23,3,1,
dbo,TPARAMETRECOMPTABLE,,51,collectifPrivilegie,bit,1,1,0,1,
dbo,TPARAMETRECOMPTABLE,,52,ecartReevaluationReporting,bit,1,1,0,1,
dbo,TPARAMETRECOMPTABLE,,53,notEcrInterEtablissement,bit,1,1,0,1,
dbo,TPARAMETRECOMPTABLE,,54,SeuilDAS2,money,8,19,4,1,
dbo,TPARAMETRECOMPTABLE,,55,SeuilDAS2_CodeDevise,nvarchar,6,0,0,1,
dbo,TPARAMETRECOMPTABLE,,56,TauxDeduction,money,8,19,4,1,
dbo,TPARAMETRECOMPTABLE,,57,AppliquerModelVentilation,bit,1,1,0,1,
dbo,TPARAMETRECOMPTABLE,,58,autoriserDeverssementMultiple,bit,1,1,0,1,
dbo,TPARAMETRECOMPTABLE,,59,ComptaAssurance,bit,1,1,0,1,
dbo,TPARAMETRECOMPTABLE,,60,ControlClef,smallint,2,5,0,1,
dbo,TPARAMETRECOMPTABLE,,61,oidClefDeversementAssurance,TOID,32,0,0,1,
dbo,TPARAMETRECOMPTABLE,,62,oidCptDeversementAssurance,TOID,32,0,0,1,
dbo,TPARAMETRECOMPTABLE,,63,oidEspaceAnalytique1,TOID,32,0,0,1,
dbo,TPARAMETRECOMPTABLE,,64,oidEspaceAnalytique2,TOID,32,0,0,1,
dbo,TPARAMETRECOMPTABLE,,65,oidEspaceAnalytique3,TOID,32,0,0,1,
dbo,TPARAMETRECOMPTABLE,,66,oidEspaceAnalytique4,TOID,32,0,0,1,
dbo,TPARAMETRECOMPTABLE,,67,oidEspaceAnalytique5,TOID,32,0,0,1,
dbo,TPARAMETRECOMPTABLE,,68,includeAllChars,bit,1,1,0,1,
dbo,TPARAMETRECOMPTABLE,,69,LibelleAutoTransfert,bit,1,1,0,1,
dbo,TPARAMETRECOMPTABLE,,70,oidCompteurTransfer,TOID,32,0,0,1,
dbo,TPARAMETRECOMPTABLE,,71,oidDeviseOpDomestiques,TOID,32,0,0,1,
dbo,TPARAMETRECOMPTABLE,,72,oidEtatDeclarationTVA,TOID,32,0,0,1,
dbo,TPARAMETRECOMPTABLE,,73,oidRubriqueTotalAPayer,TOID,32,0,0,1,
dbo,TPARAMETRECOMPTABLE,,74,oidrubriqueTVAaPayer,TOID,32,0,0,1,
dbo,TPARAMETRECOMPTABLE,,75,oidrubriqueTVAaReporter,TOID,32,0,0,1,
dbo,TPARAMETRECOMPTABLE,,76,seuilRemboursement,money,8,19,4,1,
dbo,TPARAMETRECOMPTABLE,,77,seuilRemboursement_CodeDevise,nvarchar,6,0,0,1,
dbo,TPARAMETREDEMAT,,1,BAM,nvarchar,256,0,0,1,
dbo,TPARAMETREDEMAT,,2,Caption,nvarchar,256,0,0,1,
dbo,TPARAMETREDEMAT,,3,idOTP,int,4,10,0,1,
dbo,TPARAMETREDEMAT,,4,oid,TOID,32,0,0,0,
dbo,TPARAMETREDEMAT,,5,UpdDate,datetime,8,23,3,1,
dbo,TPARAMETREDEMAT,,6,UpdStamp,char,16,0,0,1,
dbo,TPARAMETREDEMAT,,7,UpdUser,nvarchar,48,0,0,1,
dbo,TPARAMETREDEMATENVOI,,1,Caption,nvarchar,256,0,0,1,
dbo,TPARAMETREDEMATENVOI,,2,idOTP,int,4,10,0,1,
dbo,TPARAMETREDEMATENVOI,,3,inclureNonComptabilise,bit,1,1,0,1,
dbo,TPARAMETREDEMATENVOI,,4,oid,TOID,32,0,0,0,
dbo,TPARAMETREDEMATENVOI,,5,oidParametreDemat,TOID,32,0,0,1,
dbo,TPARAMETREDEMATENVOI,,6,requete,nvarchar,256,0,0,1,
dbo,TPARAMETREDEMATENVOI,,7,systeme,bit,1,1,0,1,
dbo,TPARAMETREDEMATENVOI,,8,typeDocument,smallint,2,5,0,1,
dbo,TPARAMETREDEMATENVOI,,9,UpdDate,datetime,8,23,3,1,
dbo,TPARAMETREDEMATENVOI,,10,UpdStamp,char,16,0,0,1,
dbo,TPARAMETREDEMATENVOI,,11,UpdUser,nvarchar,48,0,0,1,
dbo,TPARAMETREDEMATRECU,,1,Caption,nvarchar,256,0,0,1,
dbo,TPARAMETREDEMATRECU,,2,idOTP,int,4,10,0,1,
dbo,TPARAMETREDEMATRECU,,3,oid,TOID,32,0,0,0,
dbo,TPARAMETREDEMATRECU,,4,oidParametreDemat,TOID,32,0,0,1,
dbo,TPARAMETREDEMATRECU,,5,oidParametreImport,TOID,32,0,0,1,
dbo,TPARAMETREDEMATRECU,,6,typeDocument,smallint,2,5,0,1,
dbo,TPARAMETREDEMATRECU,,7,UpdDate,datetime,8,23,3,1,
dbo,TPARAMETREDEMATRECU,,8,UpdStamp,char,16,0,0,1,
dbo,TPARAMETREDEMATRECU,,9,UpdUser,nvarchar,48,0,0,1,
dbo,TPARAMETREIMMO,,1,Caption,nvarchar,256,0,0,1,
dbo,TPARAMETREIMMO,,2,controleDateAcquisition,smallint,2,5,0,1,
dbo,TPARAMETREIMMO,,3,doterExerciceCession,bit,1,1,0,1,
dbo,TPARAMETREIMMO,,4,idOTP,int,4,10,0,1,
dbo,TPARAMETREIMMO,,5,jourAnnee,smallint,2,5,0,1,
dbo,TPARAMETREIMMO,,6,justifierBien,bit,1,1,0,1,
dbo,TPARAMETREIMMO,,7,oid,TOID,32,0,0,0,
dbo,TPARAMETREIMMO,,8,oidcompteurBienEncours,TOID,32,0,0,1,
dbo,TPARAMETREIMMO,,9,oidcompteurBienEnCreditBail,TOID,32,0,0,1,
dbo,TPARAMETREIMMO,,10,oidcompteurBienEnLocation,TOID,32,0,0,1,
dbo,TPARAMETREIMMO,,11,oidcompteurBienEnPropriete,TOID,32,0,0,1,
dbo,TPARAMETREIMMO,,12,oidcompteurBienFictif,TOID,32,0,0,1,
dbo,TPARAMETREIMMO,,13,oidcompteurPieceAnnulation,TOID,32,0,0,1,
dbo,TPARAMETREIMMO,,14,oidcptPieceAnalytique,TOID,32,0,0,1,
dbo,TPARAMETREIMMO,,15,oidcptPieceCession,TOID,32,0,0,1,
dbo,TPARAMETREIMMO,,16,oidcptPieceChgmtActivite,TOID,32,0,0,1,
dbo,TPARAMETREIMMO,,17,oidcptPieceChgmtCompte,TOID,32,0,0,1,
dbo,TPARAMETREIMMO,,18,oidcptPieceChgmtEtabli,TOID,32,0,0,1,
dbo,TPARAMETREIMMO,,19,oidcptPieceChgmtMethode,TOID,32,0,0,1,
dbo,TPARAMETREIMMO,,20,oidcptPieceDepreciation,TOID,32,0,0,1,
dbo,TPARAMETREIMMO,,21,oidCptPieceDiffere,TOID,32,0,0,1,
dbo,TPARAMETREIMMO,,22,oidcptPieceEclatCompose,TOID,32,0,0,1,
dbo,TPARAMETREIMMO,,23,oidcptPieceEclatStandard,TOID,32,0,0,1,
dbo,TPARAMETREIMMO,,24,oidcptPieceMiseEnService,TOID,32,0,0,1,
dbo,TPARAMETREIMMO,,25,oidcptPieceReevaluation,TOID,32,0,0,1,
dbo,TPARAMETREIMMO,,26,oidcptPieceRegulTVAAssuj,TOID,32,0,0,1,
dbo,TPARAMETREIMMO,,27,oidcptPieceRegulTVAGlobale,TOID,32,0,0,1,
dbo,TPARAMETREIMMO,,28,oidcptPieceRegulTVAProv,TOID,32,0,0,1,
dbo,TPARAMETREIMMO,,29,oidcptPieceRegulTVARef,TOID,32,0,0,1,
dbo,TPARAMETREIMMO,,30,oidcptPieceRegulTVAReglem,TOID,32,0,0,1,
dbo,TPARAMETREIMMO,,31,oidcptPieceValorisation,TOID,32,0,0,1,
dbo,TPARAMETREIMMO,,32,oidRegimeSpecialVehicule,TOID,32,0,0,1,
dbo,TPARAMETREIMMO,,33,oidUniteOeuvre,TOID,32,0,0,1,
dbo,TPARAMETREIMMO,,34,TransfertEtablissement,smallint,2,5,0,1,
dbo,TPARAMETREIMMO,,35,UpdDate,datetime,8,23,3,1,
dbo,TPARAMETREIMMO,,36,UpdStamp,char,16,0,0,1,
dbo,TPARAMETREIMMO,,37,UpdUser,nvarchar,48,0,0,1,
dbo,TPARAMETREIMPORT,,1,Caption,nvarchar,256,0,0,1,
dbo,TPARAMETREIMPORT,,2,descriptifImport,nvarchar,256,0,0,1,
dbo,TPARAMETREIMPORT,,3,estRejetFichierSiErreur,bit,1,1,0,1,
dbo,TPARAMETREIMPORT,,4,estVerbeux,bit,1,1,0,1,
dbo,TPARAMETREIMPORT,,5,fichierImport,nvarchar,512,0,0,1,
dbo,TPARAMETREIMPORT,,6,idOTP,int,4,10,0,1,
dbo,TPARAMETREIMPORT,,7,modeImport,smallint,2,5,0,1,
dbo,TPARAMETREIMPORT,,8,oid,TOID,32,0,0,0,
dbo,TPARAMETREIMPORT,,9,optionImport,smallint,2,5,0,1,
dbo,TPARAMETREIMPORT,,10,renommerFichier,bit,1,1,0,1,
dbo,TPARAMETREIMPORT,,11,systeme,bit,1,1,0,1,
dbo,TPARAMETREIMPORT,,12,UpdDate,datetime,8,23,3,1,
dbo,TPARAMETREIMPORT,,13,UpdStamp,char,16,0,0,1,
dbo,TPARAMETREIMPORT,,14,UpdUser,nvarchar,48,0,0,1,
dbo,TPARAMETREIMPORT,,15,oidFormatIntegrationFichier,TOID,32,0,0,1,
dbo,TPARAMETREIMPORT,,16,creerSections,bit,1,1,0,1,
dbo,TPARAMETREIMPORT,,17,dateDuJour,bit,1,1,0,1,
dbo,TPARAMETREIMPORT,,18,dateLot,datetime,8,23,3,1,
dbo,TPARAMETREIMPORT,,19,genereEcheances,bit,1,1,0,1,
dbo,TPARAMETREIMPORT,,20,generePieceAnalytique,bit,1,1,0,1,
dbo,TPARAMETREIMPORT,,21,historisation,bit,1,1,0,1,
dbo,TPARAMETREIMPORT,,22,NaturePiece,smallint,2,5,0,1,
dbo,TPARAMETREIMPORT,,23,noMAJCumuls,bit,1,1,0,1,
dbo,TPARAMETREIMPORT,,24,oidAxeAnalytique,TOID,32,0,0,1,
dbo,TPARAMETREIMPORT,,25,oidcompteEquilibre,TOID,32,0,0,1,
dbo,TPARAMETREIMPORT,,26,oidCompteVirement,TOID,32,0,0,1,
dbo,TPARAMETREIMPORT,,27,oidEtablissement,TOID,32,0,0,1,
dbo,TPARAMETREIMPORT,,28,oidprofilTranscodage,TOID,32,0,0,1,
dbo,TPARAMETREIMPORT,,29,RectifierProrata,bit,1,1,0,1,
dbo,TPARAMETREIMPORT,,30,ruptureReferenceEcriture,bit,1,1,0,1,
dbo,TPARAMETREIMPORT,,31,traitementUnitaire,bit,1,1,0,1,
dbo,TPARAMETREIMPORT,,32,TraiterCompteVirement,bit,1,1,0,1,
dbo,TPARAMETREIMPORT,,33,TraiterNaturePiece,bit,1,1,0,1,
dbo,TPARAMETREIMPORT,,34,typeLot,smallint,2,5,0,1,
dbo,TPARAMETREIMPORT,,35,TypeSession,smallint,2,5,0,1,
dbo,TPARAMETREIMPORT,,36,dateDerniereReception,datetime,8,23,3,1,
dbo,TPARAMETREIMPORT,,37,estReceptionSCB,bit,1,1,0,1,
dbo,TPARAMETREIMPORT,,38,estRetour,bit,1,1,0,1,
dbo,TPARAMETREIMPORT,,39,oidcontratBancaireWS,TOID,32,0,0,1,
dbo,TPARAMETREIMPORT,,40,oidtypeOperationBancaire,TOID,32,0,0,1,
dbo,TPARAMETREIMPORT,,41,rapprochement,bit,1,1,0,1,
dbo,TPARAMETREIMPORT,,42,bordereau,nvarchar,256,0,0,1,
dbo,TPARAMETREIMPORT,,43,constitutionRemise,bit,1,1,0,1,
dbo,TPARAMETREIMPORT,,44,estConfirme,bit,1,1,0,1,
dbo,TPARAMETREIMPORT,,45,estModeSAX,bit,1,1,0,1,
dbo,TPARAMETREIMPORT,,46,importTiers,bit,1,1,0,1,
dbo,TPARAMETREIMPORT,,47,modeIntegration,smallint,2,5,0,1,
dbo,TPARAMETREIMPORT,,48,natureTiers,smallint,2,5,0,1,
dbo,TPARAMETREIMPORT,,49,oidFormatEclatement,TOID,32,0,0,1,
dbo,TPARAMETREIMPORT,,50,oidGroupeRTValidation,TOID,32,0,0,1,
dbo,TPARAMETREIMPORT,,51,oidModeReglement,TOID,32,0,0,1,
dbo,TPARAMETREIMPORT,,52,oidNatureValidation,TOID,32,0,0,1,
dbo,TPARAMETREIMPORT,,53,oidTFormatConvertisseur,TOID,32,0,0,1,
dbo,TPARAMETREIMPORT,,54,remiseParRemiseDetaille,bit,1,1,0,1,
dbo,TPARAMETREIMPORT,,55,supportPaiement,smallint,2,5,0,1,
dbo,TPARAMETREIMPORT,,56,natureCommerciale,smallint,2,5,0,1,
dbo,TPARAMETREIMPORT,,57,typeDocument,smallint,2,5,0,1,
dbo,TPARAMETREIMPORT,,58,natureBudgetImport,smallint,2,5,0,1,
dbo,TPARAMETREIMPORTBANQUE,,1,Caption,nvarchar,256,0,0,1,
dbo,TPARAMETREIMPORTBANQUE,,2,idOTP,int,4,10,0,1,
dbo,TPARAMETREIMPORTBANQUE,,3,multibanque,bit,1,1,0,1,
dbo,TPARAMETREIMPORTBANQUE,,4,oid,TOID,32,0,0,0,
dbo,TPARAMETREIMPORTBANQUE,,5,oidTBanque,TOID,32,0,0,1,
dbo,TPARAMETREIMPORTBANQUE,,6,oidTParametreImportBancaire,TOID,32,0,0,1,
dbo,TPARAMETREIMPORTBANQUE,,7,UpdDate,datetime,8,23,3,1,
dbo,TPARAMETREIMPORTBANQUE,,8,UpdStamp,char,16,0,0,1,
dbo,TPARAMETREIMPORTBANQUE,,9,UpdUser,nvarchar,48,0,0,1,
dbo,TPARAMETREMOYENPAIEMENT,,1,Caption,nvarchar,256,0,0,1,
dbo,TPARAMETREMOYENPAIEMENT,,2,dateDebutRapprochement,datetime,8,23,3,1,
dbo,TPARAMETREMOYENPAIEMENT,,3,envoiSynchroneCcbs,bit,1,1,0,1,
dbo,TPARAMETREMOYENPAIEMENT,,4,idOTP,int,4,10,0,1,
dbo,TPARAMETREMOYENPAIEMENT,,5,oid,TOID,32,0,0,0,
dbo,TPARAMETREMOYENPAIEMENT,,6,oidParametreImportLCRaPayer,TOID,32,0,0,1,
dbo,TPARAMETREMOYENPAIEMENT,,7,plageApres,int,4,10,0,1,
dbo,TPARAMETREMOYENPAIEMENT,,8,plageAvant,int,4,10,0,1,
dbo,TPARAMETREMOYENPAIEMENT,,9,UpdDate,datetime,8,23,3,1,
dbo,TPARAMETREMOYENPAIEMENT,,10,UpdStamp,char,16,0,0,1,
dbo,TPARAMETREMOYENPAIEMENT,,11,UpdUser,nvarchar,48,0,0,1,
dbo,TPARAMETREMOYENPAIEMENT,,12,validRemReqGenFic,bit,1,1,0,1,
dbo,TPARAMETRENOTEFRAIS,,1,attExtImportEcriture,nvarchar,256,0,0,1,
dbo,TPARAMETRENOTEFRAIS,,2,attSourceAF,nvarchar,256,0,0,1,
dbo,TPARAMETRENOTEFRAIS,,3,attSourceNF,nvarchar,256,0,0,1,
dbo,TPARAMETRENOTEFRAIS,,4,Caption,nvarchar,256,0,0,1,
dbo,TPARAMETRENOTEFRAIS,,5,idOTP,int,4,10,0,1,
dbo,TPARAMETRENOTEFRAIS,,6,oid,TOID,32,0,0,0,
dbo,TPARAMETRENOTEFRAIS,,7,oidDescImpEcrAF,TOID,32,0,0,1,
dbo,TPARAMETRENOTEFRAIS,,8,oidDescImpEcrNF,TOID,32,0,0,1,
dbo,TPARAMETRENOTEFRAIS,,9,oidJournalNF,TOID,32,0,0,1,
dbo,TPARAMETRENOTEFRAIS,,10,oidTypePieceNF,TOID,32,0,0,1,
dbo,TPARAMETRENOTEFRAIS,,11,plageApres,int,4,10,0,1,
dbo,TPARAMETRENOTEFRAIS,,12,plageAvant,int,4,10,0,1,
dbo,TPARAMETRENOTEFRAIS,,13,UpdDate,datetime,8,23,3,1,
dbo,TPARAMETRENOTEFRAIS,,14,UpdStamp,char,16,0,0,1,
dbo,TPARAMETRENOTEFRAIS,,15,UpdUser,nvarchar,48,0,0,1,
dbo,TPARAMETRENOTEFRAIS,,16,validationObligatoire,bit,1,1,0,1,
dbo,TPARAMETRERELEVE,,1,Caption,nvarchar,256,0,0,1,
dbo,TPARAMETRERELEVE,,2,code,nvarchar,256,0,0,1,
dbo,TPARAMETRERELEVE,,3,idOTP,int,4,10,0,1,
dbo,TPARAMETRERELEVE,,4,oid,TOID,32,0,0,0,
dbo,TPARAMETRERELEVE,,5,touteDevise,bit,1,1,0,1,
dbo,TPARAMETRERELEVE,,6,typeReleve,smallint,2,5,0,1,
dbo,TPARAMETRERELEVE,,7,UpdDate,datetime,8,23,3,1,
dbo,TPARAMETRERELEVE,,8,UpdStamp,char,16,0,0,1,
dbo,TPARAMETRERELEVE,,9,UpdUser,nvarchar,48,0,0,1,
dbo,TPARAMETRERELEVE,,10,dateSelection,smallint,2,5,0,1,
dbo,TPARAMETRERELEVE,,11,estBancaire,bit,1,1,0,1,
dbo,TPARAMETRERELEVE,,12,estDevise,bit,1,1,0,1,
dbo,TPARAMETRERELEVE,,13,estEcheancesNonMarquees,bit,1,1,0,1,
dbo,TPARAMETRERELEVE,,14,estFacture,bit,1,1,0,1,
dbo,TPARAMETRERELEVE,,15,estPeriodiciteCalendaire,bit,1,1,0,1,
dbo,TPARAMETRERELEVE,,16,estPeriodiciteComptable,bit,1,1,0,1,
dbo,TPARAMETRERELEVE,,17,estSelectionParTypePiece,bit,1,1,0,1,
dbo,TPARAMETRERELEVE,,18,modeCalculDate,smallint,2,5,0,1,
dbo,TPARAMETRERELEVE,,19,nombrePeriodicites,int,4,10,0,1,
dbo,TPARAMETRERELEVE,,20,oidCompteReleve,TOID,32,0,0,1,
dbo,TPARAMETRERELEVE,,21,periodiciteCalendaire,smallint,2,5,0,1,
dbo,TPARAMETRERELEVETYPEMARQUAGE,,1,Caption,nvarchar,256,0,0,1,
dbo,TPARAMETRERELEVETYPEMARQUAGE,,2,idOTP,int,4,10,0,1,
dbo,TPARAMETRERELEVETYPEMARQUAGE,,3,oid,TOID,32,0,0,0,
dbo,TPARAMETRERELEVETYPEMARQUAGE,,4,oidParametreReleve,TOID,32,0,0,1,
dbo,TPARAMETRERELEVETYPEMARQUAGE,,5,oidTypeMarquage,TOID,32,0,0,1,
dbo,TPARAMETRERELEVETYPEMARQUAGE,,6,UpdDate,datetime,8,23,3,1,
dbo,TPARAMETRERELEVETYPEMARQUAGE,,7,UpdStamp,char,16,0,0,1,
dbo,TPARAMETRERELEVETYPEMARQUAGE,,8,UpdUser,nvarchar,48,0,0,1,
dbo,TPARAMETRERELEVETYPEPIECE,,1,Caption,nvarchar,256,0,0,1,
dbo,TPARAMETRERELEVETYPEPIECE,,2,idOTP,int,4,10,0,1,
dbo,TPARAMETRERELEVETYPEPIECE,,3,oid,TOID,32,0,0,0,
dbo,TPARAMETRERELEVETYPEPIECE,,4,oidParametreReleve,TOID,32,0,0,1,
dbo,TPARAMETRERELEVETYPEPIECE,,5,oidTypePiece,TOID,32,0,0,1,
dbo,TPARAMETRERELEVETYPEPIECE,,6,UpdDate,datetime,8,23,3,1,
dbo,TPARAMETRERELEVETYPEPIECE,,7,UpdStamp,char,16,0,0,1,
dbo,TPARAMETRERELEVETYPEPIECE,,8,UpdUser,nvarchar,48,0,0,1,
dbo,TPARAMETRESCHEMACOMPTASDD,,1,Caption,nvarchar,256,0,0,1,
dbo,TPARAMETRESCHEMACOMPTASDD,,2,idOTP,int,4,10,0,1,
dbo,TPARAMETRESCHEMACOMPTASDD,,3,oid,TOID,32,0,0,0,
dbo,TPARAMETRESCHEMACOMPTASDD,,4,oidCompteGeneralCollect,TOID,32,0,0,1,
dbo,TPARAMETRESCHEMACOMPTASDD,,5,oidTypePiece,TOID,32,0,0,1,
dbo,TPARAMETRESCHEMACOMPTASDD,,6,UpdDate,datetime,8,23,3,1,
dbo,TPARAMETRESCHEMACOMPTASDD,,7,UpdStamp,char,16,0,0,1,
dbo,TPARAMETRESCHEMACOMPTASDD,,8,UpdUser,nvarchar,48,0,0,1,
dbo,TPARAMETRESCHEMACOMPTASDD,,9,useComptePrivilegie,bit,1,1,0,1,
dbo,TPARAMETRESCHEMACOMPTASDD,,10,usePiecePrivilegie,bit,1,1,0,1,
dbo,TPARAMETRESIMPORT,,1,Caption,nvarchar,256,0,0,1,
dbo,TPARAMETRESIMPORT,,2,idOTP,int,4,10,0,1,
dbo,TPARAMETRESIMPORT,,3,ignoreTransComptes,bit,1,1,0,1,
dbo,TPARAMETRESIMPORT,,4,ignoreTransJournaux,bit,1,1,0,1,
dbo,TPARAMETRESIMPORT,,5,ignoreTransModesPaie,bit,1,1,0,1,
dbo,TPARAMETRESIMPORT,,6,ignoreTransNature,bit,1,1,0,1,
dbo,TPARAMETRESIMPORT,,7,ignoreTransSections,bit,1,1,0,1,
dbo,TPARAMETRESIMPORT,,8,ignoreTransTiers,bit,1,1,0,1,
dbo,TPARAMETRESIMPORT,,9,ignoreTransTypesPiece,bit,1,1,0,1,
dbo,TPARAMETRESIMPORT,,10,oid,TOID,32,0,0,0,
dbo,TPARAMETRESIMPORT,,11,UpdDate,datetime,8,23,3,1,
dbo,TPARAMETRESIMPORT,,12,UpdStamp,char,16,0,0,1,
dbo,TPARAMETRESIMPORT,,13,UpdUser,nvarchar,48,0,0,1,
dbo,TPARAMETRESOCIETE,,1,Caption,nvarchar,256,0,0,1,
dbo,TPARAMETRESOCIETE,,2,codificationComptesUnique,bit,1,1,0,1,
dbo,TPARAMETRESOCIETE,,3,codificationTiersUnique,bit,1,1,0,1,
dbo,TPARAMETRESOCIETE,,4,controleAxeBudgetaire,smallint,2,5,0,1,
dbo,TPARAMETRESOCIETE,,5,controleComptesDupliques,smallint,2,5,0,1,
dbo,TPARAMETRESOCIETE,,6,controleRubriquesDupliquees,smallint,2,5,0,1,
dbo,TPARAMETRESOCIETE,,7,controleTiersDupliques,smallint,2,5,0,1,
dbo,TPARAMETRESOCIETE,,8,ControlRIBInexistant,smallint,2,5,0,1,
dbo,TPARAMETRESOCIETE,,9,ControlRIBUnique,smallint,2,5,0,1,
dbo,TPARAMETRESOCIETE,,10,decimalesTaxe,int,4,10,0,1,
dbo,TPARAMETRESOCIETE,,11,estReciproqueHistorisee,bit,1,1,0,1,
dbo,TPARAMETRESOCIETE,,12,estReciproqueImmediat,bit,1,1,0,1,
dbo,TPARAMETRESOCIETE,,13,idOTP,int,4,10,0,1,
dbo,TPARAMETRESOCIETE,,14,importCommandeReciproque,bit,1,1,0,1,
dbo,TPARAMETRESOCIETE,,15,importFactureReciproque,bit,1,1,0,1,
dbo,TPARAMETRESOCIETE,,16,oid,TOID,32,0,0,0,
dbo,TPARAMETRESOCIETE,,17,oidCalendrierJourFerie,TOID,32,0,0,1,
dbo,TPARAMETRESOCIETE,,18,oidCalendrierJourFermeture,TOID,32,0,0,1,
dbo,TPARAMETRESOCIETE,,19,oiddeviseEquivalence,TOID,32,0,0,1,
dbo,TPARAMETRESOCIETE,,20,oiddeviseReporting,TOID,32,0,0,1,
dbo,TPARAMETRESOCIETE,,21,oiddeviseTenue,TOID,32,0,0,1,
dbo,TPARAMETRESOCIETE,,22,oidecheancementDecaissement,TOID,32,0,0,1,
dbo,TPARAMETRESOCIETE,,23,oidecheancementEncaissement,TOID,32,0,0,1,
dbo,TPARAMETRESOCIETE,,24,oidLangue,TOID,32,0,0,1,
dbo,TPARAMETRESOCIETE,,25,oidmodeReglementDecaissement,TOID,32,0,0,1,
dbo,TPARAMETRESOCIETE,,26,oidmodeReglementEncaissement,TOID,32,0,0,1,
dbo,TPARAMETRESOCIETE,,27,oidPays,TOID,32,0,0,1,
dbo,TPARAMETRESOCIETE,,28,PieceCommercialeReciproque,bit,1,1,0,1,
dbo,TPARAMETRESOCIETE,,29,plageHorizon,int,4,10,0,1,
dbo,TPARAMETRESOCIETE,,30,prefixeClient,nvarchar,256,0,0,1,
dbo,TPARAMETRESOCIETE,,31,prefixeFournisseur,nvarchar,256,0,0,1,
dbo,TPARAMETRESOCIETE,,32,prefixeSalarie,nvarchar,256,0,0,1,
dbo,TPARAMETRESOCIETE,,33,prefixeTiersDivers,nvarchar,256,0,0,1,
dbo,TPARAMETRESOCIETE,,34,prefixeTransporteur,nvarchar,256,0,0,1,
dbo,TPARAMETRESOCIETE,,35,reciprocitePieceImportee,bit,1,1,0,1,
dbo,TPARAMETRESOCIETE,,36,UpdDate,datetime,8,23,3,1,
dbo,TPARAMETRESOCIETE,,37,UpdStamp,char,16,0,0,1,
dbo,TPARAMETRESOCIETE,,38,UpdUser,nvarchar,48,0,0,1,
dbo,TPARAMETRESOCIETE,,39,oidCategorieComptaClient,TOID,32,0,0,1,
dbo,TPARAMETRESOCIETE,,40,oidCategorieComptaFournisseur,TOID,32,0,0,1,
dbo,TPARAMETRESOCIETE,,41,oidTerritorialiteTaxe,TOID,32,0,0,1,
dbo,TPARAMETRESOCIETE,,42,oidDimensionTemps,TOID,32,0,0,1,
dbo,TPARAMETRESOCIETE,,43,dateModification,datetime,8,23,3,1,
dbo,TPARAMETRESOCIETE,,44,majDiffereDroits,bit,1,1,0,1,
dbo,TPARAMETRESOCIETE,,45,perimetreModifie,bit,1,1,0,1,
dbo,TPARAMETRESOCIETE,,46,bapGescom,bit,1,1,0,1,
dbo,TPARAMETRESOCIETE,,47,confirmationEnregistrement,bit,1,1,0,1,
dbo,TPARAMETRESOCIETE,,48,regleValidationObligatoire,bit,1,1,0,1,
dbo,TPARAMETRESOCIETE,,49,validationAcheteur,bit,1,1,0,1,
dbo,TPARAMETRESOCIETE,,50,oidDimensionGroupe,TOID,32,0,0,1,
dbo,TPARAMETRESOCIETE,,51,activite,nvarchar,256,0,0,1,
dbo,TPARAMETRESOCIETE,,52,capital,money,8,19,4,1,
dbo,TPARAMETRESOCIETE,,53,codeEtablissement,nvarchar,256,0,0,1,
dbo,TPARAMETRESOCIETE,,54,codeSIRET,nvarchar,256,0,0,1,
dbo,TPARAMETRESOCIETE,,55,commentaire,nvarchar,-1,0,0,1,
dbo,TPARAMETRESOCIETE,,56,dateCreation,datetime,8,23,3,1,
dbo,TPARAMETRESOCIETE,,57,numeroEmetteurNationnal,nvarchar,256,0,0,1,
dbo,TPARAMETRESOCIETE,,58,numeroIntracommunautaire,nvarchar,256,0,0,1,
dbo,TPARAMETRESOCIETE,,59,oidCodificationAPE,TOID,32,0,0,1,
dbo,TPARAMETRESOCIETE,,60,oidFormeJuridique,TOID,32,0,0,1,
dbo,TPARAMETRESOCIETE,,61,raisonSociale,nvarchar,256,0,0,1,
dbo,TPARAMETRESOCIETE,,62,registreCommerce,nvarchar,256,0,0,1,
dbo,TPARAMETRESOCIETE,,63,logo,varbinary,-1,0,0,1,
dbo,TPARAMETRESOCIETE,,64,oidDepotPrivilegie,TOID,32,0,0,1,
dbo,TPARAMETRESOCIETE,,65,oidEtablissement,TOID,32,0,0,1,
dbo,TPARAMETRESOCIETE,,66,oidSociete,TOID,32,0,0,1,
dbo,TPARAMETRESOCIETE,,67,gestionPeriodesTVA,bit,1,1,0,1,
dbo,TPARAMETRESOCIETE,,68,oidCodePeriodeApplicationTVA,TOID,32,0,0,1,
dbo,TPARAMETRESOCIETE,,69,oidSecteurActivite,TOID,32,0,0,1,
dbo,TPARAMETRESRAPPROCHEMENT,,1,Caption,nvarchar,256,0,0,1,
dbo,TPARAMETRESRAPPROCHEMENT,,2,controlDates,bit,1,1,0,1,
dbo,TPARAMETRESRAPPROCHEMENT,,3,dateDefautEcritureEcart,smallint,2,5,0,1,
dbo,TPARAMETRESRAPPROCHEMENT,,4,estLimiteAffEcriture,bit,1,1,0,1,
dbo,TPARAMETRESRAPPROCHEMENT,,5,generationEcartChange,bit,1,1,0,1,
dbo,TPARAMETRESRAPPROCHEMENT,,6,idOTP,int,4,10,0,1,
dbo,TPARAMETRESRAPPROCHEMENT,,7,nbLimiteAffEcriture,int,4,10,0,1,
dbo,TPARAMETRESRAPPROCHEMENT,,8,oid,TOID,32,0,0,0,
dbo,TPARAMETRESRAPPROCHEMENT,,9,oidModeRapproManuel,TOID,32,0,0,1,
dbo,TPARAMETRESRAPPROCHEMENT,,10,UpdDate,datetime,8,23,3,1,
dbo,TPARAMETRESRAPPROCHEMENT,,11,UpdStamp,char,16,0,0,1,
dbo,TPARAMETRESRAPPROCHEMENT,,12,UpdUser,nvarchar,48,0,0,1,
dbo,TPARAMETRETRANSCODAGES,,1,Caption,nvarchar,256,0,0,1,
dbo,TPARAMETRETRANSCODAGES,,2,idOTP,int,4,10,0,1,
dbo,TPARAMETRETRANSCODAGES,,3,oid,TOID,32,0,0,0,
dbo,TPARAMETRETRANSCODAGES,,4,UpdDate,datetime,8,23,3,1,
dbo,TPARAMETRETRANSCODAGES,,5,UpdStamp,char,16,0,0,1,
dbo,TPARAMETRETRANSCODAGES,,6,UpdUser,nvarchar,48,0,0,1,
dbo,TPAYS,,1,Caption,nvarchar,256,0,0,1,
dbo,TPAYS,,2,code,nvarchar,256,0,0,1,
dbo,TPAYS,,3,codeISO,nvarchar,256,0,0,1,
dbo,TPAYS,,4,codeOSCE,nvarchar,256,0,0,1,
dbo,TPAYS,,5,communauteEuropeenne,bit,1,1,0,1,
dbo,TPAYS,,6,idOTP,int,4,10,0,1,
dbo,TPAYS,,7,indicatif,int,4,10,0,1,
dbo,TPAYS,,8,monnaieOSCE,nvarchar,256,0,0,1,
dbo,TPAYS,,9,oid,TOID,32,0,0,0,
dbo,TPAYS,,10,oidDevise,TOID,32,0,0,1,
dbo,TPAYS,,11,oidEspaceMonetaire,TOID,32,0,0,1,
dbo,TPAYS,,12,oidPaysDeReference,TOID,32,0,0,1,
dbo,TPAYS,,13,seuilBalPaiement,money,8,19,4,1,
dbo,TPAYS,,14,seuilBalPaiement_CodeDevise,nvarchar,6,0,0,1,
dbo,TPAYS,,15,UpdDate,datetime,8,23,3,1,
dbo,TPAYS,,16,UpdStamp,char,16,0,0,1,
dbo,TPAYS,,17,UpdUser,nvarchar,48,0,0,1,
dbo,TPAYS,,18,oidStructurePrivilegie,TOID,32,0,0,1,
dbo,TPERIMETREBUDGETAIRE,,1,Caption,nvarchar,256,0,0,1,
dbo,TPERIMETREBUDGETAIRE,,2,code,nvarchar,256,0,0,1,
dbo,TPERIMETREBUDGETAIRE,,3,dateDebutBudget,datetime,8,23,3,1,
dbo,TPERIMETREBUDGETAIRE,,4,dateFinBudget,datetime,8,23,3,1,
dbo,TPERIMETREBUDGETAIRE,,5,delaiRemboursementTVA,int,4,10,0,1,
dbo,TPERIMETREBUDGETAIRE,,6,idOTP,int,4,10,0,1,
dbo,TPERIMETREBUDGETAIRE,,7,jourPaiementTVA,int,4,10,0,1,
dbo,TPERIMETREBUDGETAIRE,,8,oid,TOID,32,0,0,0,
dbo,TPERIMETREBUDGETAIRE,,9,oidDevise,TOID,32,0,0,1,
dbo,TPERIMETREBUDGETAIRE,,10,oidDimensionTemps,TOID,32,0,0,1,
dbo,TPERIMETREBUDGETAIRE,,11,PaiementTVA,smallint,2,5,0,1,
dbo,TPERIMETREBUDGETAIRE,,12,remboursementCreditTVA,bit,1,1,0,1,
dbo,TPERIMETREBUDGETAIRE,,13,RemboursementTVA,smallint,2,5,0,1,
dbo,TPERIMETREBUDGETAIRE,,14,UpdDate,datetime,8,23,3,1,
dbo,TPERIMETREBUDGETAIRE,,15,UpdStamp,char,16,0,0,1,
dbo,TPERIMETREBUDGETAIRE,,16,UpdUser,nvarchar,48,0,0,1,
dbo,TPERIMETREBUDGETAIRE,,17,afficherSuite,bit,1,1,0,1,
dbo,TPERIMETREBUDGETAIRE,,18,nature,smallint,2,5,0,1,
dbo,TPERIMETREBUDGETAIRE,,19,visibleNature,bit,1,1,0,1,
dbo,TPERIMETREGROUPE,,1,Caption,nvarchar,256,0,0,1,
dbo,TPERIMETREGROUPE,,2,code,nvarchar,256,0,0,1,
dbo,TPERIMETREGROUPE,,3,idOTP,int,4,10,0,1,
dbo,TPERIMETREGROUPE,,4,oid,TOID,32,0,0,0,
dbo,TPERIMETREGROUPE,,5,UpdDate,datetime,8,23,3,1,
dbo,TPERIMETREGROUPE,,6,UpdStamp,char,16,0,0,1,
dbo,TPERIMETREGROUPE,,7,UpdUser,nvarchar,48,0,0,1,
dbo,TPERIMETREGROUPETIERS,,1,Caption,nvarchar,256,0,0,1,
dbo,TPERIMETREGROUPETIERS,,2,idOTP,int,4,10,0,1,
dbo,TPERIMETREGROUPETIERS,,3,oid,TOID,32,0,0,0,
dbo,TPERIMETREGROUPETIERS,,4,oidPerimetreGroupe,TOID,32,0,0,1,
dbo,TPERIMETREGROUPETIERS,,5,oidTiers,TOID,32,0,0,1,
dbo,TPERIMETREGROUPETIERS,,6,UpdDate,datetime,8,23,3,1,
dbo,TPERIMETREGROUPETIERS,,7,UpdStamp,char,16,0,0,1,
dbo,TPERIMETREGROUPETIERS,,8,UpdUser,nvarchar,48,0,0,1,
dbo,TPERIODE,,1,Caption,nvarchar,256,0,0,1,
dbo,TPERIODE,,2,clotureEngagement,bit,1,1,0,1,
dbo,TPERIODE,,3,dateClotureImmo,datetime,8,23,3,1,
dbo,TPERIODE,,4,dateDebut,datetime,8,23,3,1,
dbo,TPERIODE,,5,dateFin,datetime,8,23,3,1,
dbo,TPERIODE,,6,estMouvementeAna,bit,1,1,0,1,
dbo,TPERIODE,,7,estMouvementeCpt,bit,1,1,0,1,
dbo,TPERIODE,,8,factureAComptabiliser,bit,1,1,0,1,
dbo,TPERIODE,,9,idOTP,int,4,10,0,1,
dbo,TPERIODE,,10,oid,TOID,32,0,0,0,
dbo,TPERIODE,,11,oidDimensionTemps,TOID,32,0,0,1,
dbo,TPERIODE,,12,ouvert,bit,1,1,0,1,
dbo,TPERIODE,,13,ouvertImmo,bit,1,1,0,1,
dbo,TPERIODE,,14,UpdDate,datetime,8,23,3,1,
dbo,TPERIODE,,15,UpdStamp,char,16,0,0,1,
dbo,TPERIODE,,16,UpdUser,nvarchar,48,0,0,1,
dbo,TPERIODE,,17,cloturePeriodique,bit,1,1,0,1,
dbo,TPERIODE,,18,dateCloture,datetime,8,23,3,1,
dbo,TPERIODE,,19,denominateur,float,8,53,0,1,
dbo,TPERIODE,,20,denominateur_Decimales,int,4,10,0,1,
dbo,TPERIODE,,21,estEnRevision,bit,1,1,0,1,
dbo,TPERIODE,,22,existeJournalFerme,bit,1,1,0,1,
dbo,TPERIODE,,23,natureRepartitionPeriode,smallint,2,5,0,1,
dbo,TPERIODE,,24,numerateur,float,8,53,0,1,
dbo,TPERIODE,,25,numerateur_Decimales,int,4,10,0,1,
dbo,TPERIODE,,26,oidexercice,TOID,32,0,0,1,
dbo,TPERIODE,,27,oidExerciceGroupe,TOID,32,0,0,1,
dbo,TPERIODE,,28,noPeriodeBudget,int,4,10,0,1,
dbo,TPERIODE,,29,oidExerciceBudgetaire,TOID,32,0,0,1,
dbo,TPERIODE,,30,estEnRevisionAnalytique,bit,1,1,0,1,
dbo,TPERIODE,,31,oidExerciceAnalytique,TOID,32,0,0,1,
dbo,TPERIODE,,32,ouvertAnalytique,bit,1,1,0,1,
dbo,TPERIODEAPPLICATIONTVA,,1,Caption,nvarchar,256,0,0,1,
dbo,TPERIODEAPPLICATIONTVA,,2,DateInf,datetime,8,23,3,1,
dbo,TPERIODEAPPLICATIONTVA,,3,DateSup,datetime,8,23,3,1,
dbo,TPERIODEAPPLICATIONTVA,,4,idOTP,int,4,10,0,1,
dbo,TPERIODEAPPLICATIONTVA,,5,oid,TOID,32,0,0,0,
dbo,TPERIODEAPPLICATIONTVA,,6,oidCodePeriodeApplicationTVA,TOID,32,0,0,1,
dbo,TPERIODEAPPLICATIONTVA,,7,UpdDate,datetime,8,23,3,1,
dbo,TPERIODEAPPLICATIONTVA,,8,UpdStamp,char,16,0,0,1,
dbo,TPERIODEAPPLICATIONTVA,,9,UpdUser,nvarchar,48,0,0,1,
dbo,TPERIODECOEFFICIENT,,1,Caption,nvarchar,256,0,0,1,
dbo,TPERIODECOEFFICIENT,,2,dateApplication,datetime,8,23,3,1,
dbo,TPERIODECOEFFICIENT,,3,idOTP,int,4,10,0,1,
dbo,TPERIODECOEFFICIENT,,4,oid,TOID,32,0,0,0,
dbo,TPERIODECOEFFICIENT,,5,oidRegleAmortissement,TOID,32,0,0,1,
dbo,TPERIODECOEFFICIENT,,6,UpdDate,datetime,8,23,3,1,
dbo,TPERIODECOEFFICIENT,,7,UpdStamp,char,16,0,0,1,
dbo,TPERIODECOEFFICIENT,,8,UpdUser,nvarchar,48,0,0,1,
dbo,TPERIODEDIMENSION,,1,Caption,nvarchar,256,0,0,1,
dbo,TPERIODEDIMENSION,,2,dateDebut,datetime,8,23,3,1,
dbo,TPERIODEDIMENSION,,3,dateFin,datetime,8,23,3,1,
dbo,TPERIODEDIMENSION,,4,idOTP,int,4,10,0,1,
dbo,TPERIODEDIMENSION,,5,oid,TOID,32,0,0,0,
dbo,TPERIODEDIMENSION,,6,UpdDate,datetime,8,23,3,1,
dbo,TPERIODEDIMENSION,,7,UpdStamp,char,16,0,0,1,
dbo,TPERIODEDIMENSION,,8,UpdUser,nvarchar,48,0,0,1,
dbo,TPERIODEFERMETUREJOURNAL,,1,Caption,nvarchar,256,0,0,1,
dbo,TPERIODEFERMETUREJOURNAL,,2,idOTP,int,4,10,0,1,
dbo,TPERIODEFERMETUREJOURNAL,,3,oid,TOID,32,0,0,0,
dbo,TPERIODEFERMETUREJOURNAL,,4,oidJournalFerme,TOID,32,0,0,1,
dbo,TPERIODEFERMETUREJOURNAL,,5,oidPeriodeFermeture,TOID,32,0,0,1,
dbo,TPERIODEFERMETUREJOURNAL,,6,UpdDate,datetime,8,23,3,1,
dbo,TPERIODEFERMETUREJOURNAL,,7,UpdStamp,char,16,0,0,1,
dbo,TPERIODEFERMETUREJOURNAL,,8,UpdUser,nvarchar,48,0,0,1,
dbo,TPERIODICITEEXERCICE,,1,Caption,nvarchar,256,0,0,1,
dbo,TPERIODICITEEXERCICE,,2,code,nvarchar,256,0,0,1,
dbo,TPERIODICITEEXERCICE,,3,idOTP,int,4,10,0,1,
dbo,TPERIODICITEEXERCICE,,4,nombrePeriode,int,4,10,0,1,
dbo,TPERIODICITEEXERCICE,,5,nombreUniteTemps,int,4,10,0,1,
dbo,TPERIODICITEEXERCICE,,6,oid,TOID,32,0,0,0,
dbo,TPERIODICITEEXERCICE,,7,uniteTemps,smallint,2,5,0,1,
dbo,TPERIODICITEEXERCICE,,8,UpdDate,datetime,8,23,3,1,
dbo,TPERIODICITEEXERCICE,,9,UpdStamp,char,16,0,0,1,
dbo,TPERIODICITEEXERCICE,,10,UpdUser,nvarchar,48,0,0,1,
dbo,TPERIODICITEFACTURATION,,1,Caption,nvarchar,256,0,0,1,
dbo,TPERIODICITEFACTURATION,,2,code,nvarchar,256,0,0,1,
dbo,TPERIODICITEFACTURATION,,3,idOTP,int,4,10,0,1,
dbo,TPERIODICITEFACTURATION,,4,oid,TOID,32,0,0,0,
dbo,TPERIODICITEFACTURATION,,5,UpdDate,datetime,8,23,3,1,
dbo,TPERIODICITEFACTURATION,,6,UpdStamp,char,16,0,0,1,
dbo,TPERIODICITEFACTURATION,,7,UpdUser,nvarchar,48,0,0,1,
dbo,TPERSONNE,,1,actif,bit,1,1,0,1,
dbo,TPERSONNE,,2,Caption,nvarchar,256,0,0,1,
dbo,TPERSONNE,,3,commentaire,nvarchar,-1,0,0,1,
dbo,TPERSONNE,,4,eMail,nvarchar,510,0,0,1,
dbo,TPERSONNE,,5,idOTP,int,4,10,0,1,
dbo,TPERSONNE,,6,mobile,nvarchar,256,0,0,1,
dbo,TPERSONNE,,7,nom,nvarchar,510,0,0,1,
dbo,TPERSONNE,,8,oid,TOID,32,0,0,0,
dbo,TPERSONNE,,9,oidCivilite,TOID,32,0,0,1,
dbo,TPERSONNE,,10,oidFonction,TOID,32,0,0,1,
dbo,TPERSONNE,,11,oidPays,TOID,32,0,0,1,
dbo,TPERSONNE,,12,prenom,nvarchar,256,0,0,1,
dbo,TPERSONNE,,13,telecopie,nvarchar,256,0,0,1,
dbo,TPERSONNE,,14,telephone,nvarchar,256,0,0,1,
dbo,TPERSONNE,,15,UpdDate,datetime,8,23,3,1,
dbo,TPERSONNE,,16,UpdStamp,char,16,0,0,1,
dbo,TPERSONNE,,17,UpdUser,nvarchar,48,0,0,1,
dbo,TPERSONNE,,18,oidSite,TOID,32,0,0,1,
dbo,TPERSONNE,,19,oidPrestataireInventaire,TOID,32,0,0,1,
dbo,TPERSONNE,,20,code,nvarchar,256,0,0,1,
dbo,TPERSONNE,,21,oidService,TOID,32,0,0,1,
dbo,TPERSONNE,,22,refContactEtablissement,nvarchar,256,0,0,1,
dbo,TPERSONNE,,23,autoriseBAP,bit,1,1,0,1,
dbo,TPERSONNE,,24,oidNatureValidationDemandeur,TOID,32,0,0,1,
dbo,TPERSONNE,,25,oidNatureValidCommerciale,TOID,32,0,0,1,
dbo,TPERSONNE,,26,dateCreation,datetime,8,23,3,1,
dbo,TPERSONNE,,27,estReviseur,bit,1,1,0,1,
dbo,TPERSONNE,,28,modifCours,bit,1,1,0,1,
dbo,TPERSONNE,,29,numPoste,int,4,10,0,1,
dbo,TPERSONNE,,30,oidutilisateur,nvarchar,256,0,0,1,
dbo,TPERSONNE,,31,saisieSimplifieAnalytique,bit,1,1,0,1,
dbo,TPERSONNE,,32,saisieSimplifieEcheance,bit,1,1,0,1,
dbo,TPERSONNE,,33,codeCarte,nvarchar,256,0,0,1,
dbo,TPERSONNE,,34,oidServiceBancaire,TOID,32,0,0,1,
dbo,TPHOTOS,,1,Caption,nvarchar,256,0,0,1,
dbo,TPHOTOS,,2,idOTP,int,4,10,0,1,
dbo,TPHOTOS,,3,oid,TOID,32,0,0,0,
dbo,TPHOTOS,,4,photo,varbinary,-1,0,0,1,
dbo,TPHOTOS,,5,UpdDate,datetime,8,23,3,1,
dbo,TPHOTOS,,6,UpdStamp,char,16,0,0,1,
dbo,TPHOTOS,,7,UpdUser,nvarchar,48,0,0,1,
dbo,TPIECE,,1,approcheIAS,bit,1,1,0,1,
dbo,TPIECE,,2,approcheNationale,bit,1,1,0,1,
dbo,TPIECE,,3,AssujettissementTVA,smallint,2,5,0,1,
dbo,TPIECE,,4,Caption,nvarchar,256,0,0,1,
dbo,TPIECE,,5,commentaire,nvarchar,-1,0,0,1,
dbo,TPIECE,,6,coursDevise,money,8,19,4,1,
dbo,TPIECE,,7,coursDevise_CodeDevise,nvarchar,6,0,0,1,
dbo,TPIECE,,8,coursDevise_Date,datetime,8,23,3,1,
dbo,TPIECE,,9,coursDevise_TCConv,nvarchar,256,0,0,1,
dbo,TPIECE,,10,coursDevise_TCValue,money,8,19,4,1,
dbo,TPIECE,,11,coursDevise_RPConv,nvarchar,256,0,0,1,
dbo,TPIECE,,12,coursDevise_RPValue,money,8,19,4,1,
dbo,TPIECE,,13,dateHistorique,datetime,8,23,3,1,
dbo,TPIECE,,14,dateReference,datetime,8,23,3,1,
dbo,TPIECE,,15,estFigee_estReciproque,bit,1,1,0,1,
dbo,TPIECE,,16,estReciproque,bit,1,1,0,1,
dbo,TPIECE,,17,estTraiteeReciproque,bit,1,1,0,1,
dbo,TPIECE,,18,historique,bit,1,1,0,1,
dbo,TPIECE,,19,idOTP,int,4,10,0,1,
dbo,TPIECE,,20,NaturePiece,smallint,2,5,0,1,
dbo,TPIECE,,21,numero,nvarchar,64,0,0,1,
dbo,TPIECE,,22,numero_CounterName,nvarchar,64,0,0,1,
dbo,TPIECE,,23,numeroFactureGescom,nvarchar,256,0,0,1,
dbo,TPIECE,,24,oid,TOID,32,0,0,0,
dbo,TPIECE,,25,oidAbonnementDetail,TOID,32,0,0,1,
dbo,TPIECE,,26,oiddevise,TOID,32,0,0,1,
dbo,TPIECE,,27,oidecritureContrepartie,TOID,32,0,0,1,
dbo,TPIECE,,28,oidEtablissement,TOID,32,0,0,1,
dbo,TPIECE,,29,oidjournal,TOID,32,0,0,1,
dbo,TPIECE,,30,oidLot,TOID,32,0,0,1,
dbo,TPIECE,,31,oidPeriode,TOID,32,0,0,1,
dbo,TPIECE,,32,oidTiers,TOID,32,0,0,1,
dbo,TPIECE,,33,oidTiersMultisociete,TOID,32,0,0,1,
dbo,TPIECE,,34,oidTiersSociete,TOID,32,0,0,1,
dbo,TPIECE,,35,oidTypePiece,TOID,32,0,0,1,
dbo,TPIECE,,36,pDate,datetime,8,23,3,1,
dbo,TPIECE,,37,pieceModele,bit,1,1,0,1,
dbo,TPIECE,,38,reference,nvarchar,256,0,0,1,
dbo,TPIECE,,39,referenceOrigine,nvarchar,256,0,0,1,
dbo,TPIECE,,40,RepriseModesReglement,bit,1,1,0,1,
dbo,TPIECE,,41,RepriseVentilationOrigine,bit,1,1,0,1,
dbo,TPIECE,,42,TVANonGeree,bit,1,1,0,1,
dbo,TPIECE,,43,typeReglement,smallint,2,5,0,1,
dbo,TPIECE,,44,UpdDate,datetime,8,23,3,1,
dbo,TPIECE,,45,UpdStamp,char,16,0,0,1,
dbo,TPIECE,,46,UpdUser,nvarchar,48,0,0,1,
dbo,TPIECE,,47,urlScanPiece,nvarchar,512,0,0,1,
dbo,TPIECE,,48,bonAPayer,bit,1,1,0,1,
dbo,TPIECE,,49,confirme,bit,1,1,0,1,
dbo,TPIECE,,50,dateValidation,datetime,8,23,3,1,
dbo,TPIECE,,51,estRefuse,bit,1,1,0,1,
dbo,TPIECE,,52,oidDernierValideur,TOID,32,0,0,1,
dbo,TPIECE,,53,oidEtapeValidation,TOID,32,0,0,1,
dbo,TPIECE,,54,oidRegleValidationDetail,TOID,32,0,0,1,
dbo,TPIECE,,55,oidRoleTiers,TOID,32,0,0,1,
dbo,TPIECE,,56,oidTicketEDI,TOID,32,0,0,1,
dbo,TPIECEANALYTIQUE,,1,approcheIAS,bit,1,1,0,1,
dbo,TPIECEANALYTIQUE,,2,approcheNationale,bit,1,1,0,1,
dbo,TPIECEANALYTIQUE,,3,Caption,nvarchar,256,0,0,1,
dbo,TPIECEANALYTIQUE,,4,idOTP,int,4,10,0,1,
dbo,TPIECEANALYTIQUE,,5,NaturePiece,smallint,2,5,0,1,
dbo,TPIECEANALYTIQUE,,6,numero,int,4,10,0,1,
dbo,TPIECEANALYTIQUE,,7,oid,TOID,32,0,0,0,
dbo,TPIECEANALYTIQUE,,8,oidCompteGeneral,TOID,32,0,0,1,
dbo,TPIECEANALYTIQUE,,9,oidcumulAnalytiqueDeverse,TOID,32,0,0,1,
dbo,TPIECEANALYTIQUE,,10,oiddevise,TOID,32,0,0,1,
dbo,TPIECEANALYTIQUE,,11,oidecriture,TOID,32,0,0,1,
dbo,TPIECEANALYTIQUE,,12,oidEspaceAnalytique,TOID,32,0,0,1,
dbo,TPIECEANALYTIQUE,,13,oidEtablissement,TOID,32,0,0,1,
dbo,TPIECEANALYTIQUE,,14,oidlotAnalytique,TOID,32,0,0,1,
dbo,TPIECEANALYTIQUE,,15,oidmodeleVentilation,TOID,32,0,0,1,
dbo,TPIECEANALYTIQUE,,16,oidpositionGroupe,TOID,32,0,0,1,
dbo,TPIECEANALYTIQUE,,17,typeCumulAnalytique,smallint,2,5,0,1,
dbo,TPIECEANALYTIQUE,,18,typeEcritureAnalytique,smallint,2,5,0,1,
dbo,TPIECEANALYTIQUE,,19,UpdDate,datetime,8,23,3,1,
dbo,TPIECEANALYTIQUE,,20,UpdStamp,char,16,0,0,1,
dbo,TPIECEANALYTIQUE,,21,UpdUser,nvarchar,48,0,0,1,
dbo,TPIECEANALYTIQUEIMMO,,1,Caption,nvarchar,256,0,0,1,
dbo,TPIECEANALYTIQUEIMMO,,2,dateValidite,datetime,8,23,3,1,
dbo,TPIECEANALYTIQUEIMMO,,3,dateValiditeFin,datetime,8,23,3,1,
dbo,TPIECEANALYTIQUEIMMO,,4,idOTP,int,4,10,0,1,
dbo,TPIECEANALYTIQUEIMMO,,5,noTraitement,int,4,10,0,1,
dbo,TPIECEANALYTIQUEIMMO,,6,numero,nvarchar,64,0,0,1,
dbo,TPIECEANALYTIQUEIMMO,,7,numero_CounterName,nvarchar,64,0,0,1,
dbo,TPIECEANALYTIQUEIMMO,,8,oid,TOID,32,0,0,0,
dbo,TPIECEANALYTIQUEIMMO,,9,oidBienComptable,TOID,32,0,0,1,
dbo,TPIECEANALYTIQUEIMMO,,10,oidConstitutionAnalytique,TOID,32,0,0,1,
dbo,TPIECEANALYTIQUEIMMO,,11,oidVentilationAnalytique,TOID,32,0,0,1,
dbo,TPIECEANALYTIQUEIMMO,,12,UpdDate,datetime,8,23,3,1,
dbo,TPIECEANALYTIQUEIMMO,,13,UpdStamp,char,16,0,0,1,
dbo,TPIECEANALYTIQUEIMMO,,14,UpdUser,nvarchar,48,0,0,1,
dbo,TPIECEANALYTIQUEIMMO,,15,valide,bit,1,1,0,1,
dbo,TPIECEBIENPHYSIQUE,,1,Caption,nvarchar,256,0,0,1,
dbo,TPIECEBIENPHYSIQUE,,2,commentaire,nvarchar,-1,0,0,1,
dbo,TPIECEBIENPHYSIQUE,,3,dateEffet,datetime,8,23,3,1,
dbo,TPIECEBIENPHYSIQUE,,4,dateTraitement,datetime,8,23,3,1,
dbo,TPIECEBIENPHYSIQUE,,5,idOTP,int,4,10,0,1,
dbo,TPIECEBIENPHYSIQUE,,6,numeroPiece,nvarchar,64,0,0,1,
dbo,TPIECEBIENPHYSIQUE,,7,numeroPiece_CounterName,nvarchar,64,0,0,1,
dbo,TPIECEBIENPHYSIQUE,,8,numeroTraitement,int,4,10,0,1,
dbo,TPIECEBIENPHYSIQUE,,9,oid,TOID,32,0,0,0,
dbo,TPIECEBIENPHYSIQUE,,10,typeMouvement,smallint,2,5,0,1,
dbo,TPIECEBIENPHYSIQUE,,11,UpdDate,datetime,8,23,3,1,
dbo,TPIECEBIENPHYSIQUE,,12,UpdStamp,char,16,0,0,1,
dbo,TPIECEBIENPHYSIQUE,,13,UpdUser,nvarchar,48,0,0,1,
dbo,TPIECEBIENPHYSIQUE,,14,Valide,bit,1,1,0,1,
dbo,TPIECEBIENPHYSIQUE,,15,oidNouveauEmplacement,TOID,32,0,0,1,
dbo,TPIECEBIENPHYSIQUE,,16,motifSortie,smallint,2,5,0,1,
dbo,TPIECEBPSORTIEDETAIL,,1,Caption,nvarchar,256,0,0,1,
dbo,TPIECEBPSORTIEDETAIL,,2,idOTP,int,4,10,0,1,
dbo,TPIECEBPSORTIEDETAIL,,3,oid,TOID,32,0,0,0,
dbo,TPIECEBPSORTIEDETAIL,,4,oidbienPhysique,TOID,32,0,0,1,
dbo,TPIECEBPSORTIEDETAIL,,5,oidPieceSortie,TOID,32,0,0,1,
dbo,TPIECEBPSORTIEDETAIL,,6,UpdDate,datetime,8,23,3,1,
dbo,TPIECEBPSORTIEDETAIL,,7,UpdStamp,char,16,0,0,1,
dbo,TPIECEBPSORTIEDETAIL,,8,UpdUser,nvarchar,48,0,0,1,
dbo,TPIECEBPTRANSFERTDETAIL,,1,Caption,nvarchar,256,0,0,1,
dbo,TPIECEBPTRANSFERTDETAIL,,2,idOTP,int,4,10,0,1,
dbo,TPIECEBPTRANSFERTDETAIL,,3,oid,TOID,32,0,0,0,
dbo,TPIECEBPTRANSFERTDETAIL,,4,oidAncienEmplacement,TOID,32,0,0,1,
dbo,TPIECEBPTRANSFERTDETAIL,,5,oidBienPhysique,TOID,32,0,0,1,
dbo,TPIECEBPTRANSFERTDETAIL,,6,oidPieceTransfert,TOID,32,0,0,1,
dbo,TPIECEBPTRANSFERTDETAIL,,7,UpdDate,datetime,8,23,3,1,
dbo,TPIECEBPTRANSFERTDETAIL,,8,UpdStamp,char,16,0,0,1,
dbo,TPIECEBPTRANSFERTDETAIL,,9,UpdUser,nvarchar,48,0,0,1,
dbo,TPIECEBPTRANSFERTDETAIL,,10,valide,bit,1,1,0,1,
dbo,TPIECEIMMO,,1,Caption,nvarchar,256,0,0,1,
dbo,TPIECEIMMO,,2,commentaire,nvarchar,-1,0,0,1,
dbo,TPIECEIMMO,,3,dateEffet,datetime,8,23,3,1,
dbo,TPIECEIMMO,,4,dateTraitement,datetime,8,23,3,1,
dbo,TPIECEIMMO,,5,idOTP,int,4,10,0,1,
dbo,TPIECEIMMO,,6,importe,bit,1,1,0,1,
dbo,TPIECEIMMO,,7,numero,nvarchar,64,0,0,1,
dbo,TPIECEIMMO,,8,numero_CounterName,nvarchar,64,0,0,1,
dbo,TPIECEIMMO,,9,numeroTraitement,int,4,10,0,1,
dbo,TPIECEIMMO,,10,oid,TOID,32,0,0,0,
dbo,TPIECEIMMO,,11,oidExercice,TOID,32,0,0,1,
dbo,TPIECEIMMO,,12,typeOperation,smallint,2,5,0,1,
dbo,TPIECEIMMO,,13,typeRegularisation,smallint,2,5,0,1,
dbo,TPIECEIMMO,,14,UpdDate,datetime,8,23,3,1,
dbo,TPIECEIMMO,,15,UpdStamp,char,16,0,0,1,
dbo,TPIECEIMMO,,16,UpdUser,nvarchar,48,0,0,1,
dbo,TPIECEIMMO,,17,valide,bit,1,1,0,1,
dbo,TPIECEIMMO,,18,coefficient,float,8,53,0,1,
dbo,TPIECEIMMO,,19,coefficient_Decimales,int,4,10,0,1,
dbo,TPIECEIMMO,,20,methodeDepreciation,smallint,2,5,0,1,
dbo,TPIECEIMMO,,21,methodeModifiee,bit,1,1,0,1,
dbo,TPIECEIMMO,,22,methodeReevaluation,smallint,2,5,0,1,
dbo,TPIECEIMMO,,23,montant,money,8,19,4,1,
dbo,TPIECEIMMO,,24,montant_CodeDevise,nvarchar,6,0,0,1,
dbo,TPIECEIMMO,,25,oidSchemaAmortissement,TOID,32,0,0,1,
dbo,TPIECEIMMO,,26,oidCompteCharge,TOID,32,0,0,1,
dbo,TPIECEIMMO,,27,annule,bit,1,1,0,1,
dbo,TPIECEIMMO,,28,calculDotationExercice,bit,1,1,0,1,
dbo,TPIECEIMMO,,29,cleRepartition,smallint,2,5,0,1,
dbo,TPIECEIMMO,,30,motif,smallint,2,5,0,1,
dbo,TPIECEIMMO,,31,oidProfilTVA,TOID,32,0,0,1,
dbo,TPIECEIMMO,,32,oidTiers,TOID,32,0,0,1,
dbo,TPIECEIMMO,,33,regulTva,bit,1,1,0,1,
dbo,TPIECEIMMO,,34,soumisTva,bit,1,1,0,1,
dbo,TPIECEIMMO,,35,tauxTva,float,8,53,0,1,
dbo,TPIECEIMMO,,36,tauxTva_Decimales,int,4,10,0,1,
dbo,TPIECEIMMO,,37,ajouterElement,bit,1,1,0,1,
dbo,TPIECEIMMO,,38,oidCompteGeneral,TOID,32,0,0,1,
dbo,TPIECEIMMO,,39,calculDateEffet,smallint,2,5,0,1,
dbo,TPIECEIMMO,,40,dateTransfert,datetime,8,23,3,1,
dbo,TPIECEIMMO,,41,oidEtablissement,TOID,32,0,0,1,
dbo,TPIECEIMMO,,42,varBlocage,bit,1,1,0,1,
dbo,TPIECEIMMO,,43,changementAideFiscale,bit,1,1,0,1,
dbo,TPIECEIMMO,,44,changementDuree,bit,1,1,0,1,
dbo,TPIECEIMMO,,45,changementRegle,bit,1,1,0,1,
dbo,TPIECEIMMO,,46,changementValeurResiduelle,bit,1,1,0,1,
dbo,TPIECEIMMO,,47,dateCalculDotation,smallint,2,5,0,1,
dbo,TPIECEIMMO,,48,duree,float,8,53,0,1,
dbo,TPIECEIMMO,,49,duree_Decimales,int,4,10,0,1,
dbo,TPIECEIMMO,,50,modifie,bit,1,1,0,1,
dbo,TPIECEIMMO,,51,nonAmortissable,bit,1,1,0,1,
dbo,TPIECEIMMO,,52,oidAideFiscale,TOID,32,0,0,1,
dbo,TPIECEIMMO,,53,oidRegleAmortissement,TOID,32,0,0,1,
dbo,TPIECEIMMO,,54,qualifDuree,smallint,2,5,0,1,
dbo,TPIECEIMMO,,55,regularisationRattrapage,smallint,2,5,0,1,
dbo,TPIECEIMMO,,56,tauxMajoration,float,8,53,0,1,
dbo,TPIECEIMMO,,57,tauxMajoration_Decimales,int,4,10,0,1,
dbo,TPIECEIMMO,,58,valeurResiduelle,money,8,19,4,1,
dbo,TPIECEIMMO,,59,valeurResiduelle_CodeDevise,nvarchar,6,0,0,1,
dbo,TPIECEIMMO,,60,dateValorisation,datetime,8,23,3,1,
dbo,TPIECEIMMO,,61,montantTVA,money,8,19,4,1,
dbo,TPIECEIMMO,,62,montantTVA_CodeDevise,nvarchar,6,0,0,1,
dbo,TPIECEIMMO,,63,montantValorisation,money,8,19,4,1,
dbo,TPIECEIMMO,,64,montantValorisation_CodeDevise,nvarchar,6,0,0,1,
dbo,TPIECEIMMO,,65,oidBienComptable,TOID,32,0,0,1,
dbo,TPIECEIMMO,,66,assujettissementForce,bit,1,1,0,1,
dbo,TPIECEIMMO,,67,coefAdmission,float,8,53,0,1,
dbo,TPIECEIMMO,,68,coefAdmission_Decimales,int,4,10,0,1,
dbo,TPIECEIMMO,,69,coefAssujettissement,float,8,53,0,1,
dbo,TPIECEIMMO,,70,coefAssujettissement_Decimales,int,4,10,0,1,
dbo,TPIECEIMMO,,71,coefDeduction,float,8,53,0,1,
dbo,TPIECEIMMO,,72,coefDeduction_Decimales,int,4,10,0,1,
dbo,TPIECEIMMO,,73,coefTaxation,float,8,53,0,1,
dbo,TPIECEIMMO,,74,coefTaxation_Decimales,int,4,10,0,1,
dbo,TPIECEIMMO,,75,comptabilise,bit,1,1,0,1,
dbo,TPIECEIMMO,,76,dateComptabilisation,datetime,8,23,3,1,
dbo,TPIECEIMMO,,77,dateEcriture,datetime,8,23,3,1,
dbo,TPIECEIMMO,,78,estBienImmo,bit,1,1,0,1,
dbo,TPIECEIMMO,,79,idBienMeS,nvarchar,256,0,0,1,
dbo,TPIECEIMMO,,80,idSession,nvarchar,256,0,0,1,
dbo,TPIECEIMMO,,81,lasm,bit,1,1,0,1,
dbo,TPIECEIMMO,,82,montantTVAReel,money,8,19,4,1,
dbo,TPIECEIMMO,,83,montantTVAReel_CodeDevise,nvarchar,6,0,0,1,
dbo,TPIECEIMMO,,84,oidcoefficientAdmission,TOID,32,0,0,1,
dbo,TPIECEIMMO,,85,oidNatureBien,TOID,32,0,0,1,
dbo,TPIECEIMMO,,86,oidPiece,TOID,32,0,0,1,
dbo,TPIECEIMMO,,87,oidSecteurActivite,TOID,32,0,0,1,
dbo,TPIECEIMMO,,88,quantite,float,8,53,0,1,
dbo,TPIECEIMMO,,89,quantite_Decimales,int,4,10,0,1,
dbo,TPIECEIMMO,,90,quantite_CodeUnit,nvarchar,64,0,0,1,
dbo,TPIECEIMMO,,91,sens,smallint,2,5,0,1,
dbo,TPIECEIMMO,,92,simulation,bit,1,1,0,1,
dbo,TPIECEIMMO,,93,cumulRegul,money,8,19,4,1,
dbo,TPIECEIMMO,,94,cumulRegul_CodeDevise,nvarchar,6,0,0,1,
dbo,TPIECEIMMO,,95,cumulReversement,money,8,19,4,1,
dbo,TPIECEIMMO,,96,cumulReversement_CodeDevise,nvarchar,6,0,0,1,
dbo,TPIECEIMMO,,97,modificationValeurBrute,bit,1,1,0,1,
dbo,TPIECEIMMO,,98,variationCoefficient,int,4,10,0,1,
dbo,TPIECEIMMO,,99,regulAssujettissement,bit,1,1,0,1,
dbo,TPIECEIMMO,,100,regulTaxation,bit,1,1,0,1,
dbo,TPIECEIMMO,,101,oidActiviteRegularisationTVA,TOID,32,0,0,1,
dbo,TPIECEIMMO,,102,contexte,smallint,2,5,0,1,
dbo,TPIECEIMMO,,103,methodeDiffere,smallint,2,5,0,1,
dbo,TPIECEIMMO,,104,pourcentageDiffere,float,8,53,0,1,
dbo,TPIECEIMMO,,105,pourcentageDiffere_Decimales,int,4,10,0,1,
dbo,TPLANANALYSE,,1,Caption,nvarchar,256,0,0,1,
dbo,TPLANANALYSE,,2,code,nvarchar,256,0,0,1,
dbo,TPLANANALYSE,,3,idOTP,int,4,10,0,1,
dbo,TPLANANALYSE,,4,oid,TOID,32,0,0,0,
dbo,TPLANANALYSE,,5,oidAxe,TOID,32,0,0,1,
dbo,TPLANANALYSE,,6,UpdDate,datetime,8,23,3,1,
dbo,TPLANANALYSE,,7,UpdStamp,char,16,0,0,1,
dbo,TPLANANALYSE,,8,UpdUser,nvarchar,48,0,0,1,
dbo,TPLANCOMPTE,,1,Caption,nvarchar,256,0,0,1,
dbo,TPLANCOMPTE,,2,code,nvarchar,256,0,0,1,
dbo,TPLANCOMPTE,,3,idOTP,int,4,10,0,1,
dbo,TPLANCOMPTE,,4,oid,TOID,32,0,0,0,
dbo,TPLANCOMPTE,,5,UpdDate,datetime,8,23,3,1,
dbo,TPLANCOMPTE,,6,UpdStamp,char,16,0,0,1,
dbo,TPLANCOMPTE,,7,UpdUser,nvarchar,48,0,0,1,
dbo,TPLANCOMPTEDETAIL,,1,borneDroite,int,4,10,0,1,
dbo,TPLANCOMPTEDETAIL,,2,borneGauche,int,4,10,0,1,
dbo,TPLANCOMPTEDETAIL,,3,Caption,nvarchar,256,0,0,1,
dbo,TPLANCOMPTEDETAIL,,4,ecartBornes,int,4,10,0,1,
dbo,TPLANCOMPTEDETAIL,,5,idOTP,int,4,10,0,1,
dbo,TPLANCOMPTEDETAIL,,6,niveauArbre,int,4,10,0,1,
dbo,TPLANCOMPTEDETAIL,,7,oid,TOID,32,0,0,0,
dbo,TPLANCOMPTEDETAIL,,8,oidParent,TOID,32,0,0,1,
dbo,TPLANCOMPTEDETAIL,,9,oidRacineArbre,TOID,32,0,0,1,
dbo,TPLANCOMPTEDETAIL,,10,ordre,int,4,10,0,1,
dbo,TPLANCOMPTEDETAIL,,11,UpdDate,datetime,8,23,3,1,
dbo,TPLANCOMPTEDETAIL,,12,UpdStamp,char,16,0,0,1,
dbo,TPLANCOMPTEDETAIL,,13,UpdUser,nvarchar,48,0,0,1,
dbo,TPLANCOMPTEDETAIL,,14,code,nvarchar,256,0,0,1,
dbo,TPLANCOMPTEDETAIL,,15,oidPlanCompte,TOID,32,0,0,1,
dbo,TPLANCOMPTEMULTISOC,,1,Caption,nvarchar,256,0,0,1,
dbo,TPLANCOMPTEMULTISOC,,2,chevauchement1,nvarchar,256,0,0,1,
dbo,TPLANCOMPTEMULTISOC,,3,chevauchement2,nvarchar,256,0,0,1,
dbo,TPLANCOMPTEMULTISOC,,4,code,nvarchar,256,0,0,1,
dbo,TPLANCOMPTEMULTISOC,,5,idOTP,int,4,10,0,1,
dbo,TPLANCOMPTEMULTISOC,,6,oid,TOID,32,0,0,0,
dbo,TPLANCOMPTEMULTISOC,,7,UpdDate,datetime,8,23,3,1,
dbo,TPLANCOMPTEMULTISOC,,8,UpdStamp,char,16,0,0,1,
dbo,TPLANCOMPTEMULTISOC,,9,UpdUser,nvarchar,48,0,0,1,
dbo,TPLANPOSTEBUDGETAIRE,,1,Caption,nvarchar,256,0,0,1,
dbo,TPLANPOSTEBUDGETAIRE,,2,code,nvarchar,256,0,0,1,
dbo,TPLANPOSTEBUDGETAIRE,,3,idOTP,int,4,10,0,1,
dbo,TPLANPOSTEBUDGETAIRE,,4,oid,TOID,32,0,0,0,
dbo,TPLANPOSTEBUDGETAIRE,,5,oidDimensionGroupe,TOID,32,0,0,1,
dbo,TPLANPOSTEBUDGETAIRE,,6,UpdDate,datetime,8,23,3,1,
dbo,TPLANPOSTEBUDGETAIRE,,7,UpdStamp,char,16,0,0,1,
dbo,TPLANPOSTEBUDGETAIRE,,8,UpdUser,nvarchar,48,0,0,1,
dbo,TPLUSMOINSVALUECESSION,,1,Caption,nvarchar,256,0,0,1,
dbo,TPLUSMOINSVALUECESSION,,2,idOTP,int,4,10,0,1,
dbo,TPLUSMOINSVALUECESSION,,3,oid,TOID,32,0,0,0,
dbo,TPLUSMOINSVALUECESSION,,4,oidexercice,TOID,32,0,0,1,
dbo,TPLUSMOINSVALUECESSION,,5,oidperiode,TOID,32,0,0,1,
dbo,TPLUSMOINSVALUECESSION,,6,oidschemaAmortissement,TOID,32,0,0,1,
dbo,TPLUSMOINSVALUECESSION,,7,pieceNonValide,bit,1,1,0,1,
dbo,TPLUSMOINSVALUECESSION,,8,UpdDate,datetime,8,23,3,1,
dbo,TPLUSMOINSVALUECESSION,,9,UpdStamp,char,16,0,0,1,
dbo,TPLUSMOINSVALUECESSION,,10,UpdUser,nvarchar,48,0,0,1,
dbo,TPLUSMOINSVALUEDETAIL,,1,amortissementPratique,money,8,19,4,1,
dbo,TPLUSMOINSVALUEDETAIL,,2,amortissementPratique_CodeDevi,nvarchar,6,0,0,1,
dbo,TPLUSMOINSVALUEDETAIL,,3,Caption,nvarchar,256,0,0,1,
dbo,TPLUSMOINSVALUEDETAIL,,4,idOTP,int,4,10,0,1,
dbo,TPLUSMOINSVALUEDETAIL,,5,oid,TOID,32,0,0,0,
dbo,TPLUSMOINSVALUEDETAIL,,6,oiddotationCession,TOID,32,0,0,1,
dbo,TPLUSMOINSVALUEDETAIL,,7,oidplusMoinsValueCession,TOID,32,0,0,1,
dbo,TPLUSMOINSVALUEDETAIL,,8,plusMoinsValue,money,8,19,4,1,
dbo,TPLUSMOINSVALUEDETAIL,,9,plusMoinsValue_CodeDevise,nvarchar,6,0,0,1,
dbo,TPLUSMOINSVALUEDETAIL,,10,plusMoinsValueCT,money,8,19,4,1,
dbo,TPLUSMOINSVALUEDETAIL,,11,plusMoinsValueCT_CodeDevise,nvarchar,6,0,0,1,
dbo,TPLUSMOINSVALUEDETAIL,,12,plusMoinsValueLT,money,8,19,4,1,
dbo,TPLUSMOINSVALUEDETAIL,,13,plusMoinsValueLT_CodeDevise,nvarchar,6,0,0,1,
dbo,TPLUSMOINSVALUEDETAIL,,14,prixVente,money,8,19,4,1,
dbo,TPLUSMOINSVALUEDETAIL,,15,prixVente_CodeDevise,nvarchar,6,0,0,1,
dbo,TPLUSMOINSVALUEDETAIL,,16,UpdDate,datetime,8,23,3,1,
dbo,TPLUSMOINSVALUEDETAIL,,17,UpdStamp,char,16,0,0,1,
dbo,TPLUSMOINSVALUEDETAIL,,18,UpdUser,nvarchar,48,0,0,1,
dbo,TPLUSMOINSVALUEDETAIL,,19,valeurNetteReevaluee,money,8,19,4,1,
dbo,TPLUSMOINSVALUEDETAIL,,20,valeurNetteReevaluee_CodeDevis,nvarchar,6,0,0,1,
dbo,TPLUSMOINSVALUEDETAIL,,21,valeurOrigine,money,8,19,4,1,
dbo,TPLUSMOINSVALUEDETAIL,,22,valeurOrigine_CodeDevise,nvarchar,6,0,0,1,
dbo,TPLUSMOINSVALUEDETAIL,,23,valeurResiduelle,money,8,19,4,1,
dbo,TPLUSMOINSVALUEDETAIL,,24,valeurResiduelle_CodeDevise,nvarchar,6,0,0,1,
dbo,TPOINTANALYTIQUE,,1,Caption,nvarchar,256,0,0,1,
dbo,TPOINTANALYTIQUE,,2,DateDetection,datetime,8,23,3,1,
dbo,TPOINTANALYTIQUE,,3,enActivite,bit,1,1,0,1,
dbo,TPOINTANALYTIQUE,,4,idOTP,int,4,10,0,1,
dbo,TPOINTANALYTIQUE,,5,libelleSection,nvarchar,256,0,0,1,
dbo,TPOINTANALYTIQUE,,6,oid,TOID,32,0,0,0,
dbo,TPOINTANALYTIQUE,,7,oidpositionGroupe,TOID,32,0,0,1,
dbo,TPOINTANALYTIQUE,,8,oidSectionAnalytique,TOID,32,0,0,1,
dbo,TPOINTANALYTIQUE,,9,oidunite,TOID,32,0,0,1,
dbo,TPOINTANALYTIQUE,,10,Supprimable,bit,1,1,0,1,
dbo,TPOINTANALYTIQUE,,11,UpdDate,datetime,8,23,3,1,
dbo,TPOINTANALYTIQUE,,12,UpdStamp,char,16,0,0,1,
dbo,TPOINTANALYTIQUE,,13,UpdUser,nvarchar,48,0,0,1,
dbo,TPOINTANALYTIQUE,,14,Valide,bit,1,1,0,1,
dbo,TPOINTANALYTIQUE,,15,DonatriceEcriture,bit,1,1,0,1,
dbo,TPOSITIONANALYTIQUE,,1,Caption,nvarchar,256,0,0,1,
dbo,TPOSITIONANALYTIQUE,,2,code,nvarchar,256,0,0,1,
dbo,TPOSITIONANALYTIQUE,,3,dateFermeture,datetime,8,23,3,1,
dbo,TPOSITIONANALYTIQUE,,4,dateOuverture,datetime,8,23,3,1,
dbo,TPOSITIONANALYTIQUE,,5,enActivite,bit,1,1,0,1,
dbo,TPOSITIONANALYTIQUE,,6,idOTP,int,4,10,0,1,
dbo,TPOSITIONANALYTIQUE,,7,oid,TOID,32,0,0,0,
dbo,TPOSITIONANALYTIQUE,,8,oidDimensionAnalytique,TOID,32,0,0,1,
dbo,TPOSITIONANALYTIQUE,,9,oidParent,TOID,32,0,0,1,
dbo,TPOSITIONANALYTIQUE,,10,oidunite,TOID,32,0,0,1,
dbo,TPOSITIONANALYTIQUE,,11,UpdDate,datetime,8,23,3,1,
dbo,TPOSITIONANALYTIQUE,,12,UpdStamp,char,16,0,0,1,
dbo,TPOSITIONANALYTIQUE,,13,UpdUser,nvarchar,48,0,0,1,
dbo,TPOSITIONECHEANCE,,1,Caption,nvarchar,256,0,0,1,
dbo,TPOSITIONECHEANCE,,2,idOTP,int,4,10,0,1,
dbo,TPOSITIONECHEANCE,,3,oid,TOID,32,0,0,0,
dbo,TPOSITIONECHEANCE,,4,oidConditionReglement,TOID,32,0,0,1,
dbo,TPOSITIONECHEANCE,,5,oidEcheancement,TOID,32,0,0,1,
dbo,TPOSITIONECHEANCE,,6,oidModeReglement,TOID,32,0,0,1,
dbo,TPOSITIONECHEANCE,,7,pourcentage,float,8,53,0,1,
dbo,TPOSITIONECHEANCE,,8,pourcentage_Decimales,int,4,10,0,1,
dbo,TPOSITIONECHEANCE,,9,UpdDate,datetime,8,23,3,1,
dbo,TPOSITIONECHEANCE,,10,UpdStamp,char,16,0,0,1,
dbo,TPOSITIONECHEANCE,,11,UpdUser,nvarchar,48,0,0,1,
dbo,TPOSITIONETABLISSEMENT,,1,Caption,nvarchar,256,0,0,1,
dbo,TPOSITIONETABLISSEMENT,,2,idOTP,int,4,10,0,1,
dbo,TPOSITIONETABLISSEMENT,,3,oid,TOID,32,0,0,0,
dbo,TPOSITIONETABLISSEMENT,,4,oidDimensionSociete,TOID,32,0,0,1,
dbo,TPOSITIONETABLISSEMENT,,5,oidEtablissement,TOID,32,0,0,1,
dbo,TPOSITIONETABLISSEMENT,,6,UpdDate,datetime,8,23,3,1,
dbo,TPOSITIONETABLISSEMENT,,7,UpdStamp,char,16,0,0,1,
dbo,TPOSITIONETABLISSEMENT,,8,UpdUser,nvarchar,48,0,0,1,
dbo,TPOSITIONGROUPE,,1,borneDroite,int,4,10,0,1,
dbo,TPOSITIONGROUPE,,2,borneGauche,int,4,10,0,1,
dbo,TPOSITIONGROUPE,,3,Caption,nvarchar,256,0,0,1,
dbo,TPOSITIONGROUPE,,4,ecartBornes,int,4,10,0,1,
dbo,TPOSITIONGROUPE,,5,idOTP,int,4,10,0,1,
dbo,TPOSITIONGROUPE,,6,niveauArbre,int,4,10,0,1,
dbo,TPOSITIONGROUPE,,7,oid,TOID,32,0,0,0,
dbo,TPOSITIONGROUPE,,8,oidParent,TOID,32,0,0,1,
dbo,TPOSITIONGROUPE,,9,oidRacineArbre,TOID,32,0,0,1,
dbo,TPOSITIONGROUPE,,10,ordre,int,4,10,0,1,
dbo,TPOSITIONGROUPE,,11,UpdDate,datetime,8,23,3,1,
dbo,TPOSITIONGROUPE,,12,UpdStamp,char,16,0,0,1,
dbo,TPOSITIONGROUPE,,13,UpdUser,nvarchar,48,0,0,1,
dbo,TPOSITIONGROUPE,,14,code,nvarchar,256,0,0,1,
dbo,TPOSITIONGROUPE,,15,oidDimensionGroupe,TOID,32,0,0,1,
dbo,TPOSITIONGROUPE,,16,natureSuppletive,bit,1,1,0,1,
dbo,TPOSITIONGROUPE,,17,oidunite,TOID,32,0,0,1,
dbo,TPOSITIONGROUPE,,18,SensMontantDebit,smallint,2,5,0,1,
dbo,TPOSITIONGROUPE,,19,typeNature,smallint,2,5,0,1,
dbo,TPOSITIONGROUPE,,20,oidIndicateurCrediteur,TOID,32,0,0,1,
dbo,TPOSITIONGROUPE,,21,sens,smallint,2,5,0,1,
dbo,TPOSTE,,1,Caption,nvarchar,256,0,0,1,
dbo,TPOSTE,,2,code,nvarchar,256,0,0,1,
dbo,TPOSTE,,3,idOTP,int,4,10,0,1,
dbo,TPOSTE,,4,oid,TOID,32,0,0,0,
dbo,TPOSTE,,5,UpdDate,datetime,8,23,3,1,
dbo,TPOSTE,,6,UpdStamp,char,16,0,0,1,
dbo,TPOSTE,,7,UpdUser,nvarchar,48,0,0,1,
dbo,TPOSTE,,8,oidNatureBudgetaire,TOID,32,0,0,1,
dbo,TPOSTE,,9,oidPosteBudgetaireParametre,TOID,32,0,0,1,
dbo,TPOSTE,,10,NatureRubriqueBudget,smallint,2,5,0,1,
dbo,TPOSTE,,11,oidAxeAnalytique,TOID,32,0,0,1,
dbo,TPOSTE,,12,oidNatureBudgetaireTresorerie,TOID,32,0,0,1,
dbo,TPOSTEAXE,,1,Caption,nvarchar,256,0,0,1,
dbo,TPOSTEAXE,,2,idOTP,int,4,10,0,1,
dbo,TPOSTEAXE,,3,oid,TOID,32,0,0,0,
dbo,TPOSTEAXE,,4,oidAxe,TOID,32,0,0,1,
dbo,TPOSTEAXE,,5,oidPoste,TOID,32,0,0,1,
dbo,TPOSTEAXE,,6,UpdDate,datetime,8,23,3,1,
dbo,TPOSTEAXE,,7,UpdStamp,char,16,0,0,1,
dbo,TPOSTEAXE,,8,UpdUser,nvarchar,48,0,0,1,
dbo,TPOSTEBUDGETAIREGCF,,1,Caption,nvarchar,256,0,0,1,
dbo,TPOSTEBUDGETAIREGCF,,2,code,nvarchar,256,0,0,1,
dbo,TPOSTEBUDGETAIREGCF,,3,idOTP,int,4,10,0,1,
dbo,TPOSTEBUDGETAIREGCF,,4,oid,TOID,32,0,0,0,
dbo,TPOSTEBUDGETAIREGCF,,5,oidPlanPosteBudgetaire,TOID,32,0,0,1,
dbo,TPOSTEBUDGETAIREGCF,,6,oidUnite,TOID,32,0,0,1,
dbo,TPOSTEBUDGETAIREGCF,,7,UniquementMemeUnite,bit,1,1,0,1,
dbo,TPOSTEBUDGETAIREGCF,,8,UpdDate,datetime,8,23,3,1,
dbo,TPOSTEBUDGETAIREGCF,,9,UpdStamp,char,16,0,0,1,
dbo,TPOSTEBUDGETAIREGCF,,10,UpdUser,nvarchar,48,0,0,1,
dbo,TPOSTECLASSEMENT,,1,Caption,nvarchar,256,0,0,1,
dbo,TPOSTECLASSEMENT,,2,idOTP,int,4,10,0,1,
dbo,TPOSTECLASSEMENT,,3,oid,TOID,32,0,0,0,
dbo,TPOSTECLASSEMENT,,4,oidClassement,TOID,32,0,0,1,
dbo,TPOSTECLASSEMENT,,5,oidPoste,TOID,32,0,0,1,
dbo,TPOSTECLASSEMENT,,6,UpdDate,datetime,8,23,3,1,
dbo,TPOSTECLASSEMENT,,7,UpdStamp,char,16,0,0,1,
dbo,TPOSTECLASSEMENT,,8,UpdUser,nvarchar,48,0,0,1,
dbo,TPOSTEPARAMETRE,,1,Caption,nvarchar,256,0,0,1,
dbo,TPOSTEPARAMETRE,,2,idOTP,int,4,10,0,1,
dbo,TPOSTEPARAMETRE,,3,oid,TOID,32,0,0,0,
dbo,TPOSTEPARAMETRE,,4,oidLoiDecalage,TOID,32,0,0,1,
dbo,TPOSTEPARAMETRE,,5,oidLoiRepartitionPeriodique,TOID,32,0,0,1,
dbo,TPOSTEPARAMETRE,,6,oidPosteBudgetaireTresorerie,TOID,32,0,0,1,
dbo,TPOSTEPARAMETRE,,7,pourcentageDebit,float,8,53,0,1,
dbo,TPOSTEPARAMETRE,,8,pourcentageDebit_Decimales,int,4,10,0,1,
dbo,TPOSTEPARAMETRE,,9,pourcentageEncais,float,8,53,0,1,
dbo,TPOSTEPARAMETRE,,10,pourcentageEncais_Decimales,int,4,10,0,1,
dbo,TPOSTEPARAMETRE,,11,UpdDate,datetime,8,23,3,1,
dbo,TPOSTEPARAMETRE,,12,UpdStamp,char,16,0,0,1,
dbo,TPOSTEPARAMETRE,,13,UpdUser,nvarchar,48,0,0,1,
dbo,TPOSTEPARAMETRE,,14,oidPerimetreBudgetaire,TOID,32,0,0,1,
dbo,TPOSTEPARAMETRE,,15,oidPosteBudgetaire,TOID,32,0,0,1,
dbo,TPRESTATAIREINVENTAIRE,,1,Caption,nvarchar,256,0,0,1,
dbo,TPRESTATAIREINVENTAIRE,,2,code,nvarchar,256,0,0,1,
dbo,TPRESTATAIREINVENTAIRE,,3,idOTP,int,4,10,0,1,
dbo,TPRESTATAIREINVENTAIRE,,4,oid,TOID,32,0,0,0,
dbo,TPRESTATAIREINVENTAIRE,,5,UpdDate,datetime,8,23,3,1,
dbo,TPRESTATAIREINVENTAIRE,,6,UpdStamp,char,16,0,0,1,
dbo,TPRESTATAIREINVENTAIRE,,7,UpdUser,nvarchar,48,0,0,1,
dbo,TPROFILTVA,,1,Actif,bit,1,1,0,1,
dbo,TPROFILTVA,,2,autoliquidationTVA,smallint,2,5,0,1,
dbo,TPROFILTVA,,3,Caption,nvarchar,256,0,0,1,
dbo,TPROFILTVA,,4,estMouvemente,bit,1,1,0,1,
dbo,TPROFILTVA,,5,idOTP,int,4,10,0,1,
dbo,TPROFILTVA,,6,intracommunautaire,bit,1,1,0,1,
dbo,TPROFILTVA,,7,localisation_CA3,smallint,2,5,0,1,
dbo,TPROFILTVA,,8,margeParAffaire,bit,1,1,0,1,
dbo,TPROFILTVA,,9,oid,TOID,32,0,0,0,
dbo,TPROFILTVA,,10,oidCoefficientAdmission,TOID,32,0,0,1,
dbo,TPROFILTVA,,11,oidCompteContrepartieFictiv,TOID,32,0,0,1,
dbo,TPROFILTVA,,12,oidcompteTVA,TOID,32,0,0,1,
dbo,TPROFILTVA,,13,oidProfilTVAAPayer,TOID,32,0,0,1,
dbo,TPROFILTVA,,14,oidProrataTVA,TOID,32,0,0,1,
dbo,TPROFILTVA,,15,oidSecteurActivite,TOID,32,0,0,1,
dbo,TPROFILTVA,,16,oidTVA,TOID,32,0,0,1,
dbo,TPROFILTVA,,17,ProfilRegulTVA,bit,1,1,0,1,
dbo,TPROFILTVA,,18,regimeTVA,smallint,2,5,0,1,
dbo,TPROFILTVA,,19,TVAFictive,bit,1,1,0,1,
dbo,TPROFILTVA,,20,typeTVA,smallint,2,5,0,1,
dbo,TPROFILTVA,,21,UpdDate,datetime,8,23,3,1,
dbo,TPROFILTVA,,22,UpdStamp,char,16,0,0,1,
dbo,TPROFILTVA,,23,UpdUser,nvarchar,48,0,0,1,
dbo,TPRORATATVA,,1,Caption,nvarchar,256,0,0,1,
dbo,TPRORATATVA,,2,Code,nvarchar,256,0,0,1,
dbo,TPRORATATVA,,3,coefAdmissionAConfirmer,float,8,53,0,1,
dbo,TPRORATATVA,,4,coefAdmissionAConfirmer_Decima,int,4,10,0,1,
dbo,TPRORATATVA,,5,coefAssujettAConfirmer,float,8,53,0,1,
dbo,TPRORATATVA,,6,coefAssujettAConfirmer_Decimal,int,4,10,0,1,
dbo,TPRORATATVA,,7,coefTaxationAConfirmer,float,8,53,0,1,
dbo,TPRORATATVA,,8,coefTaxationAConfirmer_Decimal,int,4,10,0,1,
dbo,TPRORATATVA,,9,estMouvemente,bit,1,1,0,1,
dbo,TPRORATATVA,,10,idOTP,int,4,10,0,1,
dbo,TPRORATATVA,,11,oid,TOID,32,0,0,0,
dbo,TPRORATATVA,,12,TauxAConfirmer,float,8,53,0,1,
dbo,TPRORATATVA,,13,TauxAConfirmer_Decimales,int,4,10,0,1,
dbo,TPRORATATVA,,14,UpdDate,datetime,8,23,3,1,
dbo,TPRORATATVA,,15,UpdStamp,char,16,0,0,1,
dbo,TPRORATATVA,,16,UpdUser,nvarchar,48,0,0,1,
dbo,TQUEUEL1000,,1,idOTP,int,4,10,0,1,
dbo,TQUEUEL1000,,2,oid,TOID,32,0,0,0,
dbo,TQUEUEL1000,,3,oidqueueRef,TOID,32,0,0,1,
dbo,TQUEUEL1000,,4,queueID,int,4,10,0,0,
dbo,TQUEUEL1000,,5,queueState,smallint,2,5,0,1,
dbo,TQUEUEL1000,,6,queueTopic,nvarchar,4096,0,0,1,
dbo,TQUEUEL1000,,7,UpdDate,datetime,8,23,3,1,
dbo,TQUEUEL1000,,8,UpdStamp,char,16,0,0,1,
dbo,TQUEUEL1000,,9,UpdUser,nvarchar,48,0,0,1,
dbo,TQUOTATECHEANCE,,1,Caption,nvarchar,256,0,0,1,
dbo,TQUOTATECHEANCE,,2,code,nvarchar,256,0,0,1,
dbo,TQUOTATECHEANCE,,3,idOTP,int,4,10,0,1,
dbo,TQUOTATECHEANCE,,4,natureReglement,smallint,2,5,0,1,
dbo,TQUOTATECHEANCE,,5,oid,TOID,32,0,0,0,
dbo,TQUOTATECHEANCE,,6,oidDimensionTemps,TOID,32,0,0,1,
dbo,TQUOTATECHEANCE,,7,typeReglement,smallint,2,5,0,1,
dbo,TQUOTATECHEANCE,,8,UpdDate,datetime,8,23,3,1,
dbo,TQUOTATECHEANCE,,9,UpdStamp,char,16,0,0,1,
dbo,TQUOTATECHEANCE,,10,UpdUser,nvarchar,48,0,0,1,
dbo,TQUOTATPERIODE,,1,Caption,nvarchar,256,0,0,1,
dbo,TQUOTATPERIODE,,2,idOTP,int,4,10,0,1,
dbo,TQUOTATPERIODE,,3,oid,TOID,32,0,0,0,
dbo,TQUOTATPERIODE,,4,oidPeriode,TOID,32,0,0,1,
dbo,TQUOTATPERIODE,,5,oidQuotatEcheance,TOID,32,0,0,1,
dbo,TQUOTATPERIODE,,6,UpdDate,datetime,8,23,3,1,
dbo,TQUOTATPERIODE,,7,UpdStamp,char,16,0,0,1,
dbo,TQUOTATPERIODE,,8,UpdUser,nvarchar,48,0,0,1,
dbo,TREALISEBUDGET,,1,Caption,nvarchar,256,0,0,1,
dbo,TREALISEBUDGET,,2,idOTP,int,4,10,0,1,
dbo,TREALISEBUDGET,,3,Montant,money,8,19,4,1,
dbo,TREALISEBUDGET,,4,Montant_CodeDevise,nvarchar,6,0,0,1,
dbo,TREALISEBUDGET,,5,montantEngage,money,8,19,4,1,
dbo,TREALISEBUDGET,,6,MontantIAS,money,8,19,4,1,
dbo,TREALISEBUDGET,,7,MontantIAS_CodeDevise,nvarchar,6,0,0,1,
dbo,TREALISEBUDGET,,8,montantPreEngage,money,8,19,4,1,
dbo,TREALISEBUDGET,,9,oid,TOID,32,0,0,0,
dbo,TREALISEBUDGET,,10,oidDevise,TOID,32,0,0,1,
dbo,TREALISEBUDGET,,11,oidPerimetreBudgetaire,TOID,32,0,0,1,
dbo,TREALISEBUDGET,,12,oidPeriode,TOID,32,0,0,1,
dbo,TREALISEBUDGET,,13,oidPosteBudgetaire,TOID,32,0,0,1,
dbo,TREALISEBUDGET,,14,typeLot,smallint,2,5,0,1,
dbo,TREALISEBUDGET,,15,UpdDate,datetime,8,23,3,1,
dbo,TREALISEBUDGET,,16,UpdStamp,char,16,0,0,1,
dbo,TREALISEBUDGET,,17,UpdUser,nvarchar,48,0,0,1,
dbo,TREALISEBUDGET,,18,credit,money,8,19,4,1,
dbo,TREALISEBUDGET,,19,creditIAS,money,8,19,4,1,
dbo,TREALISEBUDGET,,20,debit,money,8,19,4,1,
dbo,TREALISEBUDGET,,21,debitIAS,money,8,19,4,1,
dbo,TRECEPTIONBIENPHYSIQUE,,1,Caption,nvarchar,256,0,0,1,
dbo,TRECEPTIONBIENPHYSIQUE,,2,dateCommande,datetime,8,23,3,1,
dbo,TRECEPTIONBIENPHYSIQUE,,3,dateReception,datetime,8,23,3,1,
dbo,TRECEPTIONBIENPHYSIQUE,,4,idOTP,int,4,10,0,1,
dbo,TRECEPTIONBIENPHYSIQUE,,5,numeroBonReception,nvarchar,256,0,0,1,
dbo,TRECEPTIONBIENPHYSIQUE,,6,oid,TOID,32,0,0,0,
dbo,TRECEPTIONBIENPHYSIQUE,,7,oidBienPhysique,TOID,32,0,0,1,
dbo,TRECEPTIONBIENPHYSIQUE,,8,oidFournisseur,TOID,32,0,0,1,
dbo,TRECEPTIONBIENPHYSIQUE,,9,referenceCommande,nvarchar,256,0,0,1,
dbo,TRECEPTIONBIENPHYSIQUE,,10,UpdDate,datetime,8,23,3,1,
dbo,TRECEPTIONBIENPHYSIQUE,,11,UpdStamp,char,16,0,0,1,
dbo,TRECEPTIONBIENPHYSIQUE,,12,UpdUser,nvarchar,48,0,0,1,
dbo,TREFERENCEEDISITE,,1,Caption,nvarchar,256,0,0,1,
dbo,TREFERENCEEDISITE,,2,codeEDISage,nvarchar,256,0,0,1,
dbo,TREFERENCEEDISITE,,3,dateDerniereActualisation,datetime,8,23,3,1,
dbo,TREFERENCEEDISITE,,4,emailPrivilegie,nvarchar,256,0,0,1,
dbo,TREFERENCEEDISITE,,5,idOTP,int,4,10,0,1,
dbo,TREFERENCEEDISITE,,6,oid,TOID,32,0,0,0,
dbo,TREFERENCEEDISITE,,7,oidReferenceTiers,TOID,32,0,0,1,
dbo,TREFERENCEEDISITE,,8,oidSite,TOID,32,0,0,1,
dbo,TREFERENCEEDISITE,,9,statutEchange,smallint,2,5,0,1,
dbo,TREFERENCEEDISITE,,10,UpdDate,datetime,8,23,3,1,
dbo,TREFERENCEEDISITE,,11,UpdStamp,char,16,0,0,1,
dbo,TREFERENCEEDISITE,,12,UpdUser,nvarchar,48,0,0,1,
dbo,TREFERENCEEDISITESOCIETE,,1,archive,bit,1,1,0,1,
dbo,TREFERENCEEDISITESOCIETE,,2,Caption,nvarchar,256,0,0,1,
dbo,TREFERENCEEDISITESOCIETE,,3,codeEDISage,nvarchar,256,0,0,1,
dbo,TREFERENCEEDISITESOCIETE,,4,dateAccepteEchange,datetime,8,23,3,1,
dbo,TREFERENCEEDISITESOCIETE,,5,dateMajStatut,datetime,8,23,3,1,
dbo,TREFERENCEEDISITESOCIETE,,6,dematerialise,bit,1,1,0,1,
dbo,TREFERENCEEDISITESOCIETE,,7,idOTP,int,4,10,0,1,
dbo,TREFERENCEEDISITESOCIETE,,8,oid,TOID,32,0,0,0,
dbo,TREFERENCEEDISITESOCIETE,,9,oidReferenceTiersSociete,TOID,32,0,0,1,
dbo,TREFERENCEEDISITESOCIETE,,10,oidSite,TOID,32,0,0,1,
dbo,TREFERENCEEDISITESOCIETE,,11,rematerialise,bit,1,1,0,1,
dbo,TREFERENCEEDISITESOCIETE,,12,UpdDate,datetime,8,23,3,1,
dbo,TREFERENCEEDISITESOCIETE,,13,UpdStamp,char,16,0,0,1,
dbo,TREFERENCEEDISITESOCIETE,,14,UpdUser,nvarchar,48,0,0,1,
dbo,TREFERENCEEDITIERS,,1,Caption,nvarchar,256,0,0,1,
dbo,TREFERENCEEDITIERS,,2,idOTP,int,4,10,0,1,
dbo,TREFERENCEEDITIERS,,3,oid,TOID,32,0,0,0,
dbo,TREFERENCEEDITIERS,,4,oidRefSitePrivilegie,TOID,32,0,0,1,
dbo,TREFERENCEEDITIERS,,5,oidTiers,TOID,32,0,0,1,
dbo,TREFERENCEEDITIERS,,6,receptionBAP,bit,1,1,0,1,
dbo,TREFERENCEEDITIERS,,7,receptionCRR,bit,1,1,0,1,
dbo,TREFERENCEEDITIERS,,8,UpdDate,datetime,8,23,3,1,
dbo,TREFERENCEEDITIERS,,9,UpdStamp,char,16,0,0,1,
dbo,TREFERENCEEDITIERS,,10,UpdUser,nvarchar,48,0,0,1,
dbo,TREFERENCEEDITIERSSOCIETE,,1,Caption,nvarchar,256,0,0,1,
dbo,TREFERENCEEDITIERSSOCIETE,,2,emissionBAP,bit,1,1,0,1,
dbo,TREFERENCEEDITIERSSOCIETE,,3,emissionCRR,bit,1,1,0,1,
dbo,TREFERENCEEDITIERSSOCIETE,,4,idOTP,int,4,10,0,1,
dbo,TREFERENCEEDITIERSSOCIETE,,5,oid,TOID,32,0,0,0,
dbo,TREFERENCEEDITIERSSOCIETE,,6,oidRefSiteSocietePrivilegie,TOID,32,0,0,1,
dbo,TREFERENCEEDITIERSSOCIETE,,7,oidTiersSociete,TOID,32,0,0,1,
dbo,TREFERENCEEDITIERSSOCIETE,,8,UpdDate,datetime,8,23,3,1,
dbo,TREFERENCEEDITIERSSOCIETE,,9,UpdStamp,char,16,0,0,1,
dbo,TREFERENCEEDITIERSSOCIETE,,10,UpdUser,nvarchar,48,0,0,1,
dbo,TREGIMESPECIALPLAFOND,,1,Caption,nvarchar,256,0,0,1,
dbo,TREGIMESPECIALPLAFOND,,2,dateAcquisition,datetime,8,23,3,1,
dbo,TREGIMESPECIALPLAFOND,,3,dateMiseEnCirculation,datetime,8,23,3,1,
dbo,TREGIMESPECIALPLAFOND,,4,idOTP,int,4,10,0,1,
dbo,TREGIMESPECIALPLAFOND,,5,montant1,money,8,19,4,1,
dbo,TREGIMESPECIALPLAFOND,,6,montant1_CodeDevise,nvarchar,6,0,0,1,
dbo,TREGIMESPECIALPLAFOND,,7,montant2,money,8,19,4,1,
dbo,TREGIMESPECIALPLAFOND,,8,montant2_CodeDevise,nvarchar,6,0,0,1,
dbo,TREGIMESPECIALPLAFOND,,9,oid,TOID,32,0,0,0,
dbo,TREGIMESPECIALPLAFOND,,10,oidRegimeSpecial,TOID,32,0,0,1,
dbo,TREGIMESPECIALPLAFOND,,11,tauxEmissionCO2,int,4,10,0,1,
dbo,TREGIMESPECIALPLAFOND,,12,UpdDate,datetime,8,23,3,1,
dbo,TREGIMESPECIALPLAFOND,,13,UpdStamp,char,16,0,0,1,
dbo,TREGIMESPECIALPLAFOND,,14,UpdUser,nvarchar,48,0,0,1,
dbo,TREGIMESPECIALVEHICULE,,1,Caption,nvarchar,256,0,0,1,
dbo,TREGIMESPECIALVEHICULE,,2,code,nvarchar,256,0,0,1,
dbo,TREGIMESPECIALVEHICULE,,3,idOTP,int,4,10,0,1,
dbo,TREGIMESPECIALVEHICULE,,4,oid,TOID,32,0,0,0,
dbo,TREGIMESPECIALVEHICULE,,5,oidcoefficientAdmission,TOID,32,0,0,1,
dbo,TREGIMESPECIALVEHICULE,,6,systeme,bit,1,1,0,1,
dbo,TREGIMESPECIALVEHICULE,,7,UpdDate,datetime,8,23,3,1,
dbo,TREGIMESPECIALVEHICULE,,8,UpdStamp,char,16,0,0,1,
dbo,TREGIMESPECIALVEHICULE,,9,UpdUser,nvarchar,48,0,0,1,
dbo,TREGION,,1,Caption,nvarchar,256,0,0,1,
dbo,TREGION,,2,code,nvarchar,256,0,0,1,
dbo,TREGION,,3,idOTP,int,4,10,0,1,
dbo,TREGION,,4,oid,TOID,32,0,0,0,
dbo,TREGION,,5,UpdDate,datetime,8,23,3,1,
dbo,TREGION,,6,UpdStamp,char,16,0,0,1,
dbo,TREGION,,7,UpdUser,nvarchar,48,0,0,1,
dbo,TREGLEAMORTISSEMENT,,1,baseAmortissement,smallint,2,5,0,1,
dbo,TREGLEAMORTISSEMENT,,2,Caption,nvarchar,256,0,0,1,
dbo,TREGLEAMORTISSEMENT,,3,changementDepreciation,bit,1,1,0,1,
dbo,TREGLEAMORTISSEMENT,,4,changementReevaluation,bit,1,1,0,1,
dbo,TREGLEAMORTISSEMENT,,5,code,nvarchar,256,0,0,1,
dbo,TREGLEAMORTISSEMENT,,6,debutAmortissement,smallint,2,5,0,1,
dbo,TREGLEAMORTISSEMENT,,7,dureeMinimum,int,4,10,0,1,
dbo,TREGLEAMORTISSEMENT,,8,etatAchat,smallint,2,5,0,1,
dbo,TREGLEAMORTISSEMENT,,9,finAmortissement,smallint,2,5,0,1,
dbo,TREGLEAMORTISSEMENT,,10,idOTP,int,4,10,0,1,
dbo,TREGLEAMORTISSEMENT,,11,jourAnnee,smallint,2,5,0,1,
dbo,TREGLEAMORTISSEMENT,,12,oid,TOID,32,0,0,0,
dbo,TREGLEAMORTISSEMENT,,13,oidRegleDepreciation,TOID,32,0,0,1,
dbo,TREGLEAMORTISSEMENT,,14,oidRegleReevaluation,TOID,32,0,0,1,
dbo,TREGLEAMORTISSEMENT,,15,premierExerciceEntier,bit,1,1,0,1,
dbo,TREGLEAMORTISSEMENT,,16,prorataTemporis,smallint,2,5,0,1,
dbo,TREGLEAMORTISSEMENT,,17,selonEtatAchat,bit,1,1,0,1,
dbo,TREGLEAMORTISSEMENT,,18,sortieBien,smallint,2,5,0,1,
dbo,TREGLEAMORTISSEMENT,,19,systeme,bit,1,1,0,1,
dbo,TREGLEAMORTISSEMENT,,20,typeRegle,smallint,2,5,0,1,
dbo,TREGLEAMORTISSEMENT,,21,UpdDate,datetime,8,23,3,1,
dbo,TREGLEAMORTISSEMENT,,22,UpdStamp,char,16,0,0,1,
dbo,TREGLEAMORTISSEMENT,,23,UpdUser,nvarchar,48,0,0,1,
dbo,TREGLEAMORTISSEMENT,,24,applicationCoefficient,bit,1,1,0,1,
dbo,TREGLEAMORTISSEMENT,,25,basculeLineraire,bit,1,1,0,1,
dbo,TREGLEAMORTISSEMENT,,26,tauxFixe,bit,1,1,0,1,
dbo,TREGLEAMORTISSEMENT,,27,tauxSaisi,float,8,53,0,1,
dbo,TREGLEAMORTISSEMENT,,28,tauxSaisi_Decimales,int,4,10,0,1,
dbo,TREGLEAMORTISSEMENT,,29,dureeAnnee,int,4,10,0,1,
dbo,TREGLEAMORTISSEMENT,,30,dureeMois,int,4,10,0,1,
dbo,TREGLEAMORTISSEMENT,,31,ventilation,smallint,2,5,0,1,
dbo,TREGLEAMORTISSEMENTEXERCICE,,1,Caption,nvarchar,256,0,0,1,
dbo,TREGLEAMORTISSEMENTEXERCICE,,2,dureeMois,int,4,10,0,1,
dbo,TREGLEAMORTISSEMENTEXERCICE,,3,idOTP,int,4,10,0,1,
dbo,TREGLEAMORTISSEMENTEXERCICE,,4,indice,int,4,10,0,1,
dbo,TREGLEAMORTISSEMENTEXERCICE,,5,oid,TOID,32,0,0,0,
dbo,TREGLEAMORTISSEMENTEXERCICE,,6,oidRegleAmortissement,TOID,32,0,0,1,
dbo,TREGLEAMORTISSEMENTEXERCICE,,7,taux,float,8,53,0,1,
dbo,TREGLEAMORTISSEMENTEXERCICE,,8,taux_Decimales,int,4,10,0,1,
dbo,TREGLEAMORTISSEMENTEXERCICE,,9,UpdDate,datetime,8,23,3,1,
dbo,TREGLEAMORTISSEMENTEXERCICE,,10,UpdStamp,char,16,0,0,1,
dbo,TREGLEAMORTISSEMENTEXERCICE,,11,UpdUser,nvarchar,48,0,0,1,
dbo,TREGLEMENT,,1,Caption,nvarchar,256,0,0,1,
dbo,TREGLEMENT,,2,idOTP,int,4,10,0,1,
dbo,TREGLEMENT,,3,oid,TOID,32,0,0,0,
dbo,TREGLEMENT,,4,oidCompteBancaireSociete,TOID,32,0,0,1,
dbo,TREGLEMENT,,5,oidMandatSEPA,TOID,32,0,0,1,
dbo,TREGLEMENT,,6,Statut,smallint,2,5,0,1,
dbo,TREGLEMENT,,7,UpdDate,datetime,8,23,3,1,
dbo,TREGLEMENT,,8,UpdStamp,char,16,0,0,1,
dbo,TREGLEMENT,,9,UpdUser,nvarchar,48,0,0,1,
dbo,TREGLEMENT,,10,couvertureReglement,money,8,19,4,1,
dbo,TREGLEMENT,,11,couvertureReglement_CodeDevise,nvarchar,6,0,0,1,
dbo,TREGLEMENT,,12,dateEcheance,datetime,8,23,3,1,
dbo,TREGLEMENT,,13,edite,datetime,8,23,3,1,
dbo,TREGLEMENT,,14,exporte,datetime,8,23,3,1,
dbo,TREGLEMENT,,15,importTreso,datetime,8,23,3,1,
dbo,TREGLEMENT,,16,montant,money,8,19,4,1,
dbo,TREGLEMENT,,17,montant_CodeDevise,nvarchar,6,0,0,1,
dbo,TREGLEMENT,,18,montant_Date,datetime,8,23,3,1,
dbo,TREGLEMENT,,19,montant_TCConv,nvarchar,256,0,0,1,
dbo,TREGLEMENT,,20,montant_TCValue,money,8,19,4,1,
dbo,TREGLEMENT,,21,montant_RPConv,nvarchar,256,0,0,1,
dbo,TREGLEMENT,,22,montant_RPValue,money,8,19,4,1,
dbo,TREGLEMENT,,23,oidbordereauReglement,TOID,32,0,0,1,
dbo,TREGLEMENT,,24,oidCoefficientAdmission,TOID,32,0,0,1,
dbo,TREGLEMENT,,25,oidcompteBancaireTiers,TOID,32,0,0,1,
dbo,TREGLEMENT,,26,oidcompteContrepartie,TOID,32,0,0,1,
dbo,TREGLEMENT,,27,oiddeviseLettrage,TOID,32,0,0,1,
dbo,TREGLEMENT,,28,oidprofilTVA,TOID,32,0,0,1,
dbo,TREGLEMENT,,29,oidroleTiers,TOID,32,0,0,1,
dbo,TREGLEMENT,,30,oidSecteurActivite,TOID,32,0,0,1,
dbo,TREGLEMENT,,31,oidTiersSociete,TOID,32,0,0,1,
dbo,TREGLEMENT,,32,reference,nvarchar,256,0,0,1,
dbo,TREGLEMENT,,33,referenceExterne,nvarchar,256,0,0,1,
dbo,TREGLEMENT,,34,referenceOrigine,nvarchar,256,0,0,1,
dbo,TREGLEMENT,,35,oidEcriture,TOID,32,0,0,1,
dbo,TREGLEMENT,,36,oidjournalEcart,TOID,32,0,0,1,
dbo,TREGLEMENT,,37,oidJournalEscompte,TOID,32,0,0,1,
dbo,TREGLEMENT,,38,typeAcceptation,smallint,2,5,0,1,
dbo,TREGLEMENT,,39,AchatDevise,bit,1,1,0,1,
dbo,TREGLEMENT,,40,CodeImputationFrais,smallint,2,5,0,1,
dbo,TREGLEMENT,,41,DateAchat,datetime,8,23,3,1,
dbo,TREGLEMENT,,42,dateCreation,datetime,8,23,3,1,
dbo,TREGLEMENT,,43,DateExecution,datetime,8,23,3,1,
dbo,TREGLEMENT,,44,IdCompteBeneficiaire,smallint,2,5,0,1,
dbo,TREGLEMENT,,45,IdCompteFrais,smallint,2,5,0,1,
dbo,TREGLEMENT,,46,Instruction_1,nvarchar,256,0,0,1,
dbo,TREGLEMENT,,47,Instruction_2,nvarchar,256,0,0,1,
dbo,TREGLEMENT,,48,Instruction_3,nvarchar,256,0,0,1,
dbo,TREGLEMENT,,49,LCREndossee,bit,1,1,0,1,
dbo,TREGLEMENT,,50,ModeReglement,smallint,2,5,0,1,
dbo,TREGLEMENT,,51,MotifReglement_1,nvarchar,256,0,0,1,
dbo,TREGLEMENT,,52,MotifReglement_2,nvarchar,256,0,0,1,
dbo,TREGLEMENT,,53,MotifReglement_3,nvarchar,256,0,0,1,
dbo,TREGLEMENT,,54,MotifReglement_4,nvarchar,256,0,0,1,
dbo,TREGLEMENT,,55,oidAgenceIntermediaire,TOID,32,0,0,1,
dbo,TREGLEMENT,,56,oidCompteDeFrais,TOID,32,0,0,1,
dbo,TREGLEMENT,,57,oidDeviseFrais,TOID,32,0,0,1,
dbo,TREGLEMENT,,58,oidNatureEconomique,TOID,32,0,0,1,
dbo,TREGLEMENT,,59,oidNatureEconomiqueSalarie,TOID,32,0,0,1,
dbo,TREGLEMENT,,60,oidPaysBalancePaiement,TOID,32,0,0,1,
dbo,TREGLEMENT,,61,oidTireur,TOID,32,0,0,1,
dbo,TREGLEMENT,,62,QualifiantMontant,smallint,2,5,0,1,
dbo,TREGLEMENT,,63,ReferenceAchat,nvarchar,256,0,0,1,
dbo,TREGLEMENT,,64,referenceTireur,nvarchar,256,0,0,1,
dbo,TREGLEMENT,,65,TauxDeChange,float,8,53,0,1,
dbo,TREGLEMENT,,66,TauxDeChange_Decimales,int,4,10,0,1,
dbo,TREGLEREPARTITION,,1,Caption,nvarchar,256,0,0,1,
dbo,TREGLEREPARTITION,,2,idOTP,int,4,10,0,1,
dbo,TREGLEREPARTITION,,3,nombrePeriodicite,int,4,10,0,1,
dbo,TREGLEREPARTITION,,4,oid,TOID,32,0,0,0,
dbo,TREGLEREPARTITION,,5,oidDimensionTemps,TOID,32,0,0,1,
dbo,TREGLEREPARTITION,,6,periodicite,smallint,2,5,0,1,
dbo,TREGLEREPARTITION,,7,prorataJours,bit,1,1,0,1,
dbo,TREGLEREPARTITION,,8,UpdDate,datetime,8,23,3,1,
dbo,TREGLEREPARTITION,,9,UpdStamp,char,16,0,0,1,
dbo,TREGLEREPARTITION,,10,UpdUser,nvarchar,48,0,0,1,
dbo,TREGLEREPARTITIONETAB,,1,Caption,nvarchar,256,0,0,1,
dbo,TREGLEREPARTITIONETAB,,2,Code,nvarchar,256,0,0,1,
dbo,TREGLEREPARTITIONETAB,,3,idOTP,int,4,10,0,1,
dbo,TREGLEREPARTITIONETAB,,4,oid,TOID,32,0,0,0,
dbo,TREGLEREPARTITIONETAB,,5,UpdDate,datetime,8,23,3,1,
dbo,TREGLEREPARTITIONETAB,,6,UpdStamp,char,16,0,0,1,
dbo,TREGLEREPARTITIONETAB,,7,UpdUser,nvarchar,48,0,0,1,
dbo,TREGLEREPARTITIONETABDETAIL,,1,Caption,nvarchar,256,0,0,1,
dbo,TREGLEREPARTITIONETABDETAIL,,2,idOTP,int,4,10,0,1,
dbo,TREGLEREPARTITIONETABDETAIL,,3,oid,TOID,32,0,0,0,
dbo,TREGLEREPARTITIONETABDETAIL,,4,oidEtablissement,TOID,32,0,0,1,
dbo,TREGLEREPARTITIONETABDETAIL,,5,oidRegleRepartitionEtab,TOID,32,0,0,1,
dbo,TREGLEREPARTITIONETABDETAIL,,6,Pourcentage,float,8,53,0,1,
dbo,TREGLEREPARTITIONETABDETAIL,,7,Pourcentage_Decimales,int,4,10,0,1,
dbo,TREGLEREPARTITIONETABDETAIL,,8,UpdDate,datetime,8,23,3,1,
dbo,TREGLEREPARTITIONETABDETAIL,,9,UpdStamp,char,16,0,0,1,
dbo,TREGLEREPARTITIONETABDETAIL,,10,UpdUser,nvarchar,48,0,0,1,
dbo,TREGLESCHEMAAMORTISSEMENT,,1,Caption,nvarchar,256,0,0,1,
dbo,TREGLESCHEMAAMORTISSEMENT,,2,idOTP,int,4,10,0,1,
dbo,TREGLESCHEMAAMORTISSEMENT,,3,oid,TOID,32,0,0,0,
dbo,TREGLESCHEMAAMORTISSEMENT,,4,oidTRegleAmortissement,TOID,32,0,0,1,
dbo,TREGLESCHEMAAMORTISSEMENT,,5,oidTSchemaAmortissement,TOID,32,0,0,1,
dbo,TREGLESCHEMAAMORTISSEMENT,,6,UpdDate,datetime,8,23,3,1,
dbo,TREGLESCHEMAAMORTISSEMENT,,7,UpdStamp,char,16,0,0,1,
dbo,TREGLESCHEMAAMORTISSEMENT,,8,UpdUser,nvarchar,48,0,0,1,
dbo,TREGLEVALIDATION,,1,Caption,nvarchar,256,0,0,1,
dbo,TREGLEVALIDATION,,2,estRegleDetailObligatoire,bit,1,1,0,1,
dbo,TREGLEVALIDATION,,3,idOTP,int,4,10,0,1,
dbo,TREGLEVALIDATION,,4,oid,TOID,32,0,0,0,
dbo,TREGLEVALIDATION,,5,UpdDate,datetime,8,23,3,1,
dbo,TREGLEVALIDATION,,6,UpdStamp,char,16,0,0,1,
dbo,TREGLEVALIDATION,,7,UpdUser,nvarchar,48,0,0,1,
dbo,TREGLEVALIDATIONDETAIL,,1,Caption,nvarchar,256,0,0,1,
dbo,TREGLEVALIDATIONDETAIL,,2,estDemandeHistorisation,smallint,2,5,0,1,
dbo,TREGLEVALIDATIONDETAIL,,3,idOTP,int,4,10,0,1,
dbo,TREGLEVALIDATIONDETAIL,,4,oid,TOID,32,0,0,0,
dbo,TREGLEVALIDATIONDETAIL,,5,oidCircuitValidation,TOID,32,0,0,1,
dbo,TREGLEVALIDATIONDETAIL,,6,oidRegleValidation,TOID,32,0,0,1,
dbo,TREGLEVALIDATIONDETAIL,,7,UpdDate,datetime,8,23,3,1,
dbo,TREGLEVALIDATIONDETAIL,,8,UpdStamp,char,16,0,0,1,
dbo,TREGLEVALIDATIONDETAIL,,9,UpdUser,nvarchar,48,0,0,1,
dbo,TREGLEVALIDATIONDETAIL,,10,montant,money,8,19,4,1,
dbo,TREGLEVALIDATIONDETAIL,,11,montant_CodeDevise,nvarchar,6,0,0,1,
dbo,TREGROUPEMENTCPTIMMO,,1,Caption,nvarchar,256,0,0,1,
dbo,TREGROUPEMENTCPTIMMO,,2,code,nvarchar,256,0,0,1,
dbo,TREGROUPEMENTCPTIMMO,,3,feuillet,nvarchar,256,0,0,1,
dbo,TREGROUPEMENTCPTIMMO,,4,idOTP,int,4,10,0,1,
dbo,TREGROUPEMENTCPTIMMO,,5,oid,TOID,32,0,0,0,
dbo,TREGROUPEMENTCPTIMMO,,6,oidEtatPreparatoireImmo,TOID,32,0,0,1,
dbo,TREGROUPEMENTCPTIMMO,,7,systeme,bit,1,1,0,1,
dbo,TREGROUPEMENTCPTIMMO,,8,UpdDate,datetime,8,23,3,1,
dbo,TREGROUPEMENTCPTIMMO,,9,UpdStamp,char,16,0,0,1,
dbo,TREGROUPEMENTCPTIMMO,,10,UpdUser,nvarchar,48,0,0,1,
dbo,TREGROUPEMENTETAT,,1,attributDate,nvarchar,256,0,0,1,
dbo,TREGROUPEMENTETAT,,2,attributRegroupement,nvarchar,256,0,0,1,
dbo,TREGROUPEMENTETAT,,3,attributSelection,nvarchar,256,0,0,1,
dbo,TREGROUPEMENTETAT,,4,Caption,nvarchar,256,0,0,1,
dbo,TREGROUPEMENTETAT,,5,classe,nvarchar,256,0,0,1,
dbo,TREGROUPEMENTETAT,,6,code,nvarchar,256,0,0,1,
dbo,TREGROUPEMENTETAT,,7,feuillet,nvarchar,256,0,0,1,
dbo,TREGROUPEMENTETAT,,8,idOTP,int,4,10,0,1,
dbo,TREGROUPEMENTETAT,,9,oid,TOID,32,0,0,0,
dbo,TREGROUPEMENTETAT,,10,selecteur,nvarchar,-1,0,0,1,
dbo,TREGROUPEMENTETAT,,11,systeme,bit,1,1,0,1,
dbo,TREGROUPEMENTETAT,,12,typeRegroupement,smallint,2,5,0,1,
dbo,TREGROUPEMENTETAT,,13,typeSelection,smallint,2,5,0,1,
dbo,TREGROUPEMENTETAT,,14,UpdDate,datetime,8,23,3,1,
dbo,TREGROUPEMENTETAT,,15,UpdStamp,char,16,0,0,1,
dbo,TREGROUPEMENTETAT,,16,UpdUser,nvarchar,48,0,0,1,
dbo,TREGROUPEMENTETAT,,17,natureLigneTVA,smallint,2,5,0,1,
dbo,TREGULARISATIONANNUELLETVA,,1,anneeDefinitif,int,4,10,0,1,
dbo,TREGULARISATIONANNUELLETVA,,2,Caption,nvarchar,256,0,0,1,
dbo,TREGULARISATIONANNUELLETVA,,3,dateTraitement,datetime,8,23,3,1,
dbo,TREGULARISATIONANNUELLETVA,,4,idOTP,int,4,10,0,1,
dbo,TREGULARISATIONANNUELLETVA,,5,oid,TOID,32,0,0,0,
dbo,TREGULARISATIONANNUELLETVA,,6,oidCoefficientTaxationAssu,TOID,32,0,0,1,
dbo,TREGULARISATIONANNUELLETVA,,7,RAPartiel,bit,1,1,0,1,
dbo,TREGULARISATIONANNUELLETVA,,8,regularisationCompta,bit,1,1,0,1,
dbo,TREGULARISATIONANNUELLETVA,,9,regularisationImmo,bit,1,1,0,1,
dbo,TREGULARISATIONANNUELLETVA,,10,UpdDate,datetime,8,23,3,1,
dbo,TREGULARISATIONANNUELLETVA,,11,UpdStamp,char,16,0,0,1,
dbo,TREGULARISATIONANNUELLETVA,,12,UpdUser,nvarchar,48,0,0,1,
dbo,TREGULARISATIONANNUELLETVA,,13,valide,bit,1,1,0,1,
dbo,TREGULARISATIONCOEFFICIENT,,1,Caption,nvarchar,256,0,0,1,
dbo,TREGULARISATIONCOEFFICIENT,,2,coefAssujettissement,float,8,53,0,1,
dbo,TREGULARISATIONCOEFFICIENT,,3,coefAssujettissement_Decimales,int,4,10,0,1,
dbo,TREGULARISATIONCOEFFICIENT,,4,coefTaxation,float,8,53,0,1,
dbo,TREGULARISATIONCOEFFICIENT,,5,coefTaxation_Decimales,int,4,10,0,1,
dbo,TREGULARISATIONCOEFFICIENT,,6,idOTP,int,4,10,0,1,
dbo,TREGULARISATIONCOEFFICIENT,,7,oid,TOID,32,0,0,0,
dbo,TREGULARISATIONCOEFFICIENT,,8,oidcoefficientAdmission,TOID,32,0,0,1,
dbo,TREGULARISATIONCOEFFICIENT,,9,regulAdmission,bit,1,1,0,1,
dbo,TREGULARISATIONCOEFFICIENT,,10,regulAssujettissement,bit,1,1,0,1,
dbo,TREGULARISATIONCOEFFICIENT,,11,regulTaxation,bit,1,1,0,1,
dbo,TREGULARISATIONCOEFFICIENT,,12,UpdDate,datetime,8,23,3,1,
dbo,TREGULARISATIONCOEFFICIENT,,13,UpdStamp,char,16,0,0,1,
dbo,TREGULARISATIONCOEFFICIENT,,14,UpdUser,nvarchar,48,0,0,1,
dbo,TREGULARITEPAIEMENT,,1,Caption,nvarchar,256,0,0,1,
dbo,TREGULARITEPAIEMENT,,2,code,nvarchar,256,0,0,1,
dbo,TREGULARITEPAIEMENT,,3,idOTP,int,4,10,0,1,
dbo,TREGULARITEPAIEMENT,,4,oid,TOID,32,0,0,0,
dbo,TREGULARITEPAIEMENT,,5,UpdDate,datetime,8,23,3,1,
dbo,TREGULARITEPAIEMENT,,6,UpdStamp,char,16,0,0,1,
dbo,TREGULARITEPAIEMENT,,7,UpdUser,nvarchar,48,0,0,1,
dbo,TRELANCE,,1,Caption,nvarchar,256,0,0,1,
dbo,TRELANCE,,2,dateRelance,datetime,8,23,3,1,
dbo,TRELANCE,,3,idOTP,int,4,10,0,1,
dbo,TRELANCE,,4,monoDevise,bit,1,1,0,1,
dbo,TRELANCE,,5,numeroEdition,int,4,10,0,1,
dbo,TRELANCE,,6,numeroRelance,int,4,10,0,1,
dbo,TRELANCE,,7,oid,TOID,32,0,0,0,
dbo,TRELANCE,,8,oiddevise,TOID,32,0,0,1,
dbo,TRELANCE,,9,oidEtablissement,TOID,32,0,0,1,
dbo,TRELANCE,,10,oidNiveauRelance,TOID,32,0,0,1,
dbo,TRELANCE,,11,oidOperateur,TOID,32,0,0,1,
dbo,TRELANCE,,12,oidroleTiers,TOID,32,0,0,1,
dbo,TRELANCE,,13,UpdDate,datetime,8,23,3,1,
dbo,TRELANCE,,14,UpdStamp,char,16,0,0,1,
dbo,TRELANCE,,15,UpdUser,nvarchar,48,0,0,1,
dbo,TRELANCECOMPTE,,1,Caption,nvarchar,256,0,0,1,
dbo,TRELANCECOMPTE,,2,idOTP,int,4,10,0,1,
dbo,TRELANCECOMPTE,,3,oid,TOID,32,0,0,0,
dbo,TRELANCECOMPTE,,4,oidcompteGeneral,TOID,32,0,0,1,
dbo,TRELANCECOMPTE,,5,oidGroupeRelance,TOID,32,0,0,1,
dbo,TRELANCECOMPTE,,6,UpdDate,datetime,8,23,3,1,
dbo,TRELANCECOMPTE,,7,UpdStamp,char,16,0,0,1,
dbo,TRELANCECOMPTE,,8,UpdUser,nvarchar,48,0,0,1,
dbo,TRELEVE,,1,Caption,nvarchar,256,0,0,1,
dbo,TRELEVE,,2,dateEcheance,datetime,8,23,3,1,
dbo,TRELEVE,,3,idOTP,int,4,10,0,1,
dbo,TRELEVE,,4,monoDevise,bit,1,1,0,1,
dbo,TRELEVE,,5,numeroEdition,int,4,10,0,1,
dbo,TRELEVE,,6,numeroReleve,int,4,10,0,1,
dbo,TRELEVE,,7,oid,TOID,32,0,0,0,
dbo,TRELEVE,,8,oidcompteGeneral,TOID,32,0,0,1,
dbo,TRELEVE,,9,oiddevise,TOID,32,0,0,1,
dbo,TRELEVE,,10,oidEtablissement,TOID,32,0,0,1,
dbo,TRELEVE,,11,oidmodeReglement,TOID,32,0,0,1,
dbo,TRELEVE,,12,oidOperateur,TOID,32,0,0,1,
dbo,TRELEVE,,13,oidroleTiers,TOID,32,0,0,1,
dbo,TRELEVE,,14,rDate,datetime,8,23,3,1,
dbo,TRELEVE,,15,UpdDate,datetime,8,23,3,1,
dbo,TRELEVE,,16,UpdStamp,char,16,0,0,1,
dbo,TRELEVE,,17,UpdUser,nvarchar,48,0,0,1,
dbo,TRELEVECOMPTE,,1,Caption,nvarchar,256,0,0,1,
dbo,TRELEVECOMPTE,,2,idOTP,int,4,10,0,1,
dbo,TRELEVECOMPTE,,3,oid,TOID,32,0,0,0,
dbo,TRELEVECOMPTE,,4,oidCompteGeneral,TOID,32,0,0,1,
dbo,TRELEVECOMPTE,,5,oidGroupeReleve,TOID,32,0,0,1,
dbo,TRELEVECOMPTE,,6,UpdDate,datetime,8,23,3,1,
dbo,TRELEVECOMPTE,,7,UpdStamp,char,16,0,0,1,
dbo,TRELEVECOMPTE,,8,UpdUser,nvarchar,48,0,0,1,
dbo,TRELEVEDETAILRETOUR,,1,Caption,nvarchar,256,0,0,1,
dbo,TRELEVEDETAILRETOUR,,2,codeMotifRejet,nvarchar,256,0,0,1,
dbo,TRELEVEDETAILRETOUR,,3,idOTP,int,4,10,0,1,
dbo,TRELEVEDETAILRETOUR,,4,montantCharge,money,8,19,4,1,
dbo,TRELEVEDETAILRETOUR,,5,montantCharge_CodeDevise,nvarchar,6,0,0,1,
dbo,TRELEVEDETAILRETOUR,,6,montantOrigine,money,8,19,4,1,
dbo,TRELEVEDETAILRETOUR,,7,montantOrigine_CodeDevise,nvarchar,6,0,0,1,
dbo,TRELEVEDETAILRETOUR,,8,montantTransaction,money,8,19,4,1,
dbo,TRELEVEDETAILRETOUR,,9,montantTransaction_CodeDevise,nvarchar,6,0,0,1,
dbo,TRELEVEDETAILRETOUR,,10,MotifReglement,nvarchar,512,0,0,1,
dbo,TRELEVEDETAILRETOUR,,11,NatureEco,nvarchar,256,0,0,1,
dbo,TRELEVEDETAILRETOUR,,12,NatureEcoSEPA,nvarchar,256,0,0,1,
dbo,TRELEVEDETAILRETOUR,,13,oid,TOID,32,0,0,0,
dbo,TRELEVEDETAILRETOUR,,14,oidCompteBancaire,TOID,32,0,0,1,
dbo,TRELEVEDETAILRETOUR,,15,oidCompteBancaireOrigine,TOID,32,0,0,1,
dbo,TRELEVEDETAILRETOUR,,16,oidordreRapproche,TOID,32,0,0,1,
dbo,TRELEVEDETAILRETOUR,,17,oidreleveOrigine,TOID,32,0,0,1,
dbo,TRELEVEDETAILRETOUR,,18,raisonSocialeTiers,nvarchar,256,0,0,1,
dbo,TRELEVEDETAILRETOUR,,19,rang,smallint,2,5,0,1,
dbo,TRELEVEDETAILRETOUR,,20,rapproche,bit,1,1,0,1,
dbo,TRELEVEDETAILRETOUR,,21,refBanqueOp,nvarchar,256,0,0,1,
dbo,TRELEVEDETAILRETOUR,,22,refClientFinal,nvarchar,256,0,0,1,
dbo,TRELEVEDETAILRETOUR,,23,refDonneurOrdre,nvarchar,256,0,0,1,
dbo,TRELEVEDETAILRETOUR,,24,refPaiement,nvarchar,256,0,0,1,
dbo,TRELEVEDETAILRETOUR,,25,refTiersIBAN,nvarchar,256,0,0,1,
dbo,TRELEVEDETAILRETOUR,,26,RUM,nvarchar,256,0,0,1,
dbo,TRELEVEDETAILRETOUR,,27,sequenceSDD,nvarchar,256,0,0,1,
dbo,TRELEVEDETAILRETOUR,,28,UpdDate,datetime,8,23,3,1,
dbo,TRELEVEDETAILRETOUR,,29,UpdStamp,char,16,0,0,1,
dbo,TRELEVEDETAILRETOUR,,30,UpdUser,nvarchar,48,0,0,1,
dbo,TRELEVEENTREERETOUR,,1,Caption,nvarchar,256,0,0,1,
dbo,TRELEVEENTREERETOUR,,2,comptabilise,datetime,8,23,3,1,
dbo,TRELEVEENTREERETOUR,,3,dateComptaBanque,datetime,8,23,3,1,
dbo,TRELEVEENTREERETOUR,,4,dateComptabilisation,datetime,8,23,3,1,
dbo,TRELEVEENTREERETOUR,,5,dateComptaPrev,datetime,8,23,3,1,
dbo,TRELEVEENTREERETOUR,,6,dateCreation,datetime,8,23,3,1,
dbo,TRELEVEENTREERETOUR,,7,dateIntegration,datetime,8,23,3,1,
dbo,TRELEVEENTREERETOUR,,8,dateValeur,datetime,8,23,3,1,
dbo,TRELEVEENTREERETOUR,,9,idNotication,nvarchar,256,0,0,1,
dbo,TRELEVEENTREERETOUR,,10,idOTP,int,4,10,0,1,
dbo,TRELEVEENTREERETOUR,,11,importeTreso,bit,1,1,0,1,
dbo,TRELEVEENTREERETOUR,,12,montantTotal,money,8,19,4,1,
dbo,TRELEVEENTREERETOUR,,13,montantTotal_CodeDevise,nvarchar,6,0,0,1,
dbo,TRELEVEENTREERETOUR,,14,noTraitement,int,4,10,0,1,
dbo,TRELEVEENTREERETOUR,,15,noTraitementIntegration,int,4,10,0,1,
dbo,TRELEVEENTREERETOUR,,16,numero,nvarchar,64,0,0,1,
dbo,TRELEVEENTREERETOUR,,17,numero_CounterName,nvarchar,64,0,0,1,
dbo,TRELEVEENTREERETOUR,,18,oid,TOID,32,0,0,0,
dbo,TRELEVEENTREERETOUR,,19,oidbanque,TOID,32,0,0,1,
dbo,TRELEVEENTREERETOUR,,20,oidCompteBancaire,TOID,32,0,0,1,
dbo,TRELEVEENTREERETOUR,,21,oidTypeOperationBancaire,TOID,32,0,0,1,
dbo,TRELEVEENTREERETOUR,,22,refBanque,nvarchar,256,0,0,1,
dbo,TRELEVEENTREERETOUR,,23,Sens,smallint,2,5,0,1,
dbo,TRELEVEENTREERETOUR,,24,StatutComptaBanque,smallint,2,5,0,1,
dbo,TRELEVEENTREERETOUR,,25,UpdDate,datetime,8,23,3,1,
dbo,TRELEVEENTREERETOUR,,26,UpdStamp,char,16,0,0,1,
dbo,TRELEVEENTREERETOUR,,27,UpdUser,nvarchar,48,0,0,1,
dbo,TRELEVEENTREERETOUR,,28,oidSousGroupePointage,TOID,32,0,0,1,
dbo,TRELEVEINVENTAIREBP,,1,Caption,nvarchar,256,0,0,1,
dbo,TRELEVEINVENTAIREBP,,2,codeFichier,nvarchar,64,0,0,1,
dbo,TRELEVEINVENTAIREBP,,3,codeFichier_CounterName,nvarchar,64,0,0,1,
dbo,TRELEVEINVENTAIREBP,,4,dateImportation,datetime,8,23,3,1,
dbo,TRELEVEINVENTAIREBP,,5,idOTP,int,4,10,0,1,
dbo,TRELEVEINVENTAIREBP,,6,oid,TOID,32,0,0,0,
dbo,TRELEVEINVENTAIREBP,,7,oidInventairePhysique,TOID,32,0,0,1,
dbo,TRELEVEINVENTAIREBP,,8,oidPrestataireInventaire,TOID,32,0,0,1,
dbo,TRELEVEINVENTAIREBP,,9,statut,smallint,2,5,0,1,
dbo,TRELEVEINVENTAIREBP,,10,UpdDate,datetime,8,23,3,1,
dbo,TRELEVEINVENTAIREBP,,11,UpdStamp,char,16,0,0,1,
dbo,TRELEVEINVENTAIREBP,,12,UpdUser,nvarchar,48,0,0,1,
dbo,TREMISEBANCAIRE,,1,activiteTransfertWS,int,4,10,0,1,
dbo,TREMISEBANCAIRE,,2,bordereau,nvarchar,256,0,0,1,
dbo,TREMISEBANCAIRE,,3,Caption,nvarchar,256,0,0,1,
dbo,TREMISEBANCAIRE,,4,cumulDetailRemise,int,4,10,0,1,
dbo,TREMISEBANCAIRE,,5,cumulNbOrdres,int,4,10,0,1,
dbo,TREMISEBANCAIRE,,6,cumulNbreIncidents,int,4,10,0,1,
dbo,TREMISEBANCAIRE,,7,dateExecution,datetime,8,23,3,1,
dbo,TREMISEBANCAIRE,,8,dateGenerationFichier,datetime,8,23,3,1,
dbo,TREMISEBANCAIRE,,9,dateHeureEnvoi,datetime,8,23,3,1,
dbo,TREMISEBANCAIRE,,10,dateRemise,datetime,8,23,3,1,
dbo,TREMISEBANCAIRE,,11,dateValidation,datetime,8,23,3,1,
dbo,TREMISEBANCAIRE,,12,estBICNonRequis,bit,1,1,0,1,
dbo,TREMISEBANCAIRE,,13,estBloque,bit,1,1,0,1,
dbo,TREMISEBANCAIRE,,14,estConstitue,bit,1,1,0,1,
dbo,TREMISEBANCAIRE,,15,estEnAttenteReponseEnvoiWS,bit,1,1,0,1,
dbo,TREMISEBANCAIRE,,16,estEnErreurCommunication,bit,1,1,0,1,
dbo,TREMISEBANCAIRE,,17,estEnvoye,bit,1,1,0,1,
dbo,TREMISEBANCAIRE,,18,estFichierDepose,bit,1,1,0,1,
dbo,TREMISEBANCAIRE,,19,estFichierGenere,bit,1,1,0,1,
dbo,TREMISEBANCAIRE,,20,estFichierPhysique,bit,1,1,0,1,
dbo,TREMISEBANCAIRE,,21,estUrgent,bit,1,1,0,1,
dbo,TREMISEBANCAIRE,,22,estValide,bit,1,1,0,1,
dbo,TREMISEBANCAIRE,,23,idOTP,int,4,10,0,1,
dbo,TREMISEBANCAIRE,,24,idRemittance,int,4,10,0,1,
dbo,TREMISEBANCAIRE,,25,importeTreso,bit,1,1,0,1,
dbo,TREMISEBANCAIRE,,26,lettreEdite,datetime,8,23,3,1,
dbo,TREMISEBANCAIRE,,27,messagesWS,nvarchar,-1,0,0,1,
dbo,TREMISEBANCAIRE,,28,montantCumule,money,8,19,4,1,
dbo,TREMISEBANCAIRE,,29,montantRemise,money,8,19,4,1,
dbo,TREMISEBANCAIRE,,30,montantTenue,money,8,19,4,1,
dbo,TREMISEBANCAIRE,,31,montantTenue_CodeDevise,nvarchar,6,0,0,1,
dbo,TREMISEBANCAIRE,,32,montantTenueCumule,money,8,19,4,1,
dbo,TREMISEBANCAIRE,,33,NbOfTxs,int,4,10,0,1,
dbo,TREMISEBANCAIRE,,34,nomFichierEnvoye,nvarchar,256,0,0,1,
dbo,TREMISEBANCAIRE,,35,noTraitementIntegration,int,4,10,0,1,
dbo,TREMISEBANCAIRE,,36,numero,nvarchar,64,0,0,1,
dbo,TREMISEBANCAIRE,,37,numero_CounterName,nvarchar,64,0,0,1,
dbo,TREMISEBANCAIRE,,38,numeroEnvoi,int,4,10,0,1,
dbo,TREMISEBANCAIRE,,39,numeroTraitement,int,4,10,0,1,
dbo,TREMISEBANCAIRE,,40,oid,TOID,32,0,0,0,
dbo,TREMISEBANCAIRE,,41,oidAutoReference,TOID,32,0,0,1,
dbo,TREMISEBANCAIRE,,42,oidContratCompteBancaire,TOID,32,0,0,1,
dbo,TREMISEBANCAIRE,,43,oiddernierSignataire,TOID,32,0,0,1,
dbo,TREMISEBANCAIRE,,44,oidDevise,TOID,32,0,0,1,
dbo,TREMISEBANCAIRE,,45,oidDeviseTransfert,TOID,32,0,0,1,
dbo,TREMISEBANCAIRE,,46,oidDocumentRemiseBancaire,TOID,32,0,0,1,
dbo,TREMISEBANCAIRE,,47,oidEtatMetierPrecedent,TOID,32,0,0,1,
dbo,TREMISEBANCAIRE,,48,oidEtatRemise,TOID,32,0,0,1,
dbo,TREMISEBANCAIRE,,49,oidGroupeRTValidation,TOID,32,0,0,1,
dbo,TREMISEBANCAIRE,,50,oidRegleValidation,TOID,32,0,0,1,
dbo,TREMISEBANCAIRE,,51,oidSociete,TOID,32,0,0,1,
dbo,TREMISEBANCAIRE,,52,oidTiersSocieteDO,TOID,32,0,0,1,
dbo,TREMISEBANCAIRE,,53,oidTypeRemiseBanque,TOID,32,0,0,1,
dbo,TREMISEBANCAIRE,,54,origineRemiseBancaire,smallint,2,5,0,1,
dbo,TREMISEBANCAIRE,,55,reference,nvarchar,256,0,0,1,
dbo,TREMISEBANCAIRE,,56,supportPaiement,smallint,2,5,0,1,
dbo,TREMISEBANCAIRE,,57,TypeRemiseDateDevise,smallint,2,5,0,1,
dbo,TREMISEBANCAIRE,,58,UpdDate,datetime,8,23,3,1,
dbo,TREMISEBANCAIRE,,59,UpdStamp,char,16,0,0,1,
dbo,TREMISEBANCAIRE,,60,UpdUser,nvarchar,48,0,0,1,
dbo,TREMISEBANCAIRE,,61,URLFichier,nvarchar,510,0,0,1,
dbo,TREMISEBANCAIRE,,62,codeCentreTraitement,nvarchar,256,0,0,1,
dbo,TREMISEBANCAIRE,,63,dateLimiteRetour,datetime,8,23,3,1,
dbo,TREMISEBANCAIRE,,64,dateReglement,datetime,8,23,3,1,
dbo,TREMISEBANCAIRE,,65,dateValeurReleve,datetime,8,23,3,1,
dbo,TREMISEBANCAIRE,,66,montantPresente,money,8,19,4,1,
dbo,TREMISEBANCAIRE,,67,estAVue,bit,1,1,0,1,
dbo,TREMISEBANCAIRE,,68,codeDailly,smallint,2,5,0,1,
dbo,TREMISEBANCAIRE,,69,codeEntree,smallint,2,5,0,1,
dbo,TREMISEBANCAIRE,,70,typePrelevement,smallint,2,5,0,1,
dbo,TREMISEBANCAIRE,,71,localInstrument,smallint,2,5,0,1,
dbo,TREMISEBANCAIRE,,72,rang,smallint,2,5,0,1,
dbo,TREMISEBANCAIRE,,73,typeFinancementVCOM,smallint,2,5,0,1,
dbo,TREMISEBANCAIRE,,74,cheminFichier,nvarchar,512,0,0,1,
dbo,TREMISEBANCAIREGCF,,1,Caption,nvarchar,256,0,0,1,
dbo,TREMISEBANCAIREGCF,,2,CodeCCD,smallint,2,5,0,1,
dbo,TREMISEBANCAIREGCF,,3,CodeDailly,smallint,2,5,0,1,
dbo,TREMISEBANCAIREGCF,,4,Compteur,nvarchar,64,0,0,1,
dbo,TREMISEBANCAIREGCF,,5,Compteur_CounterName,nvarchar,64,0,0,1,
dbo,TREMISEBANCAIREGCF,,6,DateRemise,datetime,8,23,3,1,
dbo,TREMISEBANCAIREGCF,,7,DateValeur,datetime,8,23,3,1,
dbo,TREMISEBANCAIREGCF,,8,IdCpteFraisTRANSF,smallint,2,5,0,1,
dbo,TREMISEBANCAIREGCF,,9,idOTP,int,4,10,0,1,
dbo,TREMISEBANCAIREGCF,,10,oid,TOID,32,0,0,0,
dbo,TREMISEBANCAIREGCF,,11,oidCompteBancaire,TOID,32,0,0,1,
dbo,TREMISEBANCAIREGCF,,12,oidCompteDeFrais,TOID,32,0,0,1,
dbo,TREMISEBANCAIREGCF,,13,oidEtablissement,TOID,32,0,0,1,
dbo,TREMISEBANCAIREGCF,,14,oidGroupeRemiseBancaire,TOID,32,0,0,1,
dbo,TREMISEBANCAIREGCF,,15,Reference,nvarchar,256,0,0,1,
dbo,TREMISEBANCAIREGCF,,16,TypeDebit,smallint,2,5,0,1,
dbo,TREMISEBANCAIREGCF,,17,TypeRemiseBancaire,smallint,2,5,0,1,
dbo,TREMISEBANCAIREGCF,,18,TypeRemiseLCR,smallint,2,5,0,1,
dbo,TREMISEBANCAIREGCF,,19,TypeRemisePRE,smallint,2,5,0,1,
dbo,TREMISEBANCAIREGCF,,20,TypeRemiseTRANSF,smallint,2,5,0,1,
dbo,TREMISEBANCAIREGCF,,21,TypeRemiseVIR,smallint,2,5,0,1,
dbo,TREMISEBANCAIREGCF,,22,UpdDate,datetime,8,23,3,1,
dbo,TREMISEBANCAIREGCF,,23,UpdStamp,char,16,0,0,1,
dbo,TREMISEBANCAIREGCF,,24,UpdUser,nvarchar,48,0,0,1,
dbo,TREMUNERATIONECRITURE,,1,base,money,8,19,4,1,
dbo,TREMUNERATIONECRITURE,,2,base_CodeDevise,nvarchar,6,0,0,1,
dbo,TREMUNERATIONECRITURE,,3,Caption,nvarchar,256,0,0,1,
dbo,TREMUNERATIONECRITURE,,4,idOTP,int,4,10,0,1,
dbo,TREMUNERATIONECRITURE,,5,montantDeclaration,money,8,19,4,1,
dbo,TREMUNERATIONECRITURE,,6,montantDeclaration_CodeDevise,nvarchar,6,0,0,1,
dbo,TREMUNERATIONECRITURE,,7,montantRetenueALaSource,money,8,19,4,1,
dbo,TREMUNERATIONECRITURE,,8,montantRetenueALaSource_CodeDe,nvarchar,6,0,0,1,
dbo,TREMUNERATIONECRITURE,,9,oid,TOID,32,0,0,0,
dbo,TREMUNERATIONECRITURE,,10,oidAffectationIndemnite,TOID,32,0,0,1,
dbo,TREMUNERATIONECRITURE,,11,oidDeclarationTVARemuneration,TOID,32,0,0,1,
dbo,TREMUNERATIONECRITURE,,12,oidEcriture,TOID,32,0,0,1,
dbo,TREMUNERATIONECRITURE,,13,oidtypeRemuneration,TOID,32,0,0,1,
dbo,TREMUNERATIONECRITURE,,14,TVANette,money,8,19,4,1,
dbo,TREMUNERATIONECRITURE,,15,TVANette_CodeDevise,nvarchar,6,0,0,1,
dbo,TREMUNERATIONECRITURE,,16,UpdDate,datetime,8,23,3,1,
dbo,TREMUNERATIONECRITURE,,17,UpdStamp,char,16,0,0,1,
dbo,TREMUNERATIONECRITURE,,18,UpdUser,nvarchar,48,0,0,1,
dbo,TREPARTITIONADATE,,1,Caption,nvarchar,256,0,0,1,
dbo,TREPARTITIONADATE,,2,datePrevue,datetime,8,23,3,1,
dbo,TREPARTITIONADATE,,3,idOTP,int,4,10,0,1,
dbo,TREPARTITIONADATE,,4,montant,money,8,19,4,1,
dbo,TREPARTITIONADATE,,5,montant_CodeDevise,nvarchar,6,0,0,1,
dbo,TREPARTITIONADATE,,6,oid,TOID,32,0,0,0,
dbo,TREPARTITIONADATE,,7,oidPiece,TOID,32,0,0,1,
dbo,TREPARTITIONADATE,,8,oidrepartitionPeriodique,TOID,32,0,0,1,
dbo,TREPARTITIONADATE,,9,UpdDate,datetime,8,23,3,1,
dbo,TREPARTITIONADATE,,10,UpdStamp,char,16,0,0,1,
dbo,TREPARTITIONADATE,,11,UpdUser,nvarchar,48,0,0,1,
dbo,TREPARTITIONBUDGETAIRETVA,,1,Caption,nvarchar,256,0,0,1,
dbo,TREPARTITIONBUDGETAIRETVA,,2,idOTP,int,4,10,0,1,
dbo,TREPARTITIONBUDGETAIRETVA,,3,oid,TOID,32,0,0,0,
dbo,TREPARTITIONBUDGETAIRETVA,,4,oidPosteParametreD,TOID,32,0,0,1,
dbo,TREPARTITIONBUDGETAIRETVA,,5,oidPosteParametreE,TOID,32,0,0,1,
dbo,TREPARTITIONBUDGETAIRETVA,,6,oidTVA,TOID,32,0,0,1,
dbo,TREPARTITIONBUDGETAIRETVA,,7,pourcentage,float,8,53,0,1,
dbo,TREPARTITIONBUDGETAIRETVA,,8,pourcentage_Decimales,int,4,10,0,1,
dbo,TREPARTITIONBUDGETAIRETVA,,9,UpdDate,datetime,8,23,3,1,
dbo,TREPARTITIONBUDGETAIRETVA,,10,UpdStamp,char,16,0,0,1,
dbo,TREPARTITIONBUDGETAIRETVA,,11,UpdUser,nvarchar,48,0,0,1,
dbo,TREPARTITIONETAB,,1,Caption,nvarchar,256,0,0,1,
dbo,TREPARTITIONETAB,,2,CodeEtablissementOrigine,nvarchar,256,0,0,1,
dbo,TREPARTITIONETAB,,3,CodeOperateur,nvarchar,256,0,0,1,
dbo,TREPARTITIONETAB,,4,Comptabilisee,bit,1,1,0,1,
dbo,TREPARTITIONETAB,,5,DateComptabilisation,datetime,8,23,3,1,
dbo,TREPARTITIONETAB,,6,idOTP,int,4,10,0,1,
dbo,TREPARTITIONETAB,,7,LibelleEcriture,nvarchar,256,0,0,1,
dbo,TREPARTITIONETAB,,8,oid,TOID,32,0,0,0,
dbo,TREPARTITIONETAB,,9,oidCompteGeneral,TOID,32,0,0,1,
dbo,TREPARTITIONETAB,,10,oidEcriture,TOID,32,0,0,1,
dbo,TREPARTITIONETAB,,11,oidJournal,TOID,32,0,0,1,
dbo,TREPARTITIONETAB,,12,oidPieceComptabilisation,TOID,32,0,0,1,
dbo,TREPARTITIONETAB,,13,oidRegleRepartitionEtab,TOID,32,0,0,1,
dbo,TREPARTITIONETAB,,14,TypeLot,smallint,2,5,0,1,
dbo,TREPARTITIONETAB,,15,UpdDate,datetime,8,23,3,1,
dbo,TREPARTITIONETAB,,16,UpdStamp,char,16,0,0,1,
dbo,TREPARTITIONETAB,,17,UpdUser,nvarchar,48,0,0,1,
dbo,TREPARTITIONETABDETAIL,,1,Caption,nvarchar,256,0,0,1,
dbo,TREPARTITIONETABDETAIL,,2,Comptabilisee,bit,1,1,0,1,
dbo,TREPARTITIONETABDETAIL,,3,DatePrevue,datetime,8,23,3,1,
dbo,TREPARTITIONETABDETAIL,,4,idOTP,int,4,10,0,1,
dbo,TREPARTITIONETABDETAIL,,5,Montant,money,8,19,4,1,
dbo,TREPARTITIONETABDETAIL,,6,Montant_CodeDevise,nvarchar,6,0,0,1,
dbo,TREPARTITIONETABDETAIL,,7,oid,TOID,32,0,0,0,
dbo,TREPARTITIONETABDETAIL,,8,oidEtablissement,TOID,32,0,0,1,
dbo,TREPARTITIONETABDETAIL,,9,oidPiece,TOID,32,0,0,1,
dbo,TREPARTITIONETABDETAIL,,10,oidRepartitionEtab,TOID,32,0,0,1,
dbo,TREPARTITIONETABDETAIL,,11,UpdDate,datetime,8,23,3,1,
dbo,TREPARTITIONETABDETAIL,,12,UpdStamp,char,16,0,0,1,
dbo,TREPARTITIONETABDETAIL,,13,UpdUser,nvarchar,48,0,0,1,
dbo,TREPARTITIONPERIODIQUE,,1,Caption,nvarchar,256,0,0,1,
dbo,TREPARTITIONPERIODIQUE,,2,dateComptabilisation,datetime,8,23,3,1,
dbo,TREPARTITIONPERIODIQUE,,3,dateDebut,datetime,8,23,3,1,
dbo,TREPARTITIONPERIODIQUE,,4,dateFin,datetime,8,23,3,1,
dbo,TREPARTITIONPERIODIQUE,,5,idOTP,int,4,10,0,1,
dbo,TREPARTITIONPERIODIQUE,,6,MontantPeriode1,money,8,19,4,1,
dbo,TREPARTITIONPERIODIQUE,,7,oid,TOID,32,0,0,0,
dbo,TREPARTITIONPERIODIQUE,,8,oidCompteGeneral,TOID,32,0,0,1,
dbo,TREPARTITIONPERIODIQUE,,9,oidEcriture,TOID,32,0,0,1,
dbo,TREPARTITIONPERIODIQUE,,10,oidJournal,TOID,32,0,0,1,
dbo,TREPARTITIONPERIODIQUE,,11,oidPiece,TOID,32,0,0,1,
dbo,TREPARTITIONPERIODIQUE,,12,oidRegleRepartition,TOID,32,0,0,1,
dbo,TREPARTITIONPERIODIQUE,,13,premierePeriode,datetime,8,23,3,1,
dbo,TREPARTITIONPERIODIQUE,,14,typeLot,smallint,2,5,0,1,
dbo,TREPARTITIONPERIODIQUE,,15,UpdDate,datetime,8,23,3,1,
dbo,TREPARTITIONPERIODIQUE,,16,UpdStamp,char,16,0,0,1,
dbo,TREPARTITIONPERIODIQUE,,17,UpdUser,nvarchar,48,0,0,1,
dbo,TREQUETEETAT,,1,Caption,nvarchar,256,0,0,1,
dbo,TREQUETEETAT,,2,dateDebut,datetime,8,23,3,1,
dbo,TREQUETEETAT,,3,dateFin,datetime,8,23,3,1,
dbo,TREQUETEETAT,,4,idOTP,int,4,10,0,1,
dbo,TREQUETEETAT,,5,millesime,nvarchar,256,0,0,1,
dbo,TREQUETEETAT,,6,nomFichier,nvarchar,256,0,0,1,
dbo,TREQUETEETAT,,7,numeroTraitement,nvarchar,64,0,0,1,
dbo,TREQUETEETAT,,8,oid,TOID,32,0,0,0,
dbo,TREQUETEETAT,,9,oiddevise,TOID,32,0,0,1,
dbo,TREQUETEETAT,,10,oidDocumentRequete,TOID,32,0,0,1,
dbo,TREQUETEETAT,,11,oidEtablissement,TOID,32,0,0,1,
dbo,TREQUETEETAT,,12,oidEtatPreparatoire,TOID,32,0,0,1,
dbo,TREQUETEETAT,,13,oidExercice,TOID,32,0,0,1,
dbo,TREQUETEETAT,,14,oidFormatGenerationFichier,TOID,32,0,0,1,
dbo,TREQUETEETAT,,15,oidSociete,TOID,32,0,0,1,
dbo,TREQUETEETAT,,16,rDate,datetime,8,23,3,1,
dbo,TREQUETEETAT,,17,selectionExercice,bit,1,1,0,1,
dbo,TREQUETEETAT,,18,UpdDate,datetime,8,23,3,1,
dbo,TREQUETEETAT,,19,UpdStamp,char,16,0,0,1,
dbo,TREQUETEETAT,,20,UpdUser,nvarchar,48,0,0,1,
dbo,TREQUETEETAT,,21,Envoi,datetime,8,23,3,1,
dbo,TREQUETEETAT,,22,oidDeclarationTVA,TOID,32,0,0,1,
dbo,TREQUETEETATDETAIL,,1,attributFormat,bit,1,1,0,1,
dbo,TREQUETEETATDETAIL,,2,Caption,nvarchar,256,0,0,1,
dbo,TREQUETEETATDETAIL,,3,codeRubrique,nvarchar,256,0,0,1,
dbo,TREQUETEETATDETAIL,,4,idOTP,int,4,10,0,1,
dbo,TREQUETEETATDETAIL,,5,montant,money,8,19,4,1,
dbo,TREQUETEETATDETAIL,,6,montant_CodeDevise,nvarchar,6,0,0,1,
dbo,TREQUETEETATDETAIL,,7,montant_Date,datetime,8,23,3,1,
dbo,TREQUETEETATDETAIL,,8,montant_TCConv,nvarchar,256,0,0,1,
dbo,TREQUETEETATDETAIL,,9,montant_TCValue,money,8,19,4,1,
dbo,TREQUETEETATDETAIL,,10,montant_RPConv,nvarchar,256,0,0,1,
dbo,TREQUETEETATDETAIL,,11,montant_RPValue,money,8,19,4,1,
dbo,TREQUETEETATDETAIL,,12,montantCalcule,money,8,19,4,1,
dbo,TREQUETEETATDETAIL,,13,montantCalcule_CodeDevise,nvarchar,6,0,0,1,
dbo,TREQUETEETATDETAIL,,14,montantCalcule_Date,datetime,8,23,3,1,
dbo,TREQUETEETATDETAIL,,15,montantCalcule_TCConv,nvarchar,256,0,0,1,
dbo,TREQUETEETATDETAIL,,16,montantCalcule_TCValue,money,8,19,4,1,
dbo,TREQUETEETATDETAIL,,17,montantCalcule_RPConv,nvarchar,256,0,0,1,
dbo,TREQUETEETATDETAIL,,18,montantCalcule_RPValue,money,8,19,4,1,
dbo,TREQUETEETATDETAIL,,19,oid,TOID,32,0,0,0,
dbo,TREQUETEETATDETAIL,,20,oidformulaireEtat,TOID,32,0,0,1,
dbo,TREQUETEETATDETAIL,,21,oidrequeteEtat,TOID,32,0,0,1,
dbo,TREQUETEETATDETAIL,,22,oidRequeteEtatDetail,TOID,32,0,0,1,
dbo,TREQUETEETATDETAIL,,23,oidRequeteResultat,TOID,32,0,0,1,
dbo,TREQUETEETATDETAIL,,24,oidrubriqueEtat,TOID,32,0,0,1,
dbo,TREQUETEETATDETAIL,,25,typeAttribut,smallint,2,5,0,1,
dbo,TREQUETEETATDETAIL,,26,UpdDate,datetime,8,23,3,1,
dbo,TREQUETEETATDETAIL,,27,UpdStamp,char,16,0,0,1,
dbo,TREQUETEETATDETAIL,,28,UpdUser,nvarchar,48,0,0,1,
dbo,TREQUETEETATDETAIL,,29,valeurChaine,nvarchar,256,0,0,1,
dbo,TREQUETEETATDETAIL,,30,valeurDate,datetime,8,23,3,1,
dbo,TREQUETEETATDETAIL,,31,valeurEntier,int,4,10,0,1,
dbo,TREQUETEETATDETAIL,,32,valeurLogique,bit,1,1,0,1,
dbo,TREQUETEETATIMMO,,1,bienFictif,bit,1,1,0,1,
dbo,TREQUETEETATIMMO,,2,Caption,nvarchar,256,0,0,1,
dbo,TREQUETEETATIMMO,,3,dateFinPeriode,datetime,8,23,3,1,
dbo,TREQUETEETATIMMO,,4,idOTP,int,4,10,0,1,
dbo,TREQUETEETATIMMO,,5,nonValide,bit,1,1,0,1,
dbo,TREQUETEETATIMMO,,6,oid,TOID,32,0,0,0,
dbo,TREQUETEETATIMMO,,7,oiddevise,TOID,32,0,0,1,
dbo,TREQUETEETATIMMO,,8,oidEtablissement,TOID,32,0,0,1,
dbo,TREQUETEETATIMMO,,9,oidEtatPreparatoire,TOID,32,0,0,1,
dbo,TREQUETEETATIMMO,,10,oidExercice,TOID,32,0,0,1,
dbo,TREQUETEETATIMMO,,11,oidSchemaAmortissement,TOID,32,0,0,1,
dbo,TREQUETEETATIMMO,,12,oidSociete,TOID,32,0,0,1,
dbo,TREQUETEETATIMMO,,13,rDate,datetime,8,23,3,1,
dbo,TREQUETEETATIMMO,,14,UpdDate,datetime,8,23,3,1,
dbo,TREQUETEETATIMMO,,15,UpdStamp,char,16,0,0,1,
dbo,TREQUETEETATIMMO,,16,UpdUser,nvarchar,48,0,0,1,
dbo,TREQUETEETATIMMOBIEN,,1,Caption,nvarchar,256,0,0,1,
dbo,TREQUETEETATIMMOBIEN,,2,idOTP,int,4,10,0,1,
dbo,TREQUETEETATIMMOBIEN,,3,montant,money,8,19,4,1,
dbo,TREQUETEETATIMMOBIEN,,4,montant_CodeDevise,nvarchar,6,0,0,1,
dbo,TREQUETEETATIMMOBIEN,,5,montant_Date,datetime,8,23,3,1,
dbo,TREQUETEETATIMMOBIEN,,6,montant_TCConv,nvarchar,256,0,0,1,
dbo,TREQUETEETATIMMOBIEN,,7,montant_TCValue,money,8,19,4,1,
dbo,TREQUETEETATIMMOBIEN,,8,montant_RPConv,nvarchar,256,0,0,1,
dbo,TREQUETEETATIMMOBIEN,,9,montant_RPValue,money,8,19,4,1,
dbo,TREQUETEETATIMMOBIEN,,10,oid,TOID,32,0,0,0,
dbo,TREQUETEETATIMMOBIEN,,11,oidBienComptable,TOID,32,0,0,1,
dbo,TREQUETEETATIMMOBIEN,,12,oidCompteGeneral,TOID,32,0,0,1,
dbo,TREQUETEETATIMMOBIEN,,13,oidRequeteEtatImmoDetail,TOID,32,0,0,1,
dbo,TREQUETEETATIMMOBIEN,,14,UpdDate,datetime,8,23,3,1,
dbo,TREQUETEETATIMMOBIEN,,15,UpdStamp,char,16,0,0,1,
dbo,TREQUETEETATIMMOBIEN,,16,UpdUser,nvarchar,48,0,0,1,
dbo,TREQUETEETATIMMODETAIL,,1,Caption,nvarchar,256,0,0,1,
dbo,TREQUETEETATIMMODETAIL,,2,idOTP,int,4,10,0,1,
dbo,TREQUETEETATIMMODETAIL,,3,montant,money,8,19,4,1,
dbo,TREQUETEETATIMMODETAIL,,4,montant_CodeDevise,nvarchar,6,0,0,1,
dbo,TREQUETEETATIMMODETAIL,,5,montant_Date,datetime,8,23,3,1,
dbo,TREQUETEETATIMMODETAIL,,6,montant_TCConv,nvarchar,256,0,0,1,
dbo,TREQUETEETATIMMODETAIL,,7,montant_TCValue,money,8,19,4,1,
dbo,TREQUETEETATIMMODETAIL,,8,montant_RPConv,nvarchar,256,0,0,1,
dbo,TREQUETEETATIMMODETAIL,,9,montant_RPValue,money,8,19,4,1,
dbo,TREQUETEETATIMMODETAIL,,10,oid,TOID,32,0,0,0,
dbo,TREQUETEETATIMMODETAIL,,11,oidCodeRubriqueImmo,TOID,32,0,0,1,
dbo,TREQUETEETATIMMODETAIL,,12,oidRequeteEtatImmo,TOID,32,0,0,1,
dbo,TREQUETEETATIMMODETAIL,,13,oidRequeteEtatImmoDetail,TOID,32,0,0,1,
dbo,TREQUETEETATIMMODETAIL,,14,UpdDate,datetime,8,23,3,1,
dbo,TREQUETEETATIMMODETAIL,,15,UpdStamp,char,16,0,0,1,
dbo,TREQUETEETATIMMODETAIL,,16,UpdUser,nvarchar,48,0,0,1,
dbo,TREQUETEETATJUSTIFICATIF,,1,Caption,nvarchar,256,0,0,1,
dbo,TREQUETEETATJUSTIFICATIF,,2,idJustificatif,nvarchar,256,0,0,1,
dbo,TREQUETEETATJUSTIFICATIF,,3,idOTP,int,4,10,0,1,
dbo,TREQUETEETATJUSTIFICATIF,,4,montant,money,8,19,4,1,
dbo,TREQUETEETATJUSTIFICATIF,,5,montant_CodeDevise,nvarchar,6,0,0,1,
dbo,TREQUETEETATJUSTIFICATIF,,6,oid,TOID,32,0,0,0,
dbo,TREQUETEETATJUSTIFICATIF,,7,oidCompteGeneral,TOID,32,0,0,1,
dbo,TREQUETEETATJUSTIFICATIF,,8,oidRequeteEtatDetail,TOID,32,0,0,1,
dbo,TREQUETEETATJUSTIFICATIF,,9,UpdDate,datetime,8,23,3,1,
dbo,TREQUETEETATJUSTIFICATIF,,10,UpdStamp,char,16,0,0,1,
dbo,TREQUETEETATJUSTIFICATIF,,11,UpdUser,nvarchar,48,0,0,1,
dbo,TRESTITUTIONVENTILANAEXERCICE,,1,axeAna,nvarchar,256,0,0,1,
dbo,TRESTITUTIONVENTILANAEXERCICE,,2,Caption,nvarchar,256,0,0,1,
dbo,TRESTITUTIONVENTILANAEXERCICE,,3,cumulAmoDebutEx,money,8,19,4,1,
dbo,TRESTITUTIONVENTILANAEXERCICE,,4,cumulAmoDebutEx_CodeDevise,nvarchar,6,0,0,1,
dbo,TRESTITUTIONVENTILANAEXERCICE,,5,cumulExcept,money,8,19,4,1,
dbo,TRESTITUTIONVENTILANAEXERCICE,,6,cumulExcept_CodeDevise,nvarchar,6,0,0,1,
dbo,TRESTITUTIONVENTILANAEXERCICE,,7,dateDebutPiece,datetime,8,23,3,1,
dbo,TRESTITUTIONVENTILANAEXERCICE,,8,dateFinPiece,datetime,8,23,3,1,
dbo,TRESTITUTIONVENTILANAEXERCICE,,9,dotation,money,8,19,4,1,
dbo,TRESTITUTIONVENTILANAEXERCICE,,10,dotation_CodeDevise,nvarchar,6,0,0,1,
dbo,TRESTITUTIONVENTILANAEXERCICE,,11,dotationAideFiscale,money,8,19,4,1,
dbo,TRESTITUTIONVENTILANAEXERCICE,,12,dotationAideFiscale_CodeDevise,nvarchar,6,0,0,1,
dbo,TRESTITUTIONVENTILANAEXERCICE,,13,dotationExcept,money,8,19,4,1,
dbo,TRESTITUTIONVENTILANAEXERCICE,,14,dotationExcept_CodeDevise,nvarchar,6,0,0,1,
dbo,TRESTITUTIONVENTILANAEXERCICE,,15,dotationRattrapage,money,8,19,4,1,
dbo,TRESTITUTIONVENTILANAEXERCICE,,16,dotationRattrapage_CodeDevise,nvarchar,6,0,0,1,
dbo,TRESTITUTIONVENTILANAEXERCICE,,17,exercice,nvarchar,256,0,0,1,
dbo,TRESTITUTIONVENTILANAEXERCICE,,18,exerciceAideFisc,money,8,19,4,1,
dbo,TRESTITUTIONVENTILANAEXERCICE,,19,exerciceAideFisc_CodeDevise,nvarchar,6,0,0,1,
dbo,TRESTITUTIONVENTILANAEXERCICE,,20,idOTP,int,4,10,0,1,
dbo,TRESTITUTIONVENTILANAEXERCICE,,21,numeroTraitement,int,4,10,0,1,
dbo,TRESTITUTIONVENTILANAEXERCICE,,22,oid,TOID,32,0,0,0,
dbo,TRESTITUTIONVENTILANAEXERCICE,,23,oidamortissementBien,TOID,32,0,0,1,
dbo,TRESTITUTIONVENTILANAEXERCICE,,24,pieceAnaValide,bit,1,1,0,1,
dbo,TRESTITUTIONVENTILANAEXERCICE,,25,repartition,money,8,19,4,1,
dbo,TRESTITUTIONVENTILANAEXERCICE,,26,repartition_CodeDevise,nvarchar,6,0,0,1,
dbo,TRESTITUTIONVENTILANAEXERCICE,,27,repartitionExcept,money,8,19,4,1,
dbo,TRESTITUTIONVENTILANAEXERCICE,,28,repartitionExcept_CodeDevise,nvarchar,6,0,0,1,
dbo,TRESTITUTIONVENTILANAEXERCICE,,29,sectionAnalytique,nvarchar,256,0,0,1,
dbo,TRESTITUTIONVENTILANAEXERCICE,,30,UpdDate,datetime,8,23,3,1,
dbo,TRESTITUTIONVENTILANAEXERCICE,,31,UpdStamp,char,16,0,0,1,
dbo,TRESTITUTIONVENTILANAEXERCICE,,32,UpdUser,nvarchar,48,0,0,1,
dbo,TRESTITUTIONVENTILANAEXERCICE,,33,valAmorti,money,8,19,4,1,
dbo,TRESTITUTIONVENTILANAEXERCICE,,34,valAmorti_CodeDevise,nvarchar,6,0,0,1,
dbo,TRESTITUTIONVENTILANAEXERCICE,,35,valeurNetteFinEx,money,8,19,4,1,
dbo,TRESTITUTIONVENTILANAEXERCICE,,36,valeurNetteFinEx_CodeDevise,nvarchar,6,0,0,1,
dbo,TRESTITUTIONVENTILANAEXERCICE,,37,ventilation,float,8,53,0,1,
dbo,TRESTITUTIONVENTILATIONANA,,1,baseAmt,money,8,19,4,1,
dbo,TRESTITUTIONVENTILATIONANA,,2,baseAmt_CodeDevise,nvarchar,6,0,0,1,
dbo,TRESTITUTIONVENTILATIONANA,,3,Caption,nvarchar,256,0,0,1,
dbo,TRESTITUTIONVENTILATIONANA,,4,idOTP,int,4,10,0,1,
dbo,TRESTITUTIONVENTILATIONANA,,5,numeroTraitement,int,4,10,0,1,
dbo,TRESTITUTIONVENTILATIONANA,,6,oid,TOID,32,0,0,0,
dbo,TRESTITUTIONVENTILATIONANA,,7,oidAmortissementPeriode,TOID,32,0,0,1,
dbo,TRESTITUTIONVENTILATIONANA,,8,pieceAnaValide,bit,1,1,0,1,
dbo,TRESTITUTIONVENTILATIONANA,,9,repartitionPeriode,money,8,19,4,1,
dbo,TRESTITUTIONVENTILATIONANA,,10,repartitionPeriode_CodeDevise,nvarchar,6,0,0,1,
dbo,TRESTITUTIONVENTILATIONANA,,11,sectionAnalytique,nvarchar,256,0,0,1,
dbo,TRESTITUTIONVENTILATIONANA,,12,UpdDate,datetime,8,23,3,1,
dbo,TRESTITUTIONVENTILATIONANA,,13,UpdStamp,char,16,0,0,1,
dbo,TRESTITUTIONVENTILATIONANA,,14,UpdUser,nvarchar,48,0,0,1,
dbo,TRESTITUTIONVENTILATIONANA,,15,ventilation,float,8,53,0,1,
dbo,TRESTRICTIONSTRESO,,1,Caption,nvarchar,256,0,0,1,
dbo,TRESTRICTIONSTRESO,,2,code,nvarchar,256,0,0,1,
dbo,TRESTRICTIONSTRESO,,3,idOTP,int,4,10,0,1,
dbo,TRESTRICTIONSTRESO,,4,inUpdate,bit,1,1,0,1,
dbo,TRESTRICTIONSTRESO,,5,oid,TOID,32,0,0,0,
dbo,TRESTRICTIONSTRESO,,6,toutesAgences,bit,1,1,0,1,
dbo,TRESTRICTIONSTRESO,,7,toutesBanques,bit,1,1,0,1,
dbo,TRESTRICTIONSTRESO,,8,toutesComptes,bit,1,1,0,1,
dbo,TRESTRICTIONSTRESO,,9,toutesFamBanque,bit,1,1,0,1,
dbo,TRESTRICTIONSTRESO,,10,toutesFamCompte,bit,1,1,0,1,
dbo,TRESTRICTIONSTRESO,,11,toutesFamSociete,bit,1,1,0,1,
dbo,TRESTRICTIONSTRESO,,12,toutesGroupes,bit,1,1,0,1,
dbo,TRESTRICTIONSTRESO,,13,toutesNatures,bit,1,1,0,1,
dbo,TRESTRICTIONSTRESO,,14,toutesParamArrete,bit,1,1,0,1,
dbo,TRESTRICTIONSTRESO,,15,toutesSocietes,bit,1,1,0,1,
dbo,TRESTRICTIONSTRESO,,16,UpdDate,datetime,8,23,3,1,
dbo,TRESTRICTIONSTRESO,,17,UpdStamp,char,16,0,0,1,
dbo,TRESTRICTIONSTRESO,,18,UpdUser,nvarchar,48,0,0,1,
dbo,TROLECONTACT,,1,actif,bit,1,1,0,1,
dbo,TROLECONTACT,,2,Caption,nvarchar,256,0,0,1,
dbo,TROLECONTACT,,3,idOTP,int,4,10,0,1,
dbo,TROLECONTACT,,4,oid,TOID,32,0,0,0,
dbo,TROLECONTACT,,5,oidCategorieCommerciale,TOID,32,0,0,1,
dbo,TROLECONTACT,,6,oidResponsableHierarchique,TOID,32,0,0,1,
dbo,TROLECONTACT,,7,UpdDate,datetime,8,23,3,1,
dbo,TROLECONTACT,,8,UpdStamp,char,16,0,0,1,
dbo,TROLECONTACT,,9,UpdUser,nvarchar,48,0,0,1,
dbo,TROLECONTACT,,10,oidContactEtablissement,TOID,32,0,0,1,
dbo,TROLETIERS,,1,assujetiTaxe,bit,1,1,0,1,
dbo,TROLETIERS,,2,Caption,nvarchar,256,0,0,1,
dbo,TROLETIERS,,3,codeBarre,nvarchar,256,0,0,1,
dbo,TROLETIERS,,4,commentaire,nvarchar,-1,0,0,1,
dbo,TROLETIERS,,5,cumulQte,bit,1,1,0,1,
dbo,TROLETIERS,,6,dateCreation,datetime,8,23,3,1,
dbo,TROLETIERS,,7,dateFacturation,smallint,2,5,0,1,
dbo,TROLETIERS,,8,decouvertLimite,money,8,19,4,1,
dbo,TROLETIERS,,9,decouvertLimite_CodeDevise,nvarchar,6,0,0,1,
dbo,TROLETIERS,,10,enActivite,bit,1,1,0,1,
dbo,TROLETIERS,,11,escompte,float,8,53,0,1,
dbo,TROLETIERS,,12,escompte_Decimales,int,4,10,0,1,
dbo,TROLETIERS,,13,estRoleTiersSociete,bit,1,1,0,1,
dbo,TROLETIERS,,14,idOTP,int,4,10,0,1,
dbo,TROLETIERS,,15,montantFrancoDePort,money,8,19,4,1,
dbo,TROLETIERS,,16,montantFrancoDePort_CodeDevise,nvarchar,6,0,0,1,
dbo,TROLETIERS,,17,oid,TOID,32,0,0,0,
dbo,TROLETIERS,,18,oidCategorieCommercialTiers,TOID,32,0,0,1,
dbo,TROLETIERS,,19,oidCategorieComptaTiers,TOID,32,0,0,1,
dbo,TROLETIERS,,20,oidCategorieEditionCommercial,TOID,32,0,0,1,
dbo,TROLETIERS,,21,oidCategorieEscompteReglement,TOID,32,0,0,1,
dbo,TROLETIERS,,22,oidcategorieRemiseTiers,TOID,32,0,0,1,
dbo,TROLETIERS,,23,oidCategPrixTiers,TOID,32,0,0,1,
dbo,TROLETIERS,,24,oidClassifStatCommerciale,TOID,32,0,0,1,
dbo,TROLETIERS,,25,oidClientClassification,TOID,32,0,0,1,
dbo,TROLETIERS,,26,oiddevise,TOID,32,0,0,1,
dbo,TROLETIERS,,27,oidGroupeFacturation,TOID,32,0,0,1,
dbo,TROLETIERS,,28,oidIncoterms,TOID,32,0,0,1,
dbo,TROLETIERS,,29,oidPeriodiciteFacturation,TOID,32,0,0,1,
dbo,TROLETIERS,,30,oidRoleTiersPayeur,TOID,32,0,0,1,
dbo,TROLETIERS,,31,oidSecteurCommercialTiers,TOID,32,0,0,1,
dbo,TROLETIERS,,32,oidsiteFacturation,TOID,32,0,0,1,
dbo,TROLETIERS,,33,oidsiteLivraisonPrivilegie,TOID,32,0,0,1,
dbo,TROLETIERS,,34,oidsitePrivilegie,TOID,32,0,0,1,
dbo,TROLETIERS,,35,oidTiers,TOID,32,0,0,1,
dbo,TROLETIERS,,36,pourcentageAcompte,float,8,53,0,1,
dbo,TROLETIERS,,37,pourcentageAcompte_Decimales,int,4,10,0,1,
dbo,TROLETIERS,,38,regroupFacture,smallint,2,5,0,1,
dbo,TROLETIERS,,39,sensible,bit,1,1,0,1,
dbo,TROLETIERS,,40,typeFacturation,smallint,2,5,0,1,
dbo,TROLETIERS,,41,UpdDate,datetime,8,23,3,1,
dbo,TROLETIERS,,42,UpdStamp,char,16,0,0,1,
dbo,TROLETIERS,,43,UpdUser,nvarchar,48,0,0,1,
dbo,TROLETIERS,,44,oidCategorieInterdiction,TOID,32,0,0,1,
dbo,TROLETIERS,,45,oidCategorieCollectif,TOID,32,0,0,1,
dbo,TROLETIERS,,46,oidcomptePrivilegie,TOID,32,0,0,1,
dbo,TROLETIERS,,47,oidConditionReglementReleve,TOID,32,0,0,1,
dbo,TROLETIERS,,48,oidGroupeRelance,TOID,32,0,0,1,
dbo,TROLETIERS,,49,oidModeReglementReleve,TOID,32,0,0,1,
dbo,TROLETIERS,,50,oidParametreReleve,TOID,32,0,0,1,
dbo,TROLETIERS,,51,oidremunerationPrivilegie,TOID,32,0,0,1,
dbo,TROLETIERS,,52,retenueALaSource,smallint,2,5,0,1,
dbo,TROLETIERS,,53,retenueTVA,bit,1,1,0,1,
dbo,TROLETIERS,,54,tauxRetenueALaSource,float,8,53,0,1,
dbo,TROLETIERS,,55,tauxRetenueALaSource_Decimales,int,4,10,0,1,
dbo,TROLETIERS,,56,tauxRetenueTVA,float,8,53,0,1,
dbo,TROLETIERS,,57,tauxRetenueTVA_Decimales,int,4,10,0,1,
dbo,TROLETIERS,,58,oidGroupeRTValidation,TOID,32,0,0,1,
dbo,TROLETIERS,,59,oidNatureEconomique,TOID,32,0,0,1,
dbo,TROLETIERS,,60,oidNatureSepa,TOID,32,0,0,1,
dbo,TROLETIERS,,61,oidOperateur,TOID,32,0,0,1,
dbo,TROLETIERS,,62,oidCategorieFraisSalarie,TOID,32,0,0,1,
dbo,TROLETIERS,,63,oidNatureValidationNF,TOID,32,0,0,1,
dbo,TROLETIERS,,64,oidTPhotos,TOID,32,0,0,1,
dbo,TROLETIERS,,65,JourRetardPaiement,int,4,10,0,1,
dbo,TROLETIERS,,66,LimiteRetardPai,money,8,19,4,1,
dbo,TROLETIERS,,67,LimiteRetardPai_CodeDevise,nvarchar,6,0,0,1,
dbo,TROLETIERS,,68,oidclientFacture,TOID,32,0,0,1,
dbo,TROLETIERS,,69,oidclientPayeur,TOID,32,0,0,1,
dbo,TROLETIERS,,70,oidCommercial,TOID,32,0,0,1,
dbo,TROLETIERS,,71,prioriteLivraison,smallint,2,5,0,1,
dbo,TROLETIERS,,72,RisqueCommercialCC,smallint,2,5,0,1,
dbo,TROLETIERS,,73,RisqueCommercialPL,bit,1,1,0,1,
dbo,TROLETIERS,,74,RisqueEcheanceGeneration,smallint,2,5,0,1,
dbo,TROLETIERS,,75,RisqueEncoursCC,smallint,2,5,0,1,
dbo,TROLETIERS,,76,RisqueGeneration,smallint,2,5,0,1,
dbo,TROLETIERS,,77,RisqueRetardPaiementCC,smallint,2,5,0,1,
dbo,TROLETIERS,,78,RisqueRetardPaiementPL,bit,1,1,0,1,
dbo,TROLETIERS,,79,SoldeRetardPai,money,8,19,4,1,
dbo,TROLETIERS,,80,SoldeRetardPai_CodeDevise,nvarchar,6,0,0,1,
dbo,TROLETIERS,,81,oidAcheteur,TOID,32,0,0,1,
dbo,TROLETIERS,,82,oidfournisseurAPayer,TOID,32,0,0,1,
dbo,TROLETIERS,,83,oidFournisseurClassification,TOID,32,0,0,1,
dbo,TROLETIERS,,84,oidfournisseurFacturant,TOID,32,0,0,1,
dbo,TROLETIERS,,85,regimeFournisseur,smallint,2,5,0,1,
dbo,TROLETIERS,,86,RegroupFact,smallint,2,5,0,1,
dbo,TROLETIERS,,87,oidTiersDiversPayeur,TOID,32,0,0,1,
dbo,TROLETIERSREMUNERATION,,1,Caption,nvarchar,256,0,0,1,
dbo,TROLETIERSREMUNERATION,,2,idOTP,int,4,10,0,1,
dbo,TROLETIERSREMUNERATION,,3,oid,TOID,32,0,0,0,
dbo,TROLETIERSREMUNERATION,,4,oidAffectationIRPrivilegie,TOID,32,0,0,1,
dbo,TROLETIERSREMUNERATION,,5,oidRoleTiers,TOID,32,0,0,1,
dbo,TROLETIERSREMUNERATION,,6,oidTypeRemuneration,TOID,32,0,0,1,
dbo,TROLETIERSREMUNERATION,,7,UpdDate,datetime,8,23,3,1,
dbo,TROLETIERSREMUNERATION,,8,UpdStamp,char,16,0,0,1,
dbo,TROLETIERSREMUNERATION,,9,UpdUser,nvarchar,48,0,0,1,
dbo,TRUBRIQUE,,1,Caption,nvarchar,256,0,0,1,
dbo,TRUBRIQUE,,2,Code,nvarchar,256,0,0,1,
dbo,TRUBRIQUE,,3,EstBudgetaire,bit,1,1,0,1,
dbo,TRUBRIQUE,,4,estGroupe,bit,1,1,0,1,
dbo,TRUBRIQUE,,5,idOTP,int,4,10,0,1,
dbo,TRUBRIQUE,,6,oid,TOID,32,0,0,0,
dbo,TRUBRIQUE,,7,oidFamilleRubrique,TOID,32,0,0,1,
dbo,TRUBRIQUE,,8,oidUnite,TOID,32,0,0,1,
dbo,TRUBRIQUE,,9,typeRubrique,smallint,2,5,0,1,
dbo,TRUBRIQUE,,10,UpdDate,datetime,8,23,3,1,
dbo,TRUBRIQUE,,11,UpdStamp,char,16,0,0,1,
dbo,TRUBRIQUE,,12,UpdUser,nvarchar,48,0,0,1,
dbo,TRUBRIQUE,,13,oidAxeAnalytique,TOID,32,0,0,1,
dbo,TRUBRIQUE,,14,VentilationPureToutBilan,smallint,2,5,0,1,
dbo,TRUBRIQUE,,15,typeTVA,smallint,2,5,0,1,
dbo,TRUBRIQUEETAT,,1,arrondi,bit,1,1,0,1,
dbo,TRUBRIQUEETAT,,2,Caption,nvarchar,256,0,0,1,
dbo,TRUBRIQUEETAT,,3,code,nvarchar,256,0,0,1,
dbo,TRUBRIQUEETAT,,4,formulaire,nvarchar,256,0,0,1,
dbo,TRUBRIQUEETAT,,5,idOTP,int,4,10,0,1,
dbo,TRUBRIQUEETAT,,6,oid,TOID,32,0,0,0,
dbo,TRUBRIQUEETAT,,7,ordreSerial,int,4,10,0,1,
dbo,TRUBRIQUEETAT,,8,signeMontant,smallint,2,5,0,1,
dbo,TRUBRIQUEETAT,,9,systeme,bit,1,1,0,1,
dbo,TRUBRIQUEETAT,,10,UpdDate,datetime,8,23,3,1,
dbo,TRUBRIQUEETAT,,11,UpdStamp,char,16,0,0,1,
dbo,TRUBRIQUEETAT,,12,UpdUser,nvarchar,48,0,0,1,
dbo,TRUBRIQUEETAT,,13,valeurAbsolue,bit,1,1,0,1,
dbo,TRUBRIQUEETAT,,14,alias,nvarchar,256,0,0,1,
dbo,TRUBRIQUEETAT,,15,issuCalcul,bit,1,1,0,1,
dbo,TRUBRIQUEETAT,,16,oidTColonneEtat,TOID,32,0,0,1,
dbo,TRUBRIQUEETAT,,17,oidTRegroupementEtat,TOID,32,0,0,1,
dbo,TRUBRIQUEETAT,,18,comparateur,smallint,2,5,0,1,
dbo,TRUBRIQUEETAT,,19,oidrubriqueEtat1,TOID,32,0,0,1,
dbo,TRUBRIQUEETAT,,20,oidrubriqueEtat2,TOID,32,0,0,1,
dbo,TRUBRIQUEETAT,,21,typeValeur,smallint,2,5,0,1,
dbo,TRUBRIQUEETAT,,22,valeurChaine,nvarchar,256,0,0,1,
dbo,TRUBRIQUEETAT,,23,valeurDate,datetime,8,23,3,1,
dbo,TRUBRIQUEETAT,,24,valeurEntier,int,4,10,0,1,
dbo,TRUBRIQUEETAT,,25,valeurLogique,bit,1,1,0,1,
dbo,TRUBRIQUEETAT,,26,valeurNumerique,float,8,53,0,1,
dbo,TRUBRIQUEETAT,,27,valeurNumerique_Decimales,int,4,10,0,1,
dbo,TRUBRIQUEETAT,,28,oidrubriqueComparateur,TOID,32,0,0,1,
dbo,TRUBRIQUEETAT,,29,oidrubriqueFaux,TOID,32,0,0,1,
dbo,TRUBRIQUEETAT,,30,oidrubriqueVrai,TOID,32,0,0,1,
dbo,TRUBRIQUEETAT,,31,typeResultat,smallint,2,5,0,1,
dbo,TRUBRIQUELIASSE,,1,Caption,nvarchar,256,0,0,1,
dbo,TRUBRIQUELIASSE,,2,code,nvarchar,256,0,0,1,
dbo,TRUBRIQUELIASSE,,3,commentaire,nvarchar,-1,0,0,1,
dbo,TRUBRIQUELIASSE,,4,idOTP,int,4,10,0,1,
dbo,TRUBRIQUELIASSE,,5,oid,TOID,32,0,0,0,
dbo,TRUBRIQUELIASSE,,6,UpdDate,datetime,8,23,3,1,
dbo,TRUBRIQUELIASSE,,7,UpdStamp,char,16,0,0,1,
dbo,TRUBRIQUELIASSE,,8,UpdUser,nvarchar,48,0,0,1,
dbo,TSCHEMAAMORTISSEMENT,,1,applicationMinimumLegal,bit,1,1,0,1,
dbo,TSCHEMAAMORTISSEMENT,,2,autoriserAideFiscale,bit,1,1,0,1,
dbo,TSCHEMAAMORTISSEMENT,,3,autoriserChangement,bit,1,1,0,1,
dbo,TSCHEMAAMORTISSEMENT,,4,autoriserDepreciation,bit,1,1,0,1,
dbo,TSCHEMAAMORTISSEMENT,,5,autoriserRegimePlafonne,bit,1,1,0,1,
dbo,TSCHEMAAMORTISSEMENT,,6,autoriserRegularisationTVA,bit,1,1,0,1,
dbo,TSCHEMAAMORTISSEMENT,,7,autoriserRevaluation,bit,1,1,0,1,
dbo,TSCHEMAAMORTISSEMENT,,8,autoriserValeurResiduelle,bit,1,1,0,1,
dbo,TSCHEMAAMORTISSEMENT,,9,Caption,nvarchar,256,0,0,1,
dbo,TSCHEMAAMORTISSEMENT,,10,code,nvarchar,256,0,0,1,
dbo,TSCHEMAAMORTISSEMENT,,11,comptabilisable,bit,1,1,0,1,
dbo,TSCHEMAAMORTISSEMENT,,12,idOTP,int,4,10,0,1,
dbo,TSCHEMAAMORTISSEMENT,,13,integrerDepreciation,bit,1,1,0,1,
dbo,TSCHEMAAMORTISSEMENT,,14,integrerReevaluation,bit,1,1,0,1,
dbo,TSCHEMAAMORTISSEMENT,,15,methodeDepreciation,smallint,2,5,0,1,
dbo,TSCHEMAAMORTISSEMENT,,16,methodeReevaluation,smallint,2,5,0,1,
dbo,TSCHEMAAMORTISSEMENT,,17,oid,TOID,32,0,0,0,
dbo,TSCHEMAAMORTISSEMENT,,18,oiddevise,TOID,32,0,0,1,
dbo,TSCHEMAAMORTISSEMENT,,19,oidRegleMinimumLegal,TOID,32,0,0,1,
dbo,TSCHEMAAMORTISSEMENT,,20,oidSchemaDerogatoire,TOID,32,0,0,1,
dbo,TSCHEMAAMORTISSEMENT,,21,oidSchemaReciproque,TOID,32,0,0,1,
dbo,TSCHEMAAMORTISSEMENT,,22,schemaAmortissement,smallint,2,5,0,1,
dbo,TSCHEMAAMORTISSEMENT,,23,systeme,bit,1,1,0,1,
dbo,TSCHEMAAMORTISSEMENT,,24,UpdDate,datetime,8,23,3,1,
dbo,TSCHEMAAMORTISSEMENT,,25,UpdStamp,char,16,0,0,1,
dbo,TSCHEMAAMORTISSEMENT,,26,UpdUser,nvarchar,48,0,0,1,
dbo,TSCHEMACOMPTABLEBANCAIRE,,1,Caption,nvarchar,256,0,0,1,
dbo,TSCHEMACOMPTABLEBANCAIRE,,2,code,nvarchar,256,0,0,1,
dbo,TSCHEMACOMPTABLEBANCAIRE,,3,idOTP,int,4,10,0,1,
dbo,TSCHEMACOMPTABLEBANCAIRE,,4,oid,TOID,32,0,0,0,
dbo,TSCHEMACOMPTABLEBANCAIRE,,5,oidcompteTVA,TOID,32,0,0,1,
dbo,TSCHEMACOMPTABLEBANCAIRE,,6,oidligneSolde,TOID,32,0,0,1,
dbo,TSCHEMACOMPTABLEBANCAIRE,,7,oidtauxTVA,TOID,32,0,0,1,
dbo,TSCHEMACOMPTABLEBANCAIRE,,8,oidTypePiece,TOID,32,0,0,1,
dbo,TSCHEMACOMPTABLEBANCAIRE,,9,sens,smallint,2,5,0,1,
dbo,TSCHEMACOMPTABLEBANCAIRE,,10,typeSchema,smallint,2,5,0,1,
dbo,TSCHEMACOMPTABLEBANCAIRE,,11,UpdDate,datetime,8,23,3,1,
dbo,TSCHEMACOMPTABLEBANCAIRE,,12,UpdStamp,char,16,0,0,1,
dbo,TSCHEMACOMPTABLEBANCAIRE,,13,UpdUser,nvarchar,48,0,0,1,
dbo,TSCHEMACOMPTABLEIMMO,,1,Caption,nvarchar,256,0,0,1,
dbo,TSCHEMACOMPTABLEIMMO,,2,code,nvarchar,256,0,0,1,
dbo,TSCHEMACOMPTABLEIMMO,,3,comptabiliserNegAnnul,bit,1,1,0,1,
dbo,TSCHEMACOMPTABLEIMMO,,4,idOTP,int,4,10,0,1,
dbo,TSCHEMACOMPTABLEIMMO,,5,liensComptesIncomplets,bit,1,1,0,1,
dbo,TSCHEMACOMPTABLEIMMO,,6,oid,TOID,32,0,0,0,
dbo,TSCHEMACOMPTABLEIMMO,,7,oidCompteActifCede,TOID,32,0,0,1,
dbo,TSCHEMACOMPTABLEIMMO,,8,oidCompteAmortissement,TOID,32,0,0,1,
dbo,TSCHEMACOMPTABLEIMMO,,9,oidCompteAmortissementDero,TOID,32,0,0,1,
dbo,TSCHEMACOMPTABLEIMMO,,10,oidCompteCreanceCessionImmo,TOID,32,0,0,1,
dbo,TSCHEMACOMPTABLEIMMO,,11,oidCompteDepreciation,TOID,32,0,0,1,
dbo,TSCHEMACOMPTABLEIMMO,,12,oidCompteDotationDero,TOID,32,0,0,1,
dbo,TSCHEMACOMPTABLEIMMO,,13,oidCompteDotationExcept,TOID,32,0,0,1,
dbo,TSCHEMACOMPTABLEIMMO,,14,oidCompteDotationExploit,TOID,32,0,0,1,
dbo,TSCHEMACOMPTABLEIMMO,,15,oidCompteDotationProDepre,TOID,32,0,0,1,
dbo,TSCHEMACOMPTABLEIMMO,,16,oidCompteEcartReevaluation,TOID,32,0,0,1,
dbo,TSCHEMACOMPTABLEIMMO,,17,oidCompteProduitCessionImmo,TOID,32,0,0,1,
dbo,TSCHEMACOMPTABLEIMMO,,18,oidCompteRepriseAmoDero,TOID,32,0,0,1,
dbo,TSCHEMACOMPTABLEIMMO,,19,oidCompteRepriseAmoExcept,TOID,32,0,0,1,
dbo,TSCHEMACOMPTABLEIMMO,,20,oidCompteRepriseAmoExploit,TOID,32,0,0,1,
dbo,TSCHEMACOMPTABLEIMMO,,21,oidCompteRepriseProDepre,TOID,32,0,0,1,
dbo,TSCHEMACOMPTABLEIMMO,,22,oidCompteRepriseProDepreEx,TOID,32,0,0,1,
dbo,TSCHEMACOMPTABLEIMMO,,23,signerAnnulation,bit,1,1,0,1,
dbo,TSCHEMACOMPTABLEIMMO,,24,signerDepreciation,bit,1,1,0,1,
dbo,TSCHEMACOMPTABLEIMMO,,25,signerDotAmortissement,bit,1,1,0,1,
dbo,TSCHEMACOMPTABLEIMMO,,26,signerDotAmtDero,bit,1,1,0,1,
dbo,TSCHEMACOMPTABLEIMMO,,27,signerDotDepreciation,bit,1,1,0,1,
dbo,TSCHEMACOMPTABLEIMMO,,28,signerDotDerogatoire,bit,1,1,0,1,
dbo,TSCHEMACOMPTABLEIMMO,,29,signerDotEcartReevaluation,bit,1,1,0,1,
dbo,TSCHEMACOMPTABLEIMMO,,30,signerDotExceptionnel,bit,1,1,0,1,
dbo,TSCHEMACOMPTABLEIMMO,,31,signerDotExploitation,bit,1,1,0,1,
dbo,TSCHEMACOMPTABLEIMMO,,32,signerDotReportANouveau,bit,1,1,0,1,
dbo,TSCHEMACOMPTABLEIMMO,,33,signerProvisionDepreciation,bit,1,1,0,1,
dbo,TSCHEMACOMPTABLEIMMO,,34,signerReevalAmortissement,bit,1,1,0,1,
dbo,TSCHEMACOMPTABLEIMMO,,35,signerReevalEcartReev,bit,1,1,0,1,
dbo,TSCHEMACOMPTABLEIMMO,,36,signerReevalImmobilisation,bit,1,1,0,1,
dbo,TSCHEMACOMPTABLEIMMO,,37,signerReevalProvDeprec,bit,1,1,0,1,
dbo,TSCHEMACOMPTABLEIMMO,,38,signerSortieAmortissement,bit,1,1,0,1,
dbo,TSCHEMACOMPTABLEIMMO,,39,signerSortieDeprec,bit,1,1,0,1,
dbo,TSCHEMACOMPTABLEIMMO,,40,signerSortieDero,bit,1,1,0,1,
dbo,TSCHEMACOMPTABLEIMMO,,41,signerSortieEcartReeval,bit,1,1,0,1,
dbo,TSCHEMACOMPTABLEIMMO,,42,signerSortieImmo,bit,1,1,0,1,
dbo,TSCHEMACOMPTABLEIMMO,,43,signerTvaImmobilisation,bit,1,1,0,1,
dbo,TSCHEMACOMPTABLEIMMO,,44,UpdDate,datetime,8,23,3,1,
dbo,TSCHEMACOMPTABLEIMMO,,45,UpdStamp,char,16,0,0,1,
dbo,TSCHEMACOMPTABLEIMMO,,46,UpdUser,nvarchar,48,0,0,1,
dbo,TSCHEMACOMPTEGENERAL,,1,Caption,nvarchar,256,0,0,1,
dbo,TSCHEMACOMPTEGENERAL,,2,idOTP,int,4,10,0,1,
dbo,TSCHEMACOMPTEGENERAL,,3,oid,TOID,32,0,0,0,
dbo,TSCHEMACOMPTEGENERAL,,4,oidSchemaComptableImmo,TOID,32,0,0,1,
dbo,TSCHEMACOMPTEGENERAL,,5,oidTCompteGeneral,TOID,32,0,0,1,
dbo,TSCHEMACOMPTEGENERAL,,6,oidTSchemaAmortissement,TOID,32,0,0,1,
dbo,TSCHEMACOMPTEGENERAL,,7,UpdDate,datetime,8,23,3,1,
dbo,TSCHEMACOMPTEGENERAL,,8,UpdStamp,char,16,0,0,1,
dbo,TSCHEMACOMPTEGENERAL,,9,UpdUser,nvarchar,48,0,0,1,
dbo,TSCHEMADECLARATIONTVA,,1,Caption,nvarchar,256,0,0,1,
dbo,TSCHEMADECLARATIONTVA,,2,idOTP,int,4,10,0,1,
dbo,TSCHEMADECLARATIONTVA,,3,oid,TOID,32,0,0,0,
dbo,TSCHEMADECLARATIONTVA,,4,oidCompteDroitAuteur,TOID,32,0,0,1,
dbo,TSCHEMADECLARATIONTVA,,5,oidcompteEcartCrediteur,TOID,32,0,0,1,
dbo,TSCHEMADECLARATIONTVA,,6,oidcompteEcartDebiteur,TOID,32,0,0,1,
dbo,TSCHEMADECLARATIONTVA,,7,oidCompteGeneralPayer,TOID,32,0,0,1,
dbo,TSCHEMADECLARATIONTVA,,8,oidCompteGeneralRembourser,TOID,32,0,0,1,
dbo,TSCHEMADECLARATIONTVA,,9,oidCompteGeneralReporter,TOID,32,0,0,1,
dbo,TSCHEMADECLARATIONTVA,,10,oidJournal,TOID,32,0,0,1,
dbo,TSCHEMADECLARATIONTVA,,11,oidTypePiece,TOID,32,0,0,1,
dbo,TSCHEMADECLARATIONTVA,,12,UpdDate,datetime,8,23,3,1,
dbo,TSCHEMADECLARATIONTVA,,13,UpdStamp,char,16,0,0,1,
dbo,TSCHEMADECLARATIONTVA,,14,UpdUser,nvarchar,48,0,0,1,
dbo,TSCHEMAECLATEMENTBIEN,,1,Caption,nvarchar,256,0,0,1,
dbo,TSCHEMAECLATEMENTBIEN,,2,code,nvarchar,256,0,0,1,
dbo,TSCHEMAECLATEMENTBIEN,,3,conserverFamille,bit,1,1,0,1,
dbo,TSCHEMAECLATEMENTBIEN,,4,idOTP,int,4,10,0,1,
dbo,TSCHEMAECLATEMENTBIEN,,5,oid,TOID,32,0,0,0,
dbo,TSCHEMAECLATEMENTBIEN,,6,oidFamilleBien,TOID,32,0,0,1,
dbo,TSCHEMAECLATEMENTBIEN,,7,UpdDate,datetime,8,23,3,1,
dbo,TSCHEMAECLATEMENTBIEN,,8,UpdStamp,char,16,0,0,1,
dbo,TSCHEMAECLATEMENTBIEN,,9,UpdUser,nvarchar,48,0,0,1,
dbo,TSCHEMAECLATEMENTDETAIL,,1,Caption,nvarchar,256,0,0,1,
dbo,TSCHEMAECLATEMENTDETAIL,,2,idOTP,int,4,10,0,1,
dbo,TSCHEMAECLATEMENTDETAIL,,3,oid,TOID,32,0,0,0,
dbo,TSCHEMAECLATEMENTDETAIL,,4,oidFamilleBien,TOID,32,0,0,1,
dbo,TSCHEMAECLATEMENTDETAIL,,5,oidSchemaEclatementBien,TOID,32,0,0,1,
dbo,TSCHEMAECLATEMENTDETAIL,,6,pourcentage,float,8,53,0,1,
dbo,TSCHEMAECLATEMENTDETAIL,,7,pourcentage_Decimales,int,4,10,0,1,
dbo,TSCHEMAECLATEMENTDETAIL,,8,UpdDate,datetime,8,23,3,1,
dbo,TSCHEMAECLATEMENTDETAIL,,9,UpdStamp,char,16,0,0,1,
dbo,TSCHEMAECLATEMENTDETAIL,,10,UpdUser,nvarchar,48,0,0,1,
dbo,TSECTEURACTIVITE,,1,Caption,nvarchar,256,0,0,1,
dbo,TSECTEURACTIVITE,,2,code,nvarchar,256,0,0,1,
dbo,TSECTEURACTIVITE,,3,coefAssujettissement,float,8,53,0,1,
dbo,TSECTEURACTIVITE,,4,coefAssujettissement_Decimales,int,4,10,0,1,
dbo,TSECTEURACTIVITE,,5,coefTaxation,float,8,53,0,1,
dbo,TSECTEURACTIVITE,,6,coefTaxation_Decimales,int,4,10,0,1,
dbo,TSECTEURACTIVITE,,7,idOTP,int,4,10,0,1,
dbo,TSECTEURACTIVITE,,8,numeroTraitement,int,4,10,0,1,
dbo,TSECTEURACTIVITE,,9,oid,TOID,32,0,0,0,
dbo,TSECTEURACTIVITE,,10,oidCoefficientTaxationAssu,TOID,32,0,0,1,
dbo,TSECTEURACTIVITE,,11,UpdDate,datetime,8,23,3,1,
dbo,TSECTEURACTIVITE,,12,UpdStamp,char,16,0,0,1,
dbo,TSECTEURACTIVITE,,13,UpdUser,nvarchar,48,0,0,1,
dbo,TSECTEURCOMMERCIALTIERS,,1,Caption,nvarchar,256,0,0,1,
dbo,TSECTEURCOMMERCIALTIERS,,2,code,nvarchar,256,0,0,1,
dbo,TSECTEURCOMMERCIALTIERS,,3,existAffectRoleContact,bit,1,1,0,1,
dbo,TSECTEURCOMMERCIALTIERS,,4,idOTP,int,4,10,0,1,
dbo,TSECTEURCOMMERCIALTIERS,,5,oid,TOID,32,0,0,0,
dbo,TSECTEURCOMMERCIALTIERS,,6,UpdDate,datetime,8,23,3,1,
dbo,TSECTEURCOMMERCIALTIERS,,7,UpdStamp,char,16,0,0,1,
dbo,TSECTEURCOMMERCIALTIERS,,8,UpdUser,nvarchar,48,0,0,1,
dbo,TSECTIONANALYTIQUE,,1,Caption,nvarchar,256,0,0,1,
dbo,TSECTIONANALYTIQUE,,2,code,nvarchar,256,0,0,1,
dbo,TSECTIONANALYTIQUE,,3,Coherente,bit,1,1,0,1,
dbo,TSECTIONANALYTIQUE,,4,DateDetection,datetime,8,23,3,1,
dbo,TSECTIONANALYTIQUE,,5,enActivite,bit,1,1,0,1,
dbo,TSECTIONANALYTIQUE,,6,idOTP,int,4,10,0,1,
dbo,TSECTIONANALYTIQUE,,7,oid,TOID,32,0,0,0,
dbo,TSECTIONANALYTIQUE,,8,oidEspaceAnalytique,TOID,32,0,0,1,
dbo,TSECTIONANALYTIQUE,,9,Supprimable,bit,1,1,0,1,
dbo,TSECTIONANALYTIQUE,,10,UpdDate,datetime,8,23,3,1,
dbo,TSECTIONANALYTIQUE,,11,UpdStamp,char,16,0,0,1,
dbo,TSECTIONANALYTIQUE,,12,UpdUser,nvarchar,48,0,0,1,
dbo,TSECTIONANALYTIQUE,,13,Valide,bit,1,1,0,1,
dbo,TSECTIONANALYTIQUE,,14,oidClefDeversementAssurance,TOID,32,0,0,1,
dbo,TSECTIONANALYTIQUE,,15,oidCompteDeversAssurance,TOID,32,0,0,1,
dbo,TSELECTIONCOMPTE,,1,Caption,nvarchar,256,0,0,1,
dbo,TSELECTIONCOMPTE,,2,compteInferieur,nvarchar,256,0,0,1,
dbo,TSELECTIONCOMPTE,,3,compteSuperieur,nvarchar,256,0,0,1,
dbo,TSELECTIONCOMPTE,,4,idOTP,int,4,10,0,1,
dbo,TSELECTIONCOMPTE,,5,oid,TOID,32,0,0,0,
dbo,TSELECTIONCOMPTE,,6,oidRubriqueCompte,TOID,32,0,0,1,
dbo,TSELECTIONCOMPTE,,7,UpdDate,datetime,8,23,3,1,
dbo,TSELECTIONCOMPTE,,8,UpdStamp,char,16,0,0,1,
dbo,TSELECTIONCOMPTE,,9,UpdUser,nvarchar,48,0,0,1,
dbo,TSELECTIONCOMPTE,,10,sensMontant,smallint,2,5,0,1,
dbo,TSELECTIONCOMPTE,,11,typeCompte,smallint,2,5,0,1,
dbo,TSELECTIONCOMPTESECTION,,1,Caption,nvarchar,256,0,0,1,
dbo,TSELECTIONCOMPTESECTION,,2,compteInferieur,nvarchar,256,0,0,1,
dbo,TSELECTIONCOMPTESECTION,,3,compteSuperieur,nvarchar,256,0,0,1,
dbo,TSELECTIONCOMPTESECTION,,4,idOTP,int,4,10,0,1,
dbo,TSELECTIONCOMPTESECTION,,5,oid,TOID,32,0,0,0,
dbo,TSELECTIONCOMPTESECTION,,6,oidRubriqueCompteSection,TOID,32,0,0,1,
dbo,TSELECTIONCOMPTESECTION,,7,UpdDate,datetime,8,23,3,1,
dbo,TSELECTIONCOMPTESECTION,,8,UpdStamp,char,16,0,0,1,
dbo,TSELECTIONCOMPTESECTION,,9,UpdUser,nvarchar,48,0,0,1,
dbo,TSELECTIONCOMPTESECTION,,10,sensMontant,smallint,2,5,0,1,
dbo,TSELECTIONCOMPTESECTION,,11,typeCompte,smallint,2,5,0,1,
dbo,TSELECTIONHYPBUDGETAIRE,,1,Caption,nvarchar,256,0,0,1,
dbo,TSELECTIONHYPBUDGETAIRE,,2,idOTP,int,4,10,0,1,
dbo,TSELECTIONHYPBUDGETAIRE,,3,mask,nvarchar,256,0,0,1,
dbo,TSELECTIONHYPBUDGETAIRE,,4,oid,TOID,32,0,0,0,
dbo,TSELECTIONHYPBUDGETAIRE,,5,oidRubriqueHypotheseBudgetaire,TOID,32,0,0,1,
dbo,TSELECTIONHYPBUDGETAIRE,,6,UpdDate,datetime,8,23,3,1,
dbo,TSELECTIONHYPBUDGETAIRE,,7,UpdStamp,char,16,0,0,1,
dbo,TSELECTIONHYPBUDGETAIRE,,8,UpdUser,nvarchar,48,0,0,1,
dbo,TSELECTIONHYPBUDGETAIRE,,9,sensDeversement,smallint,2,5,0,1,
dbo,TSELECTIONNATURE,,1,Caption,nvarchar,256,0,0,1,
dbo,TSELECTIONNATURE,,2,idOTP,int,4,10,0,1,
dbo,TSELECTIONNATURE,,3,maskNature,nvarchar,256,0,0,1,
dbo,TSELECTIONNATURE,,4,oid,TOID,32,0,0,0,
dbo,TSELECTIONNATURE,,5,oidRubriqueNatureSection,TOID,32,0,0,1,
dbo,TSELECTIONNATURE,,6,UpdDate,datetime,8,23,3,1,
dbo,TSELECTIONNATURE,,7,UpdStamp,char,16,0,0,1,
dbo,TSELECTIONNATURE,,8,UpdUser,nvarchar,48,0,0,1,
dbo,TSELECTIONNATURE,,9,sensDeversement,smallint,2,5,0,1,
dbo,TSELECTIONNATURE,,10,sensMontant,smallint,2,5,0,1,
dbo,TSELECTIONNATURE,,11,typeCompte,smallint,2,5,0,1,
dbo,TSELECTIONPROFILTVA,,1,Caption,nvarchar,256,0,0,1,
dbo,TSELECTIONPROFILTVA,,2,idOTP,int,4,10,0,1,
dbo,TSELECTIONPROFILTVA,,3,oid,TOID,32,0,0,0,
dbo,TSELECTIONPROFILTVA,,4,oidprofilTVA,TOID,32,0,0,1,
dbo,TSELECTIONPROFILTVA,,5,oidRubriqueProfilTVA,TOID,32,0,0,1,
dbo,TSELECTIONPROFILTVA,,6,sensMontant,smallint,2,5,0,1,
dbo,TSELECTIONPROFILTVA,,7,UpdDate,datetime,8,23,3,1,
dbo,TSELECTIONPROFILTVA,,8,UpdStamp,char,16,0,0,1,
dbo,TSELECTIONPROFILTVA,,9,UpdUser,nvarchar,48,0,0,1,
dbo,TSELECTIONSECTION,,1,Caption,nvarchar,256,0,0,1,
dbo,TSELECTIONSECTION,,2,idOTP,int,4,10,0,1,
dbo,TSELECTIONSECTION,,3,maskSelection,nvarchar,256,0,0,1,
dbo,TSELECTIONSECTION,,4,oid,TOID,32,0,0,0,
dbo,TSELECTIONSECTION,,5,oidSelectionCompteSection,TOID,32,0,0,1,
dbo,TSELECTIONSECTION,,6,UpdDate,datetime,8,23,3,1,
dbo,TSELECTIONSECTION,,7,UpdStamp,char,16,0,0,1,
dbo,TSELECTIONSECTION,,8,UpdUser,nvarchar,48,0,0,1,
dbo,TSELECTIONSECTIONHYPBUDGETAIRE,,1,Caption,nvarchar,256,0,0,1,
dbo,TSELECTIONSECTIONHYPBUDGETAIRE,,2,idOTP,int,4,10,0,1,
dbo,TSELECTIONSECTIONHYPBUDGETAIRE,,3,maskSection,nvarchar,256,0,0,1,
dbo,TSELECTIONSECTIONHYPBUDGETAIRE,,4,oid,TOID,32,0,0,0,
dbo,TSELECTIONSECTIONHYPBUDGETAIRE,,5,oidSelectionHypBudgetaire,TOID,32,0,0,1,
dbo,TSELECTIONSECTIONHYPBUDGETAIRE,,6,UpdDate,datetime,8,23,3,1,
dbo,TSELECTIONSECTIONHYPBUDGETAIRE,,7,UpdStamp,char,16,0,0,1,
dbo,TSELECTIONSECTIONHYPBUDGETAIRE,,8,UpdUser,nvarchar,48,0,0,1,
dbo,TSELECTIONSECTION_NATURE,,1,Caption,nvarchar,256,0,0,1,
dbo,TSELECTIONSECTION_NATURE,,2,idOTP,int,4,10,0,1,
dbo,TSELECTIONSECTION_NATURE,,3,maskSection,nvarchar,256,0,0,1,
dbo,TSELECTIONSECTION_NATURE,,4,oid,TOID,32,0,0,0,
dbo,TSELECTIONSECTION_NATURE,,5,oidSelectionNature,TOID,32,0,0,1,
dbo,TSELECTIONSECTION_NATURE,,6,UpdDate,datetime,8,23,3,1,
dbo,TSELECTIONSECTION_NATURE,,7,UpdStamp,char,16,0,0,1,
dbo,TSELECTIONSECTION_NATURE,,8,UpdUser,nvarchar,48,0,0,1,
dbo,TSERVICE,,1,Caption,nvarchar,256,0,0,1,
dbo,TSERVICE,,2,code,nvarchar,256,0,0,1,
dbo,TSERVICE,,3,idOTP,int,4,10,0,1,
dbo,TSERVICE,,4,oid,TOID,32,0,0,0,
dbo,TSERVICE,,5,oidresponsable,TOID,32,0,0,1,
dbo,TSERVICE,,6,UpdDate,datetime,8,23,3,1,
dbo,TSERVICE,,7,UpdStamp,char,16,0,0,1,
dbo,TSERVICE,,8,UpdUser,nvarchar,48,0,0,1,
dbo,TSERVICE,,9,oidNatureValidationDemandeur,TOID,32,0,0,1,
dbo,TSERVICE,,10,oidNatureValidCommerciale,TOID,32,0,0,1,
dbo,TSERVICE,,11,oidCategorieFraisSalarie,TOID,32,0,0,1,
dbo,TSERVICE,,12,oidNatureValidationNF,TOID,32,0,0,1,
dbo,TSERVICEBANCAIRE,,1,Caption,nvarchar,256,0,0,1,
dbo,TSERVICEBANCAIRE,,2,code,nvarchar,256,0,0,1,
dbo,TSERVICEBANCAIRE,,3,idOTP,int,4,10,0,1,
dbo,TSERVICEBANCAIRE,,4,oid,TOID,32,0,0,0,
dbo,TSERVICEBANCAIRE,,5,oidAdresse,TOID,32,0,0,1,
dbo,TSERVICEBANCAIRE,,6,oidAgenceBancaire,TOID,32,0,0,1,
dbo,TSERVICEBANCAIRE,,7,oidBanque,TOID,32,0,0,1,
dbo,TSERVICEBANCAIRE,,8,oidContactPrivilegie,TOID,32,0,0,1,
dbo,TSERVICEBANCAIRE,,9,UpdDate,datetime,8,23,3,1,
dbo,TSERVICEBANCAIRE,,10,UpdStamp,char,16,0,0,1,
dbo,TSERVICEBANCAIRE,,11,UpdUser,nvarchar,48,0,0,1,
dbo,TSESSIONIMPORT,,1,Caption,nvarchar,256,0,0,1,
dbo,TSESSIONIMPORT,,2,creerSections,bit,1,1,0,1,
dbo,TSESSIONIMPORT,,3,dateDuJour,bit,1,1,0,1,
dbo,TSESSIONIMPORT,,4,dateImport,datetime,8,23,3,1,
dbo,TSESSIONIMPORT,,5,dateLot,datetime,8,23,3,1,
dbo,TSESSIONIMPORT,,6,descriptifImport,nvarchar,256,0,0,1,
dbo,TSESSIONIMPORT,,7,etat,smallint,2,5,0,1,
dbo,TSESSIONIMPORT,,8,etatSession,smallint,2,5,0,1,
dbo,TSESSIONIMPORT,,9,fichierImport,nvarchar,256,0,0,1,
dbo,TSESSIONIMPORT,,10,genereEcheances,bit,1,1,0,1,
dbo,TSESSIONIMPORT,,11,generePieceAnalytique,bit,1,1,0,1,
dbo,TSESSIONIMPORT,,12,historisation,bit,1,1,0,1,
dbo,TSESSIONIMPORT,,13,idOTP,int,4,10,0,1,
dbo,TSESSIONIMPORT,,14,LogImport,nvarchar,-1,0,0,1,
dbo,TSESSIONIMPORT,,15,NaturePiece,smallint,2,5,0,1,
dbo,TSESSIONIMPORT,,16,noMAJCumuls,bit,1,1,0,1,
dbo,TSESSIONIMPORT,,17,noTraitement,int,4,10,0,1,
dbo,TSESSIONIMPORT,,18,oid,TOID,32,0,0,0,
dbo,TSESSIONIMPORT,,19,oidoperateur,TOID,32,0,0,1,
dbo,TSESSIONIMPORT,,20,oidsociete,TOID,32,0,0,1,
dbo,TSESSIONIMPORT,,21,oidticket,TOID,32,0,0,1,
dbo,TSESSIONIMPORT,,22,origineSession,smallint,2,5,0,1,
dbo,TSESSIONIMPORT,,23,RectifierProrata,bit,1,1,0,1,
dbo,TSESSIONIMPORT,,24,ruptureReferenceEcriture,bit,1,1,0,1,
dbo,TSESSIONIMPORT,,25,traitementUnitaire,bit,1,1,0,1,
dbo,TSESSIONIMPORT,,26,TraiterNaturePiece,bit,1,1,0,1,
dbo,TSESSIONIMPORT,,27,typeLot,smallint,2,5,0,1,
dbo,TSESSIONIMPORT,,28,TypeSession,smallint,2,5,0,1,
dbo,TSESSIONIMPORT,,29,UpdDate,datetime,8,23,3,1,
dbo,TSESSIONIMPORT,,30,UpdStamp,char,16,0,0,1,
dbo,TSESSIONIMPORT,,31,UpdUser,nvarchar,48,0,0,1,
dbo,TSESSIONIMPORT,,32,datePeriode,datetime,8,23,3,1,
dbo,TSESSIONIMPORT,,33,numeroTraitement,int,4,10,0,1,
dbo,TSESSIONIMPORT,,34,oidSchemaAmortissement,TOID,32,0,0,1,
dbo,TSESSIONIMPORT,,35,typeOperationImmo,smallint,2,5,0,1,
dbo,TSESSIONIMPORT,,36,oidAxeAnalytique,TOID,32,0,0,1,
dbo,TSESSIONIMPORT,,37,oidCompteEquilibre,TOID,32,0,0,1,
dbo,TSESSIONIMPORT,,38,oidCompteVirement,TOID,32,0,0,1,
dbo,TSESSIONIMPORT,,39,oidEtablissement,TOID,32,0,0,1,
dbo,TSESSIONIMPORT,,40,oidParametresImport,TOID,32,0,0,1,
dbo,TSESSIONIMPORT,,41,TraiterCompteVirement,bit,1,1,0,1,
dbo,TSESSIONIMPORTATION,,1,Caption,nvarchar,256,0,0,1,
dbo,TSESSIONIMPORTATION,,2,dateImport,datetime,8,23,3,1,
dbo,TSESSIONIMPORTATION,,3,descriptifImport,nvarchar,256,0,0,1,
dbo,TSESSIONIMPORTATION,,4,etatSession,smallint,2,5,0,1,
dbo,TSESSIONIMPORTATION,,5,fichierImport,nvarchar,512,0,0,1,
dbo,TSESSIONIMPORTATION,,6,idLogTnx,nvarchar,256,0,0,1,
dbo,TSESSIONIMPORTATION,,7,idOTP,int,4,10,0,1,
dbo,TSESSIONIMPORTATION,,8,logImport,nvarchar,-1,0,0,1,
dbo,TSESSIONIMPORTATION,,9,motifRefus,nvarchar,256,0,0,1,
dbo,TSESSIONIMPORTATION,,10,noTraitement,int,4,10,0,1,
dbo,TSESSIONIMPORTATION,,11,oid,TOID,32,0,0,0,
dbo,TSESSIONIMPORTATION,,12,oidOperateur,TOID,32,0,0,1,
dbo,TSESSIONIMPORTATION,,13,oidParametreImport,TOID,32,0,0,1,
dbo,TSESSIONIMPORTATION,,14,oidSociete,TOID,32,0,0,1,
dbo,TSESSIONIMPORTATION,,15,oidTicket,TOID,32,0,0,1,
dbo,TSESSIONIMPORTATION,,16,refuse,bit,1,1,0,1,
dbo,TSESSIONIMPORTATION,,17,UpdDate,datetime,8,23,3,1,
dbo,TSESSIONIMPORTATION,,18,UpdStamp,char,16,0,0,1,
dbo,TSESSIONIMPORTATION,,19,UpdUser,nvarchar,48,0,0,1,
dbo,TSESSIONIMPORTATION,,20,oidinventaire,TOID,32,0,0,1,
dbo,TSESSIONIMPORTATION,,21,modeIntegration,smallint,2,5,0,1,
dbo,TSESSIONIMPORTATION,,22,NatureTiers,smallint,2,5,0,1,
dbo,TSESSIONIMPORTATION,,23,calculerBudgetTreso,bit,1,1,0,1,
dbo,TSESSIONIMPORTATION,,24,coefDepense,float,8,53,0,1,
dbo,TSESSIONIMPORTATION,,25,coefDepense_Decimales,int,4,10,0,1,
dbo,TSESSIONIMPORTATION,,26,coefRecette,float,8,53,0,1,
dbo,TSESSIONIMPORTATION,,27,coefRecette_Decimales,int,4,10,0,1,
dbo,TSESSIONIMPORTATION,,28,oidHypotheseBudgetaire,TOID,32,0,0,1,
dbo,TSESSIONIMPORTPARAMETRAGE,,1,Caption,nvarchar,256,0,0,1,
dbo,TSESSIONIMPORTPARAMETRAGE,,2,dateImport,datetime,8,23,3,1,
dbo,TSESSIONIMPORTPARAMETRAGE,,3,idOTP,int,4,10,0,1,
dbo,TSESSIONIMPORTPARAMETRAGE,,4,oid,TOID,32,0,0,0,
dbo,TSESSIONIMPORTPARAMETRAGE,,5,rapport,nvarchar,-1,0,0,1,
dbo,TSESSIONIMPORTPARAMETRAGE,,6,UpdDate,datetime,8,23,3,1,
dbo,TSESSIONIMPORTPARAMETRAGE,,7,UpdStamp,char,16,0,0,1,
dbo,TSESSIONIMPORTPARAMETRAGE,,8,UpdUser,nvarchar,48,0,0,1,
dbo,TSEUILBALANCEPAIEMENT,,1,Caption,nvarchar,256,0,0,1,
dbo,TSEUILBALANCEPAIEMENT,,2,idOTP,int,4,10,0,1,
dbo,TSEUILBALANCEPAIEMENT,,3,Montant,money,8,19,4,1,
dbo,TSEUILBALANCEPAIEMENT,,4,Montant_CodeDevise,nvarchar,6,0,0,1,
dbo,TSEUILBALANCEPAIEMENT,,5,Montant_Date,datetime,8,23,3,1,
dbo,TSEUILBALANCEPAIEMENT,,6,Montant_TCConv,nvarchar,256,0,0,1,
dbo,TSEUILBALANCEPAIEMENT,,7,Montant_TCValue,money,8,19,4,1,
dbo,TSEUILBALANCEPAIEMENT,,8,Montant_RPConv,nvarchar,256,0,0,1,
dbo,TSEUILBALANCEPAIEMENT,,9,Montant_RPValue,money,8,19,4,1,
dbo,TSEUILBALANCEPAIEMENT,,10,oid,TOID,32,0,0,0,
dbo,TSEUILBALANCEPAIEMENT,,11,UpdDate,datetime,8,23,3,1,
dbo,TSEUILBALANCEPAIEMENT,,12,UpdStamp,char,16,0,0,1,
dbo,TSEUILBALANCEPAIEMENT,,13,UpdUser,nvarchar,48,0,0,1,
dbo,TSEUILECARTREGLEMENT,,1,Caption,nvarchar,256,0,0,1,
dbo,TSEUILECARTREGLEMENT,,2,idOTP,int,4,10,0,1,
dbo,TSEUILECARTREGLEMENT,,3,oid,TOID,32,0,0,0,
dbo,TSEUILECARTREGLEMENT,,4,oidCodeSeuilEcartReglement,TOID,32,0,0,1,
dbo,TSEUILECARTREGLEMENT,,5,pourcentageEcart,float,8,53,0,1,
dbo,TSEUILECARTREGLEMENT,,6,pourcentageEcart_Decimales,int,4,10,0,1,
dbo,TSEUILECARTREGLEMENT,,7,seuil,money,8,19,4,1,
dbo,TSEUILECARTREGLEMENT,,8,seuil_CodeDevise,nvarchar,6,0,0,1,
dbo,TSEUILECARTREGLEMENT,,9,UpdDate,datetime,8,23,3,1,
dbo,TSEUILECARTREGLEMENT,,10,UpdStamp,char,16,0,0,1,
dbo,TSEUILECARTREGLEMENT,,11,UpdUser,nvarchar,48,0,0,1,
dbo,TSEUILKILOMETRIQUE,,1,Caption,nvarchar,256,0,0,1,
dbo,TSEUILKILOMETRIQUE,,2,coefficient,float,8,53,0,1,
dbo,TSEUILKILOMETRIQUE,,3,coefficient_Decimales,int,4,10,0,1,
dbo,TSEUILKILOMETRIQUE,,4,idOTP,int,4,10,0,1,
dbo,TSEUILKILOMETRIQUE,,5,oid,TOID,32,0,0,0,
dbo,TSEUILKILOMETRIQUE,,6,oidBaremeKilometrique,TOID,32,0,0,1,
dbo,TSEUILKILOMETRIQUE,,7,seuilKm,int,4,10,0,1,
dbo,TSEUILKILOMETRIQUE,,8,UpdDate,datetime,8,23,3,1,
dbo,TSEUILKILOMETRIQUE,,9,UpdStamp,char,16,0,0,1,
dbo,TSEUILKILOMETRIQUE,,10,UpdUser,nvarchar,48,0,0,1,
dbo,TSEUILQUOTATPERIODE,,1,Caption,nvarchar,256,0,0,1,
dbo,TSEUILQUOTATPERIODE,,2,idOTP,int,4,10,0,1,
dbo,TSEUILQUOTATPERIODE,,3,oid,TOID,32,0,0,0,
dbo,TSEUILQUOTATPERIODE,,4,oidEtapeEcheance,TOID,32,0,0,1,
dbo,TSEUILQUOTATPERIODE,,5,oidQuotatPeriode,TOID,32,0,0,1,
dbo,TSEUILQUOTATPERIODE,,6,plafond,money,8,19,4,1,
dbo,TSEUILQUOTATPERIODE,,7,position,int,4,10,0,1,
dbo,TSEUILQUOTATPERIODE,,8,UpdDate,datetime,8,23,3,1,
dbo,TSEUILQUOTATPERIODE,,9,UpdStamp,char,16,0,0,1,
dbo,TSEUILQUOTATPERIODE,,10,UpdUser,nvarchar,48,0,0,1,
dbo,TSITE,,1,assujettiTaxeSalaire,bit,1,1,0,1,
dbo,TSITE,,2,Caption,nvarchar,256,0,0,1,
dbo,TSITE,,3,code,nvarchar,256,0,0,1,
dbo,TSITE,,4,codeDUNS,nvarchar,256,0,0,1,
dbo,TSITE,,5,codeEORI,nvarchar,256,0,0,1,
dbo,TSITE,,6,codeGLN,nvarchar,256,0,0,1,
dbo,TSITE,,7,codeNIC,nvarchar,256,0,0,1,
dbo,TSITE,,8,codeSIRET,nvarchar,256,0,0,1,
dbo,TSITE,,9,commentaire,nvarchar,-1,0,0,1,
dbo,TSITE,,10,estAdministratif,bit,1,1,0,1,
dbo,TSITE,,11,estLivraison,bit,1,1,0,1,
dbo,TSITE,,12,estSiteSociete,bit,1,1,0,1,
dbo,TSITE,,13,idOTP,int,4,10,0,1,
dbo,TSITE,,14,numeroCofaceSCRL,nvarchar,256,0,0,1,
dbo,TSITE,,15,oid,TOID,32,0,0,0,
dbo,TSITE,,16,oidAdresse,TOID,32,0,0,1,
dbo,TSITE,,17,oidCodificationAPE,TOID,32,0,0,1,
dbo,TSITE,,18,oidDepotPrivilegie,TOID,32,0,0,1,
dbo,TSITE,,19,oidinterlocuteurPrivilegie,TOID,32,0,0,1,
dbo,TSITE,,20,oidLangue,TOID,32,0,0,1,
dbo,TSITE,,21,oidSiteCommerciale,TOID,32,0,0,1,
dbo,TSITE,,22,oidTerritorialiteTaxe,TOID,32,0,0,1,
dbo,TSITE,,23,oidTiers,TOID,32,0,0,1,
dbo,TSITE,,24,UpdDate,datetime,8,23,3,1,
dbo,TSITE,,25,UpdStamp,char,16,0,0,1,
dbo,TSITE,,26,UpdUser,nvarchar,48,0,0,1,
dbo,TSITE,,27,auteurCertificat,nvarchar,256,0,0,1,
dbo,TSITE,,28,complementLigne,bit,1,1,0,1,
dbo,TSITE,,29,complementPiece,bit,1,1,0,1,
dbo,TSITE,,30,emetteurCertificat,nvarchar,256,0,0,1,
dbo,TSITE,,31,motifCertificat,nvarchar,256,0,0,1,
dbo,TSITE,,32,noSerieCertifcat,nvarchar,256,0,0,1,
dbo,TSITECOMMERCIALE,,1,actif,bit,1,1,0,1,
dbo,TSITECOMMERCIALE,,2,Caption,nvarchar,256,0,0,1,
dbo,TSITECOMMERCIALE,,3,code,nvarchar,256,0,0,1,
dbo,TSITECOMMERCIALE,,4,conserverReliquat,bit,1,1,0,1,
dbo,TSITECOMMERCIALE,,5,idOTP,int,4,10,0,1,
dbo,TSITECOMMERCIALE,,6,livraisonPartielleAcceptee,bit,1,1,0,1,
dbo,TSITECOMMERCIALE,,7,livraisonPartielleReliquat,bit,1,1,0,1,
dbo,TSITECOMMERCIALE,,8,oid,TOID,32,0,0,0,
dbo,TSITECOMMERCIALE,,9,oidAdresse,TOID,32,0,0,1,
dbo,TSITECOMMERCIALE,,10,oidJourAtelier,TOID,32,0,0,1,
dbo,TSITECOMMERCIALE,,11,oidjourExpedition,TOID,32,0,0,1,
dbo,TSITECOMMERCIALE,,12,oidJourFerie,TOID,32,0,0,1,
dbo,TSITECOMMERCIALE,,13,oidjourReception,TOID,32,0,0,1,
dbo,TSITECOMMERCIALE,,14,oidSite,TOID,32,0,0,1,
dbo,TSITECOMMERCIALE,,15,oidTiers,TOID,32,0,0,1,
dbo,TSITECOMMERCIALE,,16,PourcentAccepteReliquat,int,4,10,0,1,
dbo,TSITECOMMERCIALE,,17,RegroupementLivraison,smallint,2,5,0,1,
dbo,TSITECOMMERCIALE,,18,UpdDate,datetime,8,23,3,1,
dbo,TSITECOMMERCIALE,,19,UpdStamp,char,16,0,0,1,
dbo,TSITECOMMERCIALE,,20,UpdUser,nvarchar,48,0,0,1,
dbo,TSITECOMMERCIALE,,21,commentaire,nvarchar,-1,0,0,1,
dbo,TSITECOMMERCIALE,,22,dateDernierInventaire,datetime,8,23,3,1,
dbo,TSITESOCIETEDEPOT,,1,Caption,nvarchar,256,0,0,1,
dbo,TSITESOCIETEDEPOT,,2,idOTP,int,4,10,0,1,
dbo,TSITESOCIETEDEPOT,,3,oid,TOID,32,0,0,0,
dbo,TSITESOCIETEDEPOT,,4,oidDepot,TOID,32,0,0,1,
dbo,TSITESOCIETEDEPOT,,5,oidSiteSociete,TOID,32,0,0,1,
dbo,TSITESOCIETEDEPOT,,6,UpdDate,datetime,8,23,3,1,
dbo,TSITESOCIETEDEPOT,,7,UpdStamp,char,16,0,0,1,
dbo,TSITESOCIETEDEPOT,,8,UpdUser,nvarchar,48,0,0,1,
dbo,TSITESOCIETEDEPOT,,9,utiliseAchat,bit,1,1,0,1,
dbo,TSITESOCIETEDEPOT,,10,utiliseVente,bit,1,1,0,1,
dbo,TSOCIETEFAMILLE,,1,Caption,nvarchar,256,0,0,1,
dbo,TSOCIETEFAMILLE,,2,idOTP,int,4,10,0,1,
dbo,TSOCIETEFAMILLE,,3,oid,TOID,32,0,0,0,
dbo,TSOCIETEFAMILLE,,4,oidFamilleSociete,TOID,32,0,0,1,
dbo,TSOCIETEFAMILLE,,5,oidSocieteTresorerie,TOID,32,0,0,1,
dbo,TSOCIETEFAMILLE,,6,UpdDate,datetime,8,23,3,1,
dbo,TSOCIETEFAMILLE,,7,UpdStamp,char,16,0,0,1,
dbo,TSOCIETEFAMILLE,,8,UpdUser,nvarchar,48,0,0,1,
dbo,TSOCIETEOPERATEUR,,1,Caption,nvarchar,256,0,0,1,
dbo,TSOCIETEOPERATEUR,,2,idOTP,int,4,10,0,1,
dbo,TSOCIETEOPERATEUR,,3,oid,TOID,32,0,0,0,
dbo,TSOCIETEOPERATEUR,,4,oidContactEtablissement,TOID,32,0,0,1,
dbo,TSOCIETEOPERATEUR,,5,oidInterlocuteurSociete,TOID,32,0,0,1,
dbo,TSOCIETEOPERATEUR,,6,oidSite,TOID,32,0,0,1,
dbo,TSOCIETEOPERATEUR,,7,oidTiersSociete,TOID,32,0,0,1,
dbo,TSOCIETEOPERATEUR,,8,UpdDate,datetime,8,23,3,1,
dbo,TSOCIETEOPERATEUR,,9,UpdStamp,char,16,0,0,1,
dbo,TSOCIETEOPERATEUR,,10,UpdUser,nvarchar,48,0,0,1,
dbo,TSOCIETEOPERATEUR,,11,controleDateAcquisition,smallint,2,5,0,1,
dbo,TSOLDE,,1,asDate,datetime,8,23,3,1,
dbo,TSOLDE,,2,asMontant,money,8,19,4,1,
dbo,TSOLDE,,3,asMontant_CodeDevise,nvarchar,6,0,0,1,
dbo,TSOLDE,,4,asSens,smallint,2,5,0,1,
dbo,TSOLDE,,5,Caption,nvarchar,256,0,0,1,
dbo,TSOLDE,,6,dateReception,datetime,8,23,3,1,
dbo,TSOLDE,,7,empreinte,nvarchar,256,0,0,1,
dbo,TSOLDE,,8,estADupliquer,bit,1,1,0,1,
dbo,TSOLDE,,9,estGroupe,bit,1,1,0,1,
dbo,TSOLDE,,10,fsDate,datetime,8,23,3,1,
dbo,TSOLDE,,11,fsMontant,money,8,19,4,1,
dbo,TSOLDE,,12,fsMontant_CodeDevise,nvarchar,6,0,0,1,
dbo,TSOLDE,,13,fsSens,smallint,2,5,0,1,
dbo,TSOLDE,,14,idOTP,int,4,10,0,1,
dbo,TSOLDE,,15,Modifie,bit,1,1,0,1,
dbo,TSOLDE,,16,nsDate,datetime,8,23,3,1,
dbo,TSOLDE,,17,nsMontant,money,8,19,4,1,
dbo,TSOLDE,,18,nsMontant_CodeDevise,nvarchar,6,0,0,1,
dbo,TSOLDE,,19,nsSens,smallint,2,5,0,1,
dbo,TSOLDE,,20,numeroReleve,int,4,10,0,1,
dbo,TSOLDE,,21,oid,TOID,32,0,0,0,
dbo,TSOLDE,,22,oidCompteBancaire,TOID,32,0,0,1,
dbo,TSOLDE,,23,oiddevise,TOID,32,0,0,1,
dbo,TSOLDE,,24,referenceImport,nvarchar,256,0,0,1,
dbo,TSOLDE,,25,referenceReleve,nvarchar,256,0,0,1,
dbo,TSOLDE,,26,Saisie,bit,1,1,0,1,
dbo,TSOLDE,,27,suspens,bit,1,1,0,1,
dbo,TSOLDE,,28,typeCodification,smallint,2,5,0,1,
dbo,TSOLDE,,29,UpdDate,datetime,8,23,3,1,
dbo,TSOLDE,,30,UpdStamp,char,16,0,0,1,
dbo,TSOLDE,,31,UpdUser,nvarchar,48,0,0,1,
dbo,TSOLDE,,32,vsDate,datetime,8,23,3,1,
dbo,TSOLDE,,33,vsMontant,money,8,19,4,1,
dbo,TSOLDE,,34,vsMontant_CodeDevise,nvarchar,6,0,0,1,
dbo,TSOLDE,,35,vsSens,smallint,2,5,0,1,
dbo,TSOMMESADECLARERDAS2,,1,Allocation,money,8,19,4,1,
dbo,TSOMMESADECLARERDAS2,,2,Allocation_CodeDevise,nvarchar,6,0,0,1,
dbo,TSOMMESADECLARERDAS2,,3,Anomalie,bit,1,1,0,1,
dbo,TSOMMESADECLARERDAS2,,4,AutreAvantage,money,8,19,4,1,
dbo,TSOMMESADECLARERDAS2,,5,AutreAvantage_CodeDevise,nvarchar,6,0,0,1,
dbo,TSOMMESADECLARERDAS2,,6,AutresRemunerations,money,8,19,4,1,
dbo,TSOMMESADECLARERDAS2,,7,AutresRemunerations_CodeDevise,nvarchar,6,0,0,1,
dbo,TSOMMESADECLARERDAS2,,8,AvantageEnNature,money,8,19,4,1,
dbo,TSOMMESADECLARERDAS2,,9,AvantageEnNature_CodeDevise,nvarchar,6,0,0,1,
dbo,TSOMMESADECLARERDAS2,,10,Caption,nvarchar,256,0,0,1,
dbo,TSOMMESADECLARERDAS2,,11,codeAvantagesNature,nvarchar,256,0,0,1,
dbo,TSOMMESADECLARERDAS2,,12,codeIndemnites,nvarchar,256,0,0,1,
dbo,TSOMMESADECLARERDAS2,,13,Commissions,money,8,19,4,1,
dbo,TSOMMESADECLARERDAS2,,14,Commissions_CodeDevise,nvarchar,6,0,0,1,
dbo,TSOMMESADECLARERDAS2,,15,Courtage,money,8,19,4,1,
dbo,TSOMMESADECLARERDAS2,,16,Courtage_CodeDevise,nvarchar,6,0,0,1,
dbo,TSOMMESADECLARERDAS2,,17,DateReglement,datetime,8,23,3,1,
dbo,TSOMMESADECLARERDAS2,,18,DroitsAuteur,money,8,19,4,1,
dbo,TSOMMESADECLARERDAS2,,19,DroitsAuteur_CodeDevise,nvarchar,6,0,0,1,
dbo,TSOMMESADECLARERDAS2,,20,DroitsInventateur,money,8,19,4,1,
dbo,TSOMMESADECLARERDAS2,,21,DroitsInventateur_CodeDevise,nvarchar,6,0,0,1,
dbo,TSOMMESADECLARERDAS2,,22,estRegularise,bit,1,1,0,1,
dbo,TSOMMESADECLARERDAS2,,23,HonorairesVacations,money,8,19,4,1,
dbo,TSOMMESADECLARERDAS2,,24,HonorairesVacations_CodeDevise,nvarchar,6,0,0,1,
dbo,TSOMMESADECLARERDAS2,,25,idOTP,int,4,10,0,1,
dbo,TSOMMESADECLARERDAS2,,26,IndemniteRembourse,money,8,19,4,1,
dbo,TSOMMESADECLARERDAS2,,27,IndemniteRembourse_CodeDevise,nvarchar,6,0,0,1,
dbo,TSOMMESADECLARERDAS2,,28,JetonsDePresence,money,8,19,4,1,
dbo,TSOMMESADECLARERDAS2,,29,JetonsDePresence_CodeDevise,nvarchar,6,0,0,1,
dbo,TSOMMESADECLARERDAS2,,30,Logement,money,8,19,4,1,
dbo,TSOMMESADECLARERDAS2,,31,Logement_CodeDevise,nvarchar,6,0,0,1,
dbo,TSOMMESADECLARERDAS2,,32,MontantNonSoumis,money,8,19,4,1,
dbo,TSOMMESADECLARERDAS2,,33,MontantNonSoumis_CodeDevise,nvarchar,6,0,0,1,
dbo,TSOMMESADECLARERDAS2,,34,nonDeclare,bit,1,1,0,1,
dbo,TSOMMESADECLARERDAS2,,35,Nourriture,money,8,19,4,1,
dbo,TSOMMESADECLARERDAS2,,36,Nourriture_CodeDevise,nvarchar,6,0,0,1,
dbo,TSOMMESADECLARERDAS2,,37,NTIC,money,8,19,4,1,
dbo,TSOMMESADECLARERDAS2,,38,NTIC_CodeDevise,nvarchar,6,0,0,1,
dbo,TSOMMESADECLARERDAS2,,39,oid,TOID,32,0,0,0,
dbo,TSOMMESADECLARERDAS2,,40,oidDeclarationDAS2,TOID,32,0,0,1,
dbo,TSOMMESADECLARERDAS2,,41,oidEcheance,TOID,32,0,0,1,
dbo,TSOMMESADECLARERDAS2,,42,oidetablissement,TOID,32,0,0,1,
dbo,TSOMMESADECLARERDAS2,,43,oidRoleTiers,TOID,32,0,0,1,
dbo,TSOMMESADECLARERDAS2,,44,oidSommeRegularise,TOID,32,0,0,1,
dbo,TSOMMESADECLARERDAS2,,45,PriseEnCharge,money,8,19,4,1,
dbo,TSOMMESADECLARERDAS2,,46,PriseEnCharge_CodeDevise,nvarchar,6,0,0,1,
dbo,TSOMMESADECLARERDAS2,,47,Remboursements,money,8,19,4,1,
dbo,TSOMMESADECLARERDAS2,,48,Remboursements_CodeDevise,nvarchar,6,0,0,1,
dbo,TSOMMESADECLARERDAS2,,49,RetenueALaSource,money,8,19,4,1,
dbo,TSOMMESADECLARERDAS2,,50,RetenueALaSource_CodeDevise,nvarchar,6,0,0,1,
dbo,TSOMMESADECLARERDAS2,,51,Ristournes,money,8,19,4,1,
dbo,TSOMMESADECLARERDAS2,,52,Ristournes_CodeDevise,nvarchar,6,0,0,1,
dbo,TSOMMESADECLARERDAS2,,53,TVANette,money,8,19,4,1,
dbo,TSOMMESADECLARERDAS2,,54,TVANette_CodeDevise,nvarchar,6,0,0,1,
dbo,TSOMMESADECLARERDAS2,,55,typeLigneDAS2,smallint,2,5,0,1,
dbo,TSOMMESADECLARERDAS2,,56,UpdDate,datetime,8,23,3,1,
dbo,TSOMMESADECLARERDAS2,,57,UpdStamp,char,16,0,0,1,
dbo,TSOMMESADECLARERDAS2,,58,UpdUser,nvarchar,48,0,0,1,
dbo,TSOMMESADECLARERDAS2,,59,Voiture,money,8,19,4,1,
dbo,TSOMMESADECLARERDAS2,,60,Voiture_CodeDevise,nvarchar,6,0,0,1,
dbo,TSOURCEENERGIE,,1,Caption,nvarchar,256,0,0,1,
dbo,TSOURCEENERGIE,,2,code,nvarchar,256,0,0,1,
dbo,TSOURCEENERGIE,,3,idOTP,int,4,10,0,1,
dbo,TSOURCEENERGIE,,4,natureEnergie,smallint,2,5,0,1,
dbo,TSOURCEENERGIE,,5,oid,TOID,32,0,0,0,
dbo,TSOURCEENERGIE,,6,UpdDate,datetime,8,23,3,1,
dbo,TSOURCEENERGIE,,7,UpdStamp,char,16,0,0,1,
dbo,TSOURCEENERGIE,,8,UpdUser,nvarchar,48,0,0,1,
dbo,TSOUSFAMILLEISO20022,,1,Caption,nvarchar,256,0,0,1,
dbo,TSOUSFAMILLEISO20022,,2,code,nvarchar,256,0,0,1,
dbo,TSOUSFAMILLEISO20022,,3,idOTP,int,4,10,0,1,
dbo,TSOUSFAMILLEISO20022,,4,oid,TOID,32,0,0,0,
dbo,TSOUSFAMILLEISO20022,,5,UpdDate,datetime,8,23,3,1,
dbo,TSOUSFAMILLEISO20022,,6,UpdStamp,char,16,0,0,1,
dbo,TSOUSFAMILLEISO20022,,7,UpdUser,nvarchar,48,0,0,1,
dbo,TSOUSGROUPEPOINTAGE,,1,Caption,nvarchar,256,0,0,1,
dbo,TSOUSGROUPEPOINTAGE,,2,datePointage,datetime,8,23,3,1,
dbo,TSOUSGROUPEPOINTAGE,,3,estDesequilibre,bit,1,1,0,1,
dbo,TSOUSGROUPEPOINTAGE,,4,idOTP,int,4,10,0,1,
dbo,TSOUSGROUPEPOINTAGE,,5,Lettre,nvarchar,256,0,0,1,
dbo,TSOUSGROUPEPOINTAGE,,6,oid,TOID,32,0,0,0,
dbo,TSOUSGROUPEPOINTAGE,,7,oidCompteBancaire,TOID,32,0,0,1,
dbo,TSOUSGROUPEPOINTAGE,,8,oidcompteGeneral,TOID,32,0,0,1,
dbo,TSOUSGROUPEPOINTAGE,,9,oiddevise,TOID,32,0,0,1,
dbo,TSOUSGROUPEPOINTAGE,,10,typeRapprochement,smallint,2,5,0,1,
dbo,TSOUSGROUPEPOINTAGE,,11,UpdDate,datetime,8,23,3,1,
dbo,TSOUSGROUPEPOINTAGE,,12,UpdStamp,char,16,0,0,1,
dbo,TSOUSGROUPEPOINTAGE,,13,UpdUser,nvarchar,48,0,0,1,
dbo,TSTATUTTIERS,,1,Caption,nvarchar,256,0,0,1,
dbo,TSTATUTTIERS,,2,code,nvarchar,256,0,0,1,
dbo,TSTATUTTIERS,,3,idOTP,int,4,10,0,1,
dbo,TSTATUTTIERS,,4,oid,TOID,32,0,0,0,
dbo,TSTATUTTIERS,,5,UpdDate,datetime,8,23,3,1,
dbo,TSTATUTTIERS,,6,UpdStamp,char,16,0,0,1,
dbo,TSTATUTTIERS,,7,UpdUser,nvarchar,48,0,0,1,
dbo,TSTRUCTUREBIENPHYSIQUE,,1,Caption,nvarchar,256,0,0,1,
dbo,TSTRUCTUREBIENPHYSIQUE,,2,codebarre,nvarchar,4096,0,0,1,
dbo,TSTRUCTUREBIENPHYSIQUE,,3,codebarre_code,int,4,10,0,1,
dbo,TSTRUCTUREBIENPHYSIQUE,,4,codeUnique,nvarchar,256,0,0,1,
dbo,TSTRUCTUREBIENPHYSIQUE,,5,dateMiseEnService,datetime,8,23,3,1,
dbo,TSTRUCTUREBIENPHYSIQUE,,6,descriptionComplementaire,nvarchar,256,0,0,1,
dbo,TSTRUCTUREBIENPHYSIQUE,,7,idOTP,int,4,10,0,1,
dbo,TSTRUCTUREBIENPHYSIQUE,,8,lot,nvarchar,256,0,0,1,
dbo,TSTRUCTUREBIENPHYSIQUE,,9,numeroLot,nvarchar,256,0,0,1,
dbo,TSTRUCTUREBIENPHYSIQUE,,10,numeroSerie,nvarchar,256,0,0,1,
dbo,TSTRUCTUREBIENPHYSIQUE,,11,observation,nvarchar,-1,0,0,1,
dbo,TSTRUCTUREBIENPHYSIQUE,,12,oid,TOID,32,0,0,0,
dbo,TSTRUCTUREBIENPHYSIQUE,,13,oidCategorieBienPhysique,TOID,32,0,0,1,
dbo,TSTRUCTUREBIENPHYSIQUE,,14,oidemplacement,TOID,32,0,0,1,
dbo,TSTRUCTUREBIENPHYSIQUE,,15,oidEtatBienPhysique,TOID,32,0,0,1,
dbo,TSTRUCTUREBIENPHYSIQUE,,16,oidFamilleBienPhysique,TOID,32,0,0,1,
dbo,TSTRUCTUREBIENPHYSIQUE,,17,oidMarque,TOID,32,0,0,1,
dbo,TSTRUCTUREBIENPHYSIQUE,,18,oidModele,TOID,32,0,0,1,
dbo,TSTRUCTUREBIENPHYSIQUE,,19,quantite,float,8,53,0,1,
dbo,TSTRUCTUREBIENPHYSIQUE,,20,quantite_Decimales,int,4,10,0,1,
dbo,TSTRUCTUREBIENPHYSIQUE,,21,quantite_CodeUnit,nvarchar,64,0,0,1,
dbo,TSTRUCTUREBIENPHYSIQUE,,22,refExterne,nvarchar,256,0,0,1,
dbo,TSTRUCTUREBIENPHYSIQUE,,23,UpdDate,datetime,8,23,3,1,
dbo,TSTRUCTUREBIENPHYSIQUE,,24,UpdStamp,char,16,0,0,1,
dbo,TSTRUCTUREBIENPHYSIQUE,,25,UpdUser,nvarchar,48,0,0,1,
dbo,TSTRUCTUREBIENPHYSIQUE,,26,valide,bit,1,1,0,1,
dbo,TSTRUCTUREBIENPHYSIQUE,,27,decision,smallint,2,5,0,1,
dbo,TSTRUCTUREBIENPHYSIQUE,,28,deplace,bit,1,1,0,1,
dbo,TSTRUCTUREBIENPHYSIQUE,,29,oidBienPhysique,TOID,32,0,0,1,
dbo,TSTRUCTUREBIENPHYSIQUE,,30,oidInventairePhysique,TOID,32,0,0,1,
dbo,TSTRUCTUREBIENPHYSIQUE,,31,oidreleveInventaire,TOID,32,0,0,1,
dbo,TSTRUCTUREBIENPHYSIQUE,,32,trouve,bit,1,1,0,1,
dbo,TSTRUCTUREBIENPHYSIQUE,,33,code,nvarchar,64,0,0,1,
dbo,TSTRUCTUREBIENPHYSIQUE,,34,code_CounterName,nvarchar,64,0,0,1,
dbo,TSTRUCTUREBIENPHYSIQUE,,35,dateFinGarantie,datetime,8,23,3,1,
dbo,TSTRUCTUREBIENPHYSIQUE,,36,dateFinMaintenance,datetime,8,23,3,1,
dbo,TSTRUCTUREBIENPHYSIQUE,,37,dateSortie,datetime,8,23,3,1,
dbo,TSTRUCTUREBIENPHYSIQUE,,38,infoGeoLocalisation_lat,float,8,53,0,1,
dbo,TSTRUCTUREBIENPHYSIQUE,,39,infoGeoLocalisation_long,float,8,53,0,1,
dbo,TSTRUCTUREBIENPHYSIQUE,,40,inventoriable,bit,1,1,0,1,
dbo,TSTRUCTUREBIENPHYSIQUE,,41,numContratMaintenance,nvarchar,256,0,0,1,
dbo,TSTRUCTUREBIENPHYSIQUE,,42,numeroTraitement,int,4,10,0,1,
dbo,TSTRUCTUREBIENPHYSIQUE,,43,oideclatement,TOID,32,0,0,1,
dbo,TSTRUCTUREBIENPHYSIQUE,,44,oidEnsemble,TOID,32,0,0,1,
dbo,TSTRUCTUREBIENPHYSIQUE,,45,oidPhoto,TOID,32,0,0,1,
dbo,TSTRUCTUREBIENPHYSIQUE,,46,oidPrestataireMaintenance,TOID,32,0,0,1,
dbo,TSTRUCTUREBIENPHYSIQUE,,47,oidreceptionPriviligie,TOID,32,0,0,1,
dbo,TSTRUCTUREBIENPHYSIQUE,,48,origine,smallint,2,5,0,1,
dbo,TSTRUCTUREBIENPHYSIQUE,,49,sorti,bit,1,1,0,1,
dbo,TSTRUCTURECOMPTEBANCAIRE,,1,Caption,nvarchar,256,0,0,1,
dbo,TSTRUCTURECOMPTEBANCAIRE,,2,code,nvarchar,256,0,0,1,
dbo,TSTRUCTURECOMPTEBANCAIRE,,3,idOTP,int,4,10,0,1,
dbo,TSTRUCTURECOMPTEBANCAIRE,,4,oid,TOID,32,0,0,0,
dbo,TSTRUCTURECOMPTEBANCAIRE,,5,systeme,bit,1,1,0,1,
dbo,TSTRUCTURECOMPTEBANCAIRE,,6,UpdDate,datetime,8,23,3,1,
dbo,TSTRUCTURECOMPTEBANCAIRE,,7,UpdStamp,char,16,0,0,1,
dbo,TSTRUCTURECOMPTEBANCAIRE,,8,UpdUser,nvarchar,48,0,0,1,
dbo,TSTRUCTUREPAYS,,1,Caption,nvarchar,256,0,0,1,
dbo,TSTRUCTUREPAYS,,2,idOTP,int,4,10,0,1,
dbo,TSTRUCTUREPAYS,,3,oid,TOID,32,0,0,0,
dbo,TSTRUCTUREPAYS,,4,oidPays,TOID,32,0,0,1,
dbo,TSTRUCTUREPAYS,,5,oidStructureCompteBancaire,TOID,32,0,0,1,
dbo,TSTRUCTUREPAYS,,6,UpdDate,datetime,8,23,3,1,
dbo,TSTRUCTUREPAYS,,7,UpdStamp,char,16,0,0,1,
dbo,TSTRUCTUREPAYS,,8,UpdUser,nvarchar,48,0,0,1,
dbo,TTARIFAIR,,1,aPartirDu,datetime,8,23,3,1,
dbo,TTARIFAIR,,2,Caption,nvarchar,256,0,0,1,
dbo,TTARIFAIR,,3,idOTP,int,4,10,0,1,
dbo,TTARIFAIR,,4,oid,TOID,32,0,0,0,
dbo,TTARIFAIR,,5,oidBaremeTVS,TOID,32,0,0,1,
dbo,TTARIFAIR,,6,tarifDiesel,money,8,19,4,1,
dbo,TTARIFAIR,,7,tarifDiesel_CodeDevise,nvarchar,6,0,0,1,
dbo,TTARIFAIR,,8,tarifEssence,money,8,19,4,1,
dbo,TTARIFAIR,,9,tarifEssence_CodeDevise,nvarchar,6,0,0,1,
dbo,TTARIFAIR,,10,UpdDate,datetime,8,23,3,1,
dbo,TTARIFAIR,,11,UpdStamp,char,16,0,0,1,
dbo,TTARIFAIR,,12,UpdUser,nvarchar,48,0,0,1,
dbo,TTAUXADATE,,1,Caption,nvarchar,256,0,0,1,
dbo,TTAUXADATE,,2,idOTP,int,4,10,0,1,
dbo,TTAUXADATE,,3,oid,TOID,32,0,0,0,
dbo,TTAUXADATE,,4,oidTVA,TOID,32,0,0,1,
dbo,TTAUXADATE,,5,taux,float,8,53,0,1,
dbo,TTAUXADATE,,6,taux_Decimales,int,4,10,0,1,
dbo,TTAUXADATE,,7,tDate,datetime,8,23,3,1,
dbo,TTAUXADATE,,8,UpdDate,datetime,8,23,3,1,
dbo,TTAUXADATE,,9,UpdStamp,char,16,0,0,1,
dbo,TTAUXADATE,,10,UpdUser,nvarchar,48,0,0,1,
dbo,TTAUXPRORATA,,1,Caption,nvarchar,256,0,0,1,
dbo,TTAUXPRORATA,,2,coefAdmission,float,8,53,0,1,
dbo,TTAUXPRORATA,,3,coefAdmission_Decimales,int,4,10,0,1,
dbo,TTAUXPRORATA,,4,coefAssujett,float,8,53,0,1,
dbo,TTAUXPRORATA,,5,coefAssujett_Decimales,int,4,10,0,1,
dbo,TTAUXPRORATA,,6,coefTaxation,float,8,53,0,1,
dbo,TTAUXPRORATA,,7,coefTaxation_Decimales,int,4,10,0,1,
dbo,TTAUXPRORATA,,8,Commentaire,nvarchar,256,0,0,1,
dbo,TTAUXPRORATA,,9,DateApplication,datetime,8,23,3,1,
dbo,TTAUXPRORATA,,10,idOTP,int,4,10,0,1,
dbo,TTAUXPRORATA,,11,oid,TOID,32,0,0,0,
dbo,TTAUXPRORATA,,12,oidProrataTVA,TOID,32,0,0,1,
dbo,TTAUXPRORATA,,13,Taux,float,8,53,0,1,
dbo,TTAUXPRORATA,,14,Taux_Decimales,int,4,10,0,1,
dbo,TTAUXPRORATA,,15,UpdDate,datetime,8,23,3,1,
dbo,TTAUXPRORATA,,16,UpdStamp,char,16,0,0,1,
dbo,TTAUXPRORATA,,17,UpdUser,nvarchar,48,0,0,1,
dbo,TTERRITORIALITETAXE,,1,Caption,nvarchar,256,0,0,1,
dbo,TTERRITORIALITETAXE,,2,Code,nvarchar,256,0,0,1,
dbo,TTERRITORIALITETAXE,,3,idOTP,int,4,10,0,1,
dbo,TTERRITORIALITETAXE,,4,oid,TOID,32,0,0,0,
dbo,TTERRITORIALITETAXE,,5,UpdDate,datetime,8,23,3,1,
dbo,TTERRITORIALITETAXE,,6,UpdStamp,char,16,0,0,1,
dbo,TTERRITORIALITETAXE,,7,UpdUser,nvarchar,48,0,0,1,
dbo,TTESTCOMPTEUR,,1,Caption,nvarchar,256,0,0,1,
dbo,TTESTCOMPTEUR,,2,idOTP,int,4,10,0,1,
dbo,TTESTCOMPTEUR,,3,oid,TOID,32,0,0,0,
dbo,TTESTCOMPTEUR,,4,oidcompteur,TOID,32,0,0,1,
dbo,TTESTCOMPTEUR,,5,UpdDate,datetime,8,23,3,1,
dbo,TTESTCOMPTEUR,,6,UpdStamp,char,16,0,0,1,
dbo,TTESTCOMPTEUR,,7,UpdUser,nvarchar,48,0,0,1,
dbo,TTESTMOUVEMENTCOMPTEUR,,1,Caption,nvarchar,256,0,0,1,
dbo,TTESTMOUVEMENTCOMPTEUR,,2,idOTP,int,4,10,0,1,
dbo,TTESTMOUVEMENTCOMPTEUR,,3,numero,nvarchar,64,0,0,1,
dbo,TTESTMOUVEMENTCOMPTEUR,,4,numero_CounterName,nvarchar,64,0,0,1,
dbo,TTESTMOUVEMENTCOMPTEUR,,5,oid,TOID,32,0,0,0,
dbo,TTESTMOUVEMENTCOMPTEUR,,6,UpdDate,datetime,8,23,3,1,
dbo,TTESTMOUVEMENTCOMPTEUR,,7,UpdStamp,char,16,0,0,1,
dbo,TTESTMOUVEMENTCOMPTEUR,,8,UpdUser,nvarchar,48,0,0,1,
dbo,TTICKETEDI,,1,Caption,nvarchar,256,0,0,1,
dbo,TTICKETEDI,,2,codeEtablissementFacturant,nvarchar,256,0,0,1,
dbo,TTICKETEDI,,3,codeEtablissementFacture,nvarchar,256,0,0,1,
dbo,TTICKETEDI,,4,commentaire,nvarchar,512,0,0,1,
dbo,TTICKETEDI,,5,dateActualisation,datetime,8,23,3,1,
dbo,TTICKETEDI,,6,dateDemandeAvoir,datetime,8,23,3,1,
dbo,TTICKETEDI,,7,demandeAvoir,bit,1,1,0,1,
dbo,TTICKETEDI,,8,estArchive,bit,1,1,0,1,
dbo,TTICKETEDI,,9,estDuplicata,bit,1,1,0,1,
dbo,TTICKETEDI,,10,GUID,nvarchar,256,0,0,1,
dbo,TTICKETEDI,,11,idOTP,int,4,10,0,1,
dbo,TTICKETEDI,,12,libelleRoleTiers,nvarchar,256,0,0,1,
dbo,TTICKETEDI,,13,noTraitement,int,4,10,0,1,
dbo,TTICKETEDI,,14,oid,TOID,32,0,0,0,
dbo,TTICKETEDI,,15,oidContratDemat,TOID,32,0,0,1,
dbo,TTICKETEDI,,16,oidPieceEDI,TOID,32,0,0,1,
dbo,TTICKETEDI,,17,pComptabilise,bit,1,1,0,1,
dbo,TTICKETEDI,,18,pDatePiece,datetime,8,23,3,1,
dbo,TTICKETEDI,,19,pMontantTTC,money,8,19,4,1,
dbo,TTICKETEDI,,20,pMontantTTC_CodeDevise,nvarchar,6,0,0,1,
dbo,TTICKETEDI,,21,pMontantTTC_Date,datetime,8,23,3,1,
dbo,TTICKETEDI,,22,pMontantTTC_TCConv,nvarchar,256,0,0,1,
dbo,TTICKETEDI,,23,pMontantTTC_TCValue,money,8,19,4,1,
dbo,TTICKETEDI,,24,pMontantTTC_RPConv,nvarchar,256,0,0,1,
dbo,TTICKETEDI,,25,pMontantTTC_RPValue,money,8,19,4,1,
dbo,TTICKETEDI,,26,pNoPiece,nvarchar,256,0,0,1,
dbo,TTICKETEDI,,27,referenceExterne,nvarchar,256,0,0,1,
dbo,TTICKETEDI,,28,typeDocument,smallint,2,5,0,1,
dbo,TTICKETEDI,,29,typeEchange,smallint,2,5,0,1,
dbo,TTICKETEDI,,30,UpdDate,datetime,8,23,3,1,
dbo,TTICKETEDI,,31,UpdStamp,char,16,0,0,1,
dbo,TTICKETEDI,,32,UpdUser,nvarchar,48,0,0,1,
dbo,TTICKETEDI,,33,urlFacture,nvarchar,512,0,0,1,
dbo,TTICKETEDI,,34,dateEnvoi,datetime,8,23,3,1,
dbo,TTICKETEDI,,35,statutEmission,smallint,2,5,0,1,
dbo,TTICKETEDI,,36,dateEnvoiStatut,datetime,8,23,3,1,
dbo,TTICKETEDI,,37,motifRefus,nvarchar,256,0,0,1,
dbo,TTICKETEDI,,38,oidSiteEmetteur,TOID,32,0,0,1,
dbo,TTICKETEDI,,39,oidSiteRecepteur,TOID,32,0,0,1,
dbo,TTICKETEDI,,40,statutReception,smallint,2,5,0,1,
dbo,TTIERS,,1,assujettiTVA,smallint,2,5,0,1,
dbo,TTIERS,,2,BlocageReglement,bit,1,1,0,1,
dbo,TTIERS,,3,capital,money,8,19,4,1,
dbo,TTIERS,,4,capital_CodeDevise,nvarchar,6,0,0,1,
dbo,TTIERS,,5,Caption,nvarchar,256,0,0,1,
dbo,TTIERS,,6,chiffreAffaires,money,8,19,4,1,
dbo,TTIERS,,7,chiffreAffaires_CodeDevise,nvarchar,6,0,0,1,
dbo,TTIERS,,8,code,nvarchar,510,0,0,1,
dbo,TTIERS,,9,codeSIRET,nvarchar,256,0,0,1,
dbo,TTIERS,,10,commentaire,nvarchar,-1,0,0,1,
dbo,TTIERS,,11,Compensable,bit,1,1,0,1,
dbo,TTIERS,,12,dateCapital,datetime,8,23,3,1,
dbo,TTIERS,,13,dateChiffreAffaires,datetime,8,23,3,1,
dbo,TTIERS,,14,dateCreation,datetime,8,23,3,1,
dbo,TTIERS,,15,dateDerniereMaJCoface,datetime,8,23,3,1,
dbo,TTIERS,,16,dateDernierIncident,datetime,8,23,3,1,
dbo,TTIERS,,17,dateGroupe,datetime,8,23,3,1,
dbo,TTIERS,,18,dateResultat,datetime,8,23,3,1,
dbo,TTIERS,,19,effectif,int,4,10,0,1,
dbo,TTIERS,,20,eMail,nvarchar,510,0,0,1,
dbo,TTIERS,,21,EstGroupe,bit,1,1,0,1,
dbo,TTIERS,,22,estMajInfoSolvabilite,bit,1,1,0,1,
dbo,TTIERS,,23,estTiersConfiance,bit,1,1,0,1,
dbo,TTIERS,,24,EstTiersSociete,bit,1,1,0,1,
dbo,TTIERS,,25,garanties,bit,1,1,0,1,
dbo,TTIERS,,26,identificationSEPA,nvarchar,256,0,0,1,
dbo,TTIERS,,27,idOTP,int,4,10,0,1,
dbo,TTIERS,,28,immatriculationRegistre,nvarchar,256,0,0,1,
dbo,TTIERS,,29,incidentPaiement,bit,1,1,0,1,
dbo,TTIERS,,30,Modifiable,bit,1,1,0,1,
dbo,TTIERS,,31,nom,nvarchar,510,0,0,1,
dbo,TTIERS,,32,numeroCofaceSCRL,nvarchar,256,0,0,1,
dbo,TTIERS,,33,numeroTraitement,int,4,10,0,1,
dbo,TTIERS,,34,numeroTVACEE,nvarchar,256,0,0,1,
dbo,TTIERS,,35,objetDerniereMaJCoface,nvarchar,256,0,0,1,
dbo,TTIERS,,36,oid,TOID,32,0,0,0,
dbo,TTIERS,,37,oidActivite,TOID,32,0,0,1,
dbo,TTIERS,,38,oidCentrale,TOID,32,0,0,1,
dbo,TTIERS,,39,oidCodificationAPE,TOID,32,0,0,1,
dbo,TTIERS,,40,oidCorrespondanceGroupe,TOID,32,0,0,1,
dbo,TTIERS,,41,oidCotationSolvabilite,TOID,32,0,0,1,
dbo,TTIERS,,42,oidcptBqPrivilegieDec,TOID,32,0,0,1,
dbo,TTIERS,,43,oidcptBqPrivilegieEnc,TOID,32,0,0,1,
dbo,TTIERS,,44,oidecheancementDecaissement,TOID,32,0,0,1,
dbo,TTIERS,,45,oidecheancementEncaissement,TOID,32,0,0,1,
dbo,TTIERS,,46,oidFormeJuridique,TOID,32,0,0,1,
dbo,TTIERS,,47,oidmodeReglementDecaissement,TOID,32,0,0,1,
dbo,TTIERS,,48,oidmodeReglementEncaissement,TOID,32,0,0,1,
dbo,TTIERS,,49,oidPays,TOID,32,0,0,1,
dbo,TTIERS,,50,oidRegion,TOID,32,0,0,1,
dbo,TTIERS,,51,oidRegularitePaiement,TOID,32,0,0,1,
dbo,TTIERS,,52,oidSiteSociete,TOID,32,0,0,1,
dbo,TTIERS,,53,oidStatutTiers,TOID,32,0,0,1,
dbo,TTIERS,,54,prenom,nvarchar,256,0,0,1,
dbo,TTIERS,,55,raisonSociale,nvarchar,510,0,0,1,
dbo,TTIERS,,56,resultat,money,8,19,4,1,
dbo,TTIERS,,57,resultat_CodeDevise,nvarchar,6,0,0,1,
dbo,TTIERS,,58,Supprimable,bit,1,1,0,1,
dbo,TTIERS,,59,surveillance,bit,1,1,0,1,
dbo,TTIERS,,60,typeAcceptation,smallint,2,5,0,1,
dbo,TTIERS,,61,typePersonne,smallint,2,5,0,1,
dbo,TTIERS,,62,UpdDate,datetime,8,23,3,1,
dbo,TTIERS,,63,UpdStamp,char,16,0,0,1,
dbo,TTIERS,,64,UpdUser,nvarchar,48,0,0,1,
dbo,TTIERS,,65,estMouvementeCpt,bit,1,1,0,1,
dbo,TTIERS,,66,CodeImputationFrais,smallint,2,5,0,1,
dbo,TTIERS,,67,modeReglement,smallint,2,5,0,1,
dbo,TTIERS,,68,codeDossier,nvarchar,256,0,0,1,
dbo,TTIERS,,69,NonGCF1000,bit,1,1,0,1,
dbo,TTIERS,,70,oidBaseDeDonnees,TOID,32,0,0,1,
dbo,TTIERS,,71,oidCentraleAchat,TOID,32,0,0,1,
dbo,TTIERS,,72,oidDevise,TOID,32,0,0,1,
dbo,TTIERS,,73,oidGroupeSociete,TOID,32,0,0,1,
dbo,TTIERS,,74,oidLogo,TOID,32,0,0,1,
dbo,TTIERS,,75,oidPerimetreSociete,TOID,32,0,0,1,
dbo,TTIERS,,76,oidPerimetreBudgetaireSociete,TOID,32,0,0,1,
dbo,TTIERS,,77,oidPerimetreBudSocieteSuite,TOID,32,0,0,1,
dbo,TTIERS,,78,dateComptaForcage,datetime,8,23,3,1,
dbo,TTIERS,,79,varMigration,bit,1,1,0,1,
dbo,TTIERS,,80,CA3_FRP,nvarchar,256,0,0,1,
dbo,TTIERS,,81,CA3_HORSCE,nvarchar,256,0,0,1,
dbo,TTIERS,,82,CA3_OCFI,nvarchar,256,0,0,1,
dbo,TTIERS,,83,oidCompteBancaireCA3,TOID,32,0,0,1,
dbo,TTIERS,,84,oidModeReglementCA3,TOID,32,0,0,1,
dbo,TTIERS,,85,oidrepresentantLegal,TOID,32,0,0,1,
dbo,TTIERS,,86,codeAxe,nvarchar,256,0,0,1,
dbo,TTIERS,,87,dateCumulAnalytique,datetime,8,23,3,1,
dbo,TTIERS,,88,dateCumulAuxiliaire,datetime,8,23,3,1,
dbo,TTIERS,,89,dateCumulCompte,datetime,8,23,3,1,
dbo,TTIERS,,90,auteurCertificat,nvarchar,256,0,0,1,
dbo,TTIERS,,91,emetteurCertificat,nvarchar,256,0,0,1,
dbo,TTIERS,,92,motifCertificat,nvarchar,256,0,0,1,
dbo,TTIERS,,93,noSerieCertificat,nvarchar,256,0,0,1,
dbo,TTIERSBIC,,1,Caption,nvarchar,256,0,0,1,
dbo,TTIERSBIC,,2,codeBIC,nvarchar,256,0,0,1,
dbo,TTIERSBIC,,3,dateExportation,datetime,8,23,3,1,
dbo,TTIERSBIC,,4,dateImportation,datetime,8,23,3,1,
dbo,TTIERSBIC,,5,estCodeBICValide,bit,1,1,0,1,
dbo,TTIERSBIC,,6,estImportErreur,bit,1,1,0,1,
dbo,TTIERSBIC,,7,idOTP,int,4,10,0,1,
dbo,TTIERSBIC,,8,oid,TOID,32,0,0,0,
dbo,TTIERSBIC,,9,UpdDate,datetime,8,23,3,1,
dbo,TTIERSBIC,,10,UpdStamp,char,16,0,0,1,
dbo,TTIERSBIC,,11,UpdUser,nvarchar,48,0,0,1,
dbo,TTIERSSOCIETETFAMILLESOCIE,,1,Caption,nvarchar,256,0,0,1,
dbo,TTIERSSOCIETETFAMILLESOCIE,,2,idOTP,int,4,10,0,1,
dbo,TTIERSSOCIETETFAMILLESOCIE,,3,oid,TOID,32,0,0,0,
dbo,TTIERSSOCIETETFAMILLESOCIE,,4,UpdDate,datetime,8,23,3,1,
dbo,TTIERSSOCIETETFAMILLESOCIE,,5,UpdStamp,char,16,0,0,1,
dbo,TTIERSSOCIETETFAMILLESOCIE,,6,UpdUser,nvarchar,48,0,0,1,
dbo,TTRACECOMMUNICATIONBANCAIRE,,1,Caption,nvarchar,256,0,0,1,
dbo,TTRACECOMMUNICATIONBANCAIRE,,2,fichierTrace,nvarchar,-1,0,0,1,
dbo,TTRACECOMMUNICATIONBANCAIRE,,3,idOTP,int,4,10,0,1,
dbo,TTRACECOMMUNICATIONBANCAIRE,,4,nomTrace,nvarchar,256,0,0,1,
dbo,TTRACECOMMUNICATIONBANCAIRE,,5,oid,TOID,32,0,0,0,
dbo,TTRACECOMMUNICATIONBANCAIRE,,6,oidRemiseBancaire,TOID,32,0,0,1,
dbo,TTRACECOMMUNICATIONBANCAIRE,,7,UpdDate,datetime,8,23,3,1,
dbo,TTRACECOMMUNICATIONBANCAIRE,,8,UpdStamp,char,16,0,0,1,
dbo,TTRACECOMMUNICATIONBANCAIRE,,9,UpdUser,nvarchar,48,0,0,1,
dbo,TTRANSCODAGEAIDEFISCALE,,1,Caption,nvarchar,256,0,0,1,
dbo,TTRANSCODAGEAIDEFISCALE,,2,codeOrigineAideFiscale,nvarchar,256,0,0,1,
dbo,TTRANSCODAGEAIDEFISCALE,,3,idOTP,int,4,10,0,1,
dbo,TTRANSCODAGEAIDEFISCALE,,4,oid,TOID,32,0,0,0,
dbo,TTRANSCODAGEAIDEFISCALE,,5,oidAideFiscale,TOID,32,0,0,1,
dbo,TTRANSCODAGEAIDEFISCALE,,6,oidParametreTranscodages,TOID,32,0,0,1,
dbo,TTRANSCODAGEAIDEFISCALE,,7,UpdDate,datetime,8,23,3,1,
dbo,TTRANSCODAGEAIDEFISCALE,,8,UpdStamp,char,16,0,0,1,
dbo,TTRANSCODAGEAIDEFISCALE,,9,UpdUser,nvarchar,48,0,0,1,
dbo,TTRANSCODAGEAXEANALYTIQUE,,1,Caption,nvarchar,256,0,0,1,
dbo,TTRANSCODAGEAXEANALYTIQUE,,2,codeOrigineAxeAnalytique,nvarchar,256,0,0,1,
dbo,TTRANSCODAGEAXEANALYTIQUE,,3,idOTP,int,4,10,0,1,
dbo,TTRANSCODAGEAXEANALYTIQUE,,4,oid,TOID,32,0,0,0,
dbo,TTRANSCODAGEAXEANALYTIQUE,,5,oidEspaceAnalytique,TOID,32,0,0,1,
dbo,TTRANSCODAGEAXEANALYTIQUE,,6,oidTiersSociete,TOID,32,0,0,1,
dbo,TTRANSCODAGEAXEANALYTIQUE,,7,UpdDate,datetime,8,23,3,1,
dbo,TTRANSCODAGEAXEANALYTIQUE,,8,UpdStamp,char,16,0,0,1,
dbo,TTRANSCODAGEAXEANALYTIQUE,,9,UpdUser,nvarchar,48,0,0,1,
dbo,TTRANSCODAGECATEGORIE,,1,Caption,nvarchar,256,0,0,1,
dbo,TTRANSCODAGECATEGORIE,,2,codeCategorieOrigine,nvarchar,256,0,0,1,
dbo,TTRANSCODAGECATEGORIE,,3,idOTP,int,4,10,0,1,
dbo,TTRANSCODAGECATEGORIE,,4,oid,TOID,32,0,0,0,
dbo,TTRANSCODAGECATEGORIE,,5,oidCategorie,TOID,32,0,0,1,
dbo,TTRANSCODAGECATEGORIE,,6,oidParametreTranscodage,TOID,32,0,0,1,
dbo,TTRANSCODAGECATEGORIE,,7,UpdDate,datetime,8,23,3,1,
dbo,TTRANSCODAGECATEGORIE,,8,UpdStamp,char,16,0,0,1,
dbo,TTRANSCODAGECATEGORIE,,9,UpdUser,nvarchar,48,0,0,1,
dbo,TTRANSCODAGECOEFFADMISSION,,1,Caption,nvarchar,256,0,0,1,
dbo,TTRANSCODAGECOEFFADMISSION,,2,codeOrigineCoeffAdmission,nvarchar,256,0,0,1,
dbo,TTRANSCODAGECOEFFADMISSION,,3,idOTP,int,4,10,0,1,
dbo,TTRANSCODAGECOEFFADMISSION,,4,idSource,nvarchar,256,0,0,1,
dbo,TTRANSCODAGECOEFFADMISSION,,5,oid,TOID,32,0,0,0,
dbo,TTRANSCODAGECOEFFADMISSION,,6,oidCoefficientAdmission,TOID,32,0,0,1,
dbo,TTRANSCODAGECOEFFADMISSION,,7,oidParametreTranscodages,TOID,32,0,0,1,
dbo,TTRANSCODAGECOEFFADMISSION,,8,UpdDate,datetime,8,23,3,1,
dbo,TTRANSCODAGECOEFFADMISSION,,9,UpdStamp,char,16,0,0,1,
dbo,TTRANSCODAGECOEFFADMISSION,,10,UpdUser,nvarchar,48,0,0,1,
dbo,TTRANSCODAGECOMPTEGENERAL,,1,Caption,nvarchar,256,0,0,1,
dbo,TTRANSCODAGECOMPTEGENERAL,,2,codeCompteGeneralOrigine,nvarchar,256,0,0,1,
dbo,TTRANSCODAGECOMPTEGENERAL,,3,idOTP,int,4,10,0,1,
dbo,TTRANSCODAGECOMPTEGENERAL,,4,oid,TOID,32,0,0,0,
dbo,TTRANSCODAGECOMPTEGENERAL,,5,oidCompteGeneral,TOID,32,0,0,1,
dbo,TTRANSCODAGECOMPTEGENERAL,,6,oidParametreTranscodages,TOID,32,0,0,1,
dbo,TTRANSCODAGECOMPTEGENERAL,,7,UpdDate,datetime,8,23,3,1,
dbo,TTRANSCODAGECOMPTEGENERAL,,8,UpdStamp,char,16,0,0,1,
dbo,TTRANSCODAGECOMPTEGENERAL,,9,UpdUser,nvarchar,48,0,0,1,
dbo,TTRANSCODAGECOMPTEGENERAL,,10,oidTiersSociete,TOID,32,0,0,1,
dbo,TTRANSCODAGECOMPTEMULTISOC,,1,Caption,nvarchar,256,0,0,1,
dbo,TTRANSCODAGECOMPTEMULTISOC,,2,idOTP,int,4,10,0,1,
dbo,TTRANSCODAGECOMPTEMULTISOC,,3,oid,TOID,32,0,0,0,
dbo,TTRANSCODAGECOMPTEMULTISOC,,4,oidCompteDestination,TOID,32,0,0,1,
dbo,TTRANSCODAGECOMPTEMULTISOC,,5,oidFourchetteCompteOrigine,TOID,32,0,0,1,
dbo,TTRANSCODAGECOMPTEMULTISOC,,6,oidTranscodagePerimetre,TOID,32,0,0,1,
dbo,TTRANSCODAGECOMPTEMULTISOC,,7,UpdDate,datetime,8,23,3,1,
dbo,TTRANSCODAGECOMPTEMULTISOC,,8,UpdStamp,char,16,0,0,1,
dbo,TTRANSCODAGECOMPTEMULTISOC,,9,UpdUser,nvarchar,48,0,0,1,
dbo,TTRANSCODAGECOMPTESGENERAUX,,1,Caption,nvarchar,256,0,0,1,
dbo,TTRANSCODAGECOMPTESGENERAUX,,2,compteGeneralOrigine,nvarchar,256,0,0,1,
dbo,TTRANSCODAGECOMPTESGENERAUX,,3,idOTP,int,4,10,0,1,
dbo,TTRANSCODAGECOMPTESGENERAUX,,4,oid,TOID,32,0,0,0,
dbo,TTRANSCODAGECOMPTESGENERAUX,,5,oidcompteGeneral,TOID,32,0,0,1,
dbo,TTRANSCODAGECOMPTESGENERAUX,,6,oidParametresImport,TOID,32,0,0,1,
dbo,TTRANSCODAGECOMPTESGENERAUX,,7,UpdDate,datetime,8,23,3,1,
dbo,TTRANSCODAGECOMPTESGENERAUX,,8,UpdStamp,char,16,0,0,1,
dbo,TTRANSCODAGECOMPTESGENERAUX,,9,UpdUser,nvarchar,48,0,0,1,
dbo,TTRANSCODAGEEMPLACEMENT,,1,Caption,nvarchar,256,0,0,1,
dbo,TTRANSCODAGEEMPLACEMENT,,2,codeEmplacementOrigine,nvarchar,256,0,0,1,
dbo,TTRANSCODAGEEMPLACEMENT,,3,idOTP,int,4,10,0,1,
dbo,TTRANSCODAGEEMPLACEMENT,,4,oid,TOID,32,0,0,0,
dbo,TTRANSCODAGEEMPLACEMENT,,5,oidEmplacement,TOID,32,0,0,1,
dbo,TTRANSCODAGEEMPLACEMENT,,6,oidParametreTranscodage,TOID,32,0,0,1,
dbo,TTRANSCODAGEEMPLACEMENT,,7,UpdDate,datetime,8,23,3,1,
dbo,TTRANSCODAGEEMPLACEMENT,,8,UpdStamp,char,16,0,0,1,
dbo,TTRANSCODAGEEMPLACEMENT,,9,UpdUser,nvarchar,48,0,0,1,
dbo,TTRANSCODAGEENSEMBLE,,1,Caption,nvarchar,256,0,0,1,
dbo,TTRANSCODAGEENSEMBLE,,2,CodeEnsembleOrigine,nvarchar,256,0,0,1,
dbo,TTRANSCODAGEENSEMBLE,,3,idOTP,int,4,10,0,1,
dbo,TTRANSCODAGEENSEMBLE,,4,oid,TOID,32,0,0,0,
dbo,TTRANSCODAGEENSEMBLE,,5,oidEnsembleLiaison,TOID,32,0,0,1,
dbo,TTRANSCODAGEENSEMBLE,,6,oidTParametreTranscodages,TOID,32,0,0,1,
dbo,TTRANSCODAGEENSEMBLE,,7,UpdDate,datetime,8,23,3,1,
dbo,TTRANSCODAGEENSEMBLE,,8,UpdStamp,char,16,0,0,1,
dbo,TTRANSCODAGEENSEMBLE,,9,UpdUser,nvarchar,48,0,0,1,
dbo,TTRANSCODAGEETABLISSEMENT,,1,affichageToutesSocietes,bit,1,1,0,1,
dbo,TTRANSCODAGEETABLISSEMENT,,2,Caption,nvarchar,256,0,0,1,
dbo,TTRANSCODAGEETABLISSEMENT,,3,codeOrigineEtablissement,nvarchar,256,0,0,1,
dbo,TTRANSCODAGEETABLISSEMENT,,4,idOTP,int,4,10,0,1,
dbo,TTRANSCODAGEETABLISSEMENT,,5,oid,TOID,32,0,0,0,
dbo,TTRANSCODAGEETABLISSEMENT,,6,oidEtablissement,TOID,32,0,0,1,
dbo,TTRANSCODAGEETABLISSEMENT,,7,oidParametreTranscodages,TOID,32,0,0,1,
dbo,TTRANSCODAGEETABLISSEMENT,,8,UpdDate,datetime,8,23,3,1,
dbo,TTRANSCODAGEETABLISSEMENT,,9,UpdStamp,char,16,0,0,1,
dbo,TTRANSCODAGEETABLISSEMENT,,10,UpdUser,nvarchar,48,0,0,1,
dbo,TTRANSCODAGEETABLISSEMENT,,11,oidTiersSociete,TOID,32,0,0,1,
dbo,TTRANSCODAGEETATBP,,1,Caption,nvarchar,256,0,0,1,
dbo,TTRANSCODAGEETATBP,,2,CodeEtatBPOrigine,nvarchar,256,0,0,1,
dbo,TTRANSCODAGEETATBP,,3,idOTP,int,4,10,0,1,
dbo,TTRANSCODAGEETATBP,,4,oid,TOID,32,0,0,0,
dbo,TTRANSCODAGEETATBP,,5,oidEtatBienPhysique,TOID,32,0,0,1,
dbo,TTRANSCODAGEETATBP,,6,oidTParametreTranscodages,TOID,32,0,0,1,
dbo,TTRANSCODAGEETATBP,,7,UpdDate,datetime,8,23,3,1,
dbo,TTRANSCODAGEETATBP,,8,UpdStamp,char,16,0,0,1,
dbo,TTRANSCODAGEETATBP,,9,UpdUser,nvarchar,48,0,0,1,
dbo,TTRANSCODAGEFAMILLE,,1,Caption,nvarchar,256,0,0,1,
dbo,TTRANSCODAGEFAMILLE,,2,codeFamilleOrigine,nvarchar,256,0,0,1,
dbo,TTRANSCODAGEFAMILLE,,3,idOTP,int,4,10,0,1,
dbo,TTRANSCODAGEFAMILLE,,4,oid,TOID,32,0,0,0,
dbo,TTRANSCODAGEFAMILLE,,5,oidFamille,TOID,32,0,0,1,
dbo,TTRANSCODAGEFAMILLE,,6,oidTParametreTranscodages,TOID,32,0,0,1,
dbo,TTRANSCODAGEFAMILLE,,7,UpdDate,datetime,8,23,3,1,
dbo,TTRANSCODAGEFAMILLE,,8,UpdStamp,char,16,0,0,1,
dbo,TTRANSCODAGEFAMILLE,,9,UpdUser,nvarchar,48,0,0,1,
dbo,TTRANSCODAGEJOURNALMULTISOC,,1,Caption,nvarchar,256,0,0,1,
dbo,TTRANSCODAGEJOURNALMULTISOC,,2,idOTP,int,4,10,0,1,
dbo,TTRANSCODAGEJOURNALMULTISOC,,3,oid,TOID,32,0,0,0,
dbo,TTRANSCODAGEJOURNALMULTISOC,,4,oidJournalDestination,TOID,32,0,0,1,
dbo,TTRANSCODAGEJOURNALMULTISOC,,5,oidJournalOrigine,TOID,32,0,0,1,
dbo,TTRANSCODAGEJOURNALMULTISOC,,6,oidTranscodagePerimetre,TOID,32,0,0,1,
dbo,TTRANSCODAGEJOURNALMULTISOC,,7,UpdDate,datetime,8,23,3,1,
dbo,TTRANSCODAGEJOURNALMULTISOC,,8,UpdStamp,char,16,0,0,1,
dbo,TTRANSCODAGEJOURNALMULTISOC,,9,UpdUser,nvarchar,48,0,0,1,
dbo,TTRANSCODAGEJOURNAUX,,1,Caption,nvarchar,256,0,0,1,
dbo,TTRANSCODAGEJOURNAUX,,2,codeJournalOrigine,nvarchar,256,0,0,1,
dbo,TTRANSCODAGEJOURNAUX,,3,idOTP,int,4,10,0,1,
dbo,TTRANSCODAGEJOURNAUX,,4,oid,TOID,32,0,0,0,
dbo,TTRANSCODAGEJOURNAUX,,5,oidJournal,TOID,32,0,0,1,
dbo,TTRANSCODAGEJOURNAUX,,6,oidParametresImport,TOID,32,0,0,1,
dbo,TTRANSCODAGEJOURNAUX,,7,UpdDate,datetime,8,23,3,1,
dbo,TTRANSCODAGEJOURNAUX,,8,UpdStamp,char,16,0,0,1,
dbo,TTRANSCODAGEJOURNAUX,,9,UpdUser,nvarchar,48,0,0,1,
dbo,TTRANSCODAGEMARQUE,,1,Caption,nvarchar,256,0,0,1,
dbo,TTRANSCODAGEMARQUE,,2,codeMarqueOrigine,nvarchar,256,0,0,1,
dbo,TTRANSCODAGEMARQUE,,3,idOTP,int,4,10,0,1,
dbo,TTRANSCODAGEMARQUE,,4,oid,TOID,32,0,0,0,
dbo,TTRANSCODAGEMARQUE,,5,oidMarque,TOID,32,0,0,1,
dbo,TTRANSCODAGEMARQUE,,6,oidTParametreTranscodages,TOID,32,0,0,1,
dbo,TTRANSCODAGEMARQUE,,7,UpdDate,datetime,8,23,3,1,
dbo,TTRANSCODAGEMARQUE,,8,UpdStamp,char,16,0,0,1,
dbo,TTRANSCODAGEMARQUE,,9,UpdUser,nvarchar,48,0,0,1,
dbo,TTRANSCODAGEMODELE,,1,Caption,nvarchar,256,0,0,1,
dbo,TTRANSCODAGEMODELE,,2,codeModeleOrigine,nvarchar,256,0,0,1,
dbo,TTRANSCODAGEMODELE,,3,idOTP,int,4,10,0,1,
dbo,TTRANSCODAGEMODELE,,4,oid,TOID,32,0,0,0,
dbo,TTRANSCODAGEMODELE,,5,oidModele,TOID,32,0,0,1,
dbo,TTRANSCODAGEMODELE,,6,oidTParametreTranscodages,TOID,32,0,0,1,
dbo,TTRANSCODAGEMODELE,,7,UpdDate,datetime,8,23,3,1,
dbo,TTRANSCODAGEMODELE,,8,UpdStamp,char,16,0,0,1,
dbo,TTRANSCODAGEMODELE,,9,UpdUser,nvarchar,48,0,0,1,
dbo,TTRANSCODAGEMODESPAIEMENT,,1,Caption,nvarchar,256,0,0,1,
dbo,TTRANSCODAGEMODESPAIEMENT,,2,idOTP,int,4,10,0,1,
dbo,TTRANSCODAGEMODESPAIEMENT,,3,modePaiementOrigine,nvarchar,256,0,0,1,
dbo,TTRANSCODAGEMODESPAIEMENT,,4,oid,TOID,32,0,0,0,
dbo,TTRANSCODAGEMODESPAIEMENT,,5,oidmodePaiement,TOID,32,0,0,1,
dbo,TTRANSCODAGEMODESPAIEMENT,,6,oidParametresImport,TOID,32,0,0,1,
dbo,TTRANSCODAGEMODESPAIEMENT,,7,UpdDate,datetime,8,23,3,1,
dbo,TTRANSCODAGEMODESPAIEMENT,,8,UpdStamp,char,16,0,0,1,
dbo,TTRANSCODAGEMODESPAIEMENT,,9,UpdUser,nvarchar,48,0,0,1,
dbo,TTRANSCODAGEMOTIFCESSION,,1,Caption,nvarchar,256,0,0,1,
dbo,TTRANSCODAGEMOTIFCESSION,,2,categorieBien,smallint,2,5,0,1,
dbo,TTRANSCODAGEMOTIFCESSION,,3,codeDestination,smallint,2,5,0,1,
dbo,TTRANSCODAGEMOTIFCESSION,,4,codeOrigine,nvarchar,256,0,0,1,
dbo,TTRANSCODAGEMOTIFCESSION,,5,idOTP,int,4,10,0,1,
dbo,TTRANSCODAGEMOTIFCESSION,,6,oid,TOID,32,0,0,0,
dbo,TTRANSCODAGEMOTIFCESSION,,7,oidParametreTranscodages,TOID,32,0,0,1,
dbo,TTRANSCODAGEMOTIFCESSION,,8,UpdDate,datetime,8,23,3,1,
dbo,TTRANSCODAGEMOTIFCESSION,,9,UpdStamp,char,16,0,0,1,
dbo,TTRANSCODAGEMOTIFCESSION,,10,UpdUser,nvarchar,48,0,0,1,
dbo,TTRANSCODAGENATFLUXGCF,,1,axeAnalytiqueOrigine,nvarchar,256,0,0,1,
dbo,TTRANSCODAGENATFLUXGCF,,2,Caption,nvarchar,256,0,0,1,
dbo,TTRANSCODAGENATFLUXGCF,,3,codeNatureFluxOrigine,nvarchar,256,0,0,1,
dbo,TTRANSCODAGENATFLUXGCF,,4,idOTP,int,4,10,0,1,
dbo,TTRANSCODAGENATFLUXGCF,,5,oid,TOID,32,0,0,0,
dbo,TTRANSCODAGENATFLUXGCF,,6,oidAxeAnalytique,TOID,32,0,0,1,
dbo,TTRANSCODAGENATFLUXGCF,,7,oidDimensionGroupe,TOID,32,0,0,1,
dbo,TTRANSCODAGENATFLUXGCF,,8,oidParametresImport,TOID,32,0,0,1,
dbo,TTRANSCODAGENATFLUXGCF,,9,oidPositionGroupe,TOID,32,0,0,1,
dbo,TTRANSCODAGENATFLUXGCF,,10,UpdDate,datetime,8,23,3,1,
dbo,TTRANSCODAGENATFLUXGCF,,11,UpdStamp,char,16,0,0,1,
dbo,TTRANSCODAGENATFLUXGCF,,12,UpdUser,nvarchar,48,0,0,1,
dbo,TTRANSCODAGENATUREBIEN,,1,Caption,nvarchar,256,0,0,1,
dbo,TTRANSCODAGENATUREBIEN,,2,codeOrigineNatureBien,nvarchar,256,0,0,1,
dbo,TTRANSCODAGENATUREBIEN,,3,idOTP,int,4,10,0,1,
dbo,TTRANSCODAGENATUREBIEN,,4,idSource,nvarchar,256,0,0,1,
dbo,TTRANSCODAGENATUREBIEN,,5,oid,TOID,32,0,0,0,
dbo,TTRANSCODAGENATUREBIEN,,6,oidNatureBien,TOID,32,0,0,1,
dbo,TTRANSCODAGENATUREBIEN,,7,oidParametreTranscodages,TOID,32,0,0,1,
dbo,TTRANSCODAGENATUREBIEN,,8,UpdDate,datetime,8,23,3,1,
dbo,TTRANSCODAGENATUREBIEN,,9,UpdStamp,char,16,0,0,1,
dbo,TTRANSCODAGENATUREBIEN,,10,UpdUser,nvarchar,48,0,0,1,
dbo,TTRANSCODAGEPERIMETREMULTISOC,,1,Caption,nvarchar,256,0,0,1,
dbo,TTRANSCODAGEPERIMETREMULTISOC,,2,idOTP,int,4,10,0,1,
dbo,TTRANSCODAGEPERIMETREMULTISOC,,3,oid,TOID,32,0,0,0,
dbo,TTRANSCODAGEPERIMETREMULTISOC,,4,oidPerimetreDestination,nvarchar,64,0,0,1,
dbo,TTRANSCODAGEPERIMETREMULTISOC,,5,oidPerimetreOrigine,nvarchar,64,0,0,1,
dbo,TTRANSCODAGEPERIMETREMULTISOC,,6,oidPlanCompte,TOID,32,0,0,1,
dbo,TTRANSCODAGEPERIMETREMULTISOC,,7,UpdDate,datetime,8,23,3,1,
dbo,TTRANSCODAGEPERIMETREMULTISOC,,8,UpdStamp,char,16,0,0,1,
dbo,TTRANSCODAGEPERIMETREMULTISOC,,9,UpdUser,nvarchar,48,0,0,1,
dbo,TTRANSCODAGEPLANANALYTIQUE,,1,Caption,nvarchar,256,0,0,1,
dbo,TTRANSCODAGEPLANANALYTIQUE,,2,codeOriginePlanAnalytique,nvarchar,256,0,0,1,
dbo,TTRANSCODAGEPLANANALYTIQUE,,3,idOTP,int,4,10,0,1,
dbo,TTRANSCODAGEPLANANALYTIQUE,,4,oid,TOID,32,0,0,0,
dbo,TTRANSCODAGEPLANANALYTIQUE,,5,oidDimensionAnalytique,TOID,32,0,0,1,
dbo,TTRANSCODAGEPLANANALYTIQUE,,6,oidTiersSociete,TOID,32,0,0,1,
dbo,TTRANSCODAGEPLANANALYTIQUE,,7,UpdDate,datetime,8,23,3,1,
dbo,TTRANSCODAGEPLANANALYTIQUE,,8,UpdStamp,char,16,0,0,1,
dbo,TTRANSCODAGEPLANANALYTIQUE,,9,UpdUser,nvarchar,48,0,0,1,
dbo,TTRANSCODAGEPRESTATAIRE,,1,Caption,nvarchar,256,0,0,1,
dbo,TTRANSCODAGEPRESTATAIRE,,2,codePrestataire,nvarchar,256,0,0,1,
dbo,TTRANSCODAGEPRESTATAIRE,,3,idOTP,int,4,10,0,1,
dbo,TTRANSCODAGEPRESTATAIRE,,4,oid,TOID,32,0,0,0,
dbo,TTRANSCODAGEPRESTATAIRE,,5,oidPrestataire,TOID,32,0,0,1,
dbo,TTRANSCODAGEPRESTATAIRE,,6,oidTParametreTranscodages,TOID,32,0,0,1,
dbo,TTRANSCODAGEPRESTATAIRE,,7,UpdDate,datetime,8,23,3,1,
dbo,TTRANSCODAGEPRESTATAIRE,,8,UpdStamp,char,16,0,0,1,
dbo,TTRANSCODAGEPRESTATAIRE,,9,UpdUser,nvarchar,48,0,0,1,
dbo,TTRANSCODAGEPROFILTVAMULTISOC,,1,Caption,nvarchar,256,0,0,1,
dbo,TTRANSCODAGEPROFILTVAMULTISOC,,2,idOTP,int,4,10,0,1,
dbo,TTRANSCODAGEPROFILTVAMULTISOC,,3,oid,TOID,32,0,0,0,
dbo,TTRANSCODAGEPROFILTVAMULTISOC,,4,oidProfilTVADestination,TOID,32,0,0,1,
dbo,TTRANSCODAGEPROFILTVAMULTISOC,,5,oidProfilTVAOrigine,TOID,32,0,0,1,
dbo,TTRANSCODAGEPROFILTVAMULTISOC,,6,oidTranscodagePerimetre,TOID,32,0,0,1,
dbo,TTRANSCODAGEPROFILTVAMULTISOC,,7,UpdDate,datetime,8,23,3,1,
dbo,TTRANSCODAGEPROFILTVAMULTISOC,,8,UpdStamp,char,16,0,0,1,
dbo,TTRANSCODAGEPROFILTVAMULTISOC,,9,UpdUser,nvarchar,48,0,0,1,
dbo,TTRANSCODAGEREGLEAMORTISSEMENT,,1,Caption,nvarchar,256,0,0,1,
dbo,TTRANSCODAGEREGLEAMORTISSEMENT,,2,codeOrigineRegleAmortissement,nvarchar,256,0,0,1,
dbo,TTRANSCODAGEREGLEAMORTISSEMENT,,3,idOTP,int,4,10,0,1,
dbo,TTRANSCODAGEREGLEAMORTISSEMENT,,4,idSource,nvarchar,256,0,0,1,
dbo,TTRANSCODAGEREGLEAMORTISSEMENT,,5,oid,TOID,32,0,0,0,
dbo,TTRANSCODAGEREGLEAMORTISSEMENT,,6,oidParametreTranscodages,TOID,32,0,0,1,
dbo,TTRANSCODAGEREGLEAMORTISSEMENT,,7,oidRegleAmortissement,TOID,32,0,0,1,
dbo,TTRANSCODAGEREGLEAMORTISSEMENT,,8,UpdDate,datetime,8,23,3,1,
dbo,TTRANSCODAGEREGLEAMORTISSEMENT,,9,UpdStamp,char,16,0,0,1,
dbo,TTRANSCODAGEREGLEAMORTISSEMENT,,10,UpdUser,nvarchar,48,0,0,1,
dbo,TTRANSCODAGESCHEMAAMO,,1,Caption,nvarchar,256,0,0,1,
dbo,TTRANSCODAGESCHEMAAMO,,2,codeOrigineSchemaAmo,nvarchar,256,0,0,1,
dbo,TTRANSCODAGESCHEMAAMO,,3,idOTP,int,4,10,0,1,
dbo,TTRANSCODAGESCHEMAAMO,,4,oid,TOID,32,0,0,0,
dbo,TTRANSCODAGESCHEMAAMO,,5,oidParametreTranscodages,TOID,32,0,0,1,
dbo,TTRANSCODAGESCHEMAAMO,,6,oidSchemaAmortissement,TOID,32,0,0,1,
dbo,TTRANSCODAGESCHEMAAMO,,7,UpdDate,datetime,8,23,3,1,
dbo,TTRANSCODAGESCHEMAAMO,,8,UpdStamp,char,16,0,0,1,
dbo,TTRANSCODAGESCHEMAAMO,,9,UpdUser,nvarchar,48,0,0,1,
dbo,TTRANSCODAGESECTEURACTIVITE,,1,Caption,nvarchar,256,0,0,1,
dbo,TTRANSCODAGESECTEURACTIVITE,,2,codeOrigineSecteurActivite,nvarchar,256,0,0,1,
dbo,TTRANSCODAGESECTEURACTIVITE,,3,idOTP,int,4,10,0,1,
dbo,TTRANSCODAGESECTEURACTIVITE,,4,idSource,int,4,10,0,1,
dbo,TTRANSCODAGESECTEURACTIVITE,,5,oid,TOID,32,0,0,0,
dbo,TTRANSCODAGESECTEURACTIVITE,,6,oidParametreTranscodages,TOID,32,0,0,1,
dbo,TTRANSCODAGESECTEURACTIVITE,,7,oidSecteurActivite,TOID,32,0,0,1,
dbo,TTRANSCODAGESECTEURACTIVITE,,8,UpdDate,datetime,8,23,3,1,
dbo,TTRANSCODAGESECTEURACTIVITE,,9,UpdStamp,char,16,0,0,1,
dbo,TTRANSCODAGESECTEURACTIVITE,,10,UpdUser,nvarchar,48,0,0,1,
dbo,TTRANSCODAGESECTIONS,,1,axeAnalytiqueOrigine,nvarchar,256,0,0,1,
dbo,TTRANSCODAGESECTIONS,,2,Caption,nvarchar,256,0,0,1,
dbo,TTRANSCODAGESECTIONS,,3,codeSectionOrigine,nvarchar,256,0,0,1,
dbo,TTRANSCODAGESECTIONS,,4,idOTP,int,4,10,0,1,
dbo,TTRANSCODAGESECTIONS,,5,oid,TOID,32,0,0,0,
dbo,TTRANSCODAGESECTIONS,,6,oidAxeAnalytique,TOID,32,0,0,1,
dbo,TTRANSCODAGESECTIONS,,7,oidParametresImport,TOID,32,0,0,1,
dbo,TTRANSCODAGESECTIONS,,8,oidSectionAnalytique,TOID,32,0,0,1,
dbo,TTRANSCODAGESECTIONS,,9,UpdDate,datetime,8,23,3,1,
dbo,TTRANSCODAGESECTIONS,,10,UpdStamp,char,16,0,0,1,
dbo,TTRANSCODAGESECTIONS,,11,UpdUser,nvarchar,48,0,0,1,
dbo,TTRANSCODAGETIERS,,1,Caption,nvarchar,256,0,0,1,
dbo,TTRANSCODAGETIERS,,2,codeTiersOrigine,nvarchar,256,0,0,1,
dbo,TTRANSCODAGETIERS,,3,idOTP,int,4,10,0,1,
dbo,TTRANSCODAGETIERS,,4,oid,TOID,32,0,0,0,
dbo,TTRANSCODAGETIERS,,5,oidRoleTiers,TOID,32,0,0,1,
dbo,TTRANSCODAGETIERS,,6,UpdDate,datetime,8,23,3,1,
dbo,TTRANSCODAGETIERS,,7,UpdStamp,char,16,0,0,1,
dbo,TTRANSCODAGETIERS,,8,UpdUser,nvarchar,48,0,0,1,
dbo,TTRANSCODAGETIERS,,9,oidParametresImport,TOID,32,0,0,1,
dbo,TTRANSCODAGETYPEBIEN,,1,Caption,nvarchar,256,0,0,1,
dbo,TTRANSCODAGETYPEBIEN,,2,codeTypeBienOrigine,nvarchar,256,0,0,1,
dbo,TTRANSCODAGETYPEBIEN,,3,idOTP,int,4,10,0,1,
dbo,TTRANSCODAGETYPEBIEN,,4,oid,TOID,32,0,0,0,
dbo,TTRANSCODAGETYPEBIEN,,5,oidParametreTranscodages,TOID,32,0,0,1,
dbo,TTRANSCODAGETYPEBIEN,,6,oidTypeBien,TOID,32,0,0,1,
dbo,TTRANSCODAGETYPEBIEN,,7,UpdDate,datetime,8,23,3,1,
dbo,TTRANSCODAGETYPEBIEN,,8,UpdStamp,char,16,0,0,1,
dbo,TTRANSCODAGETYPEBIEN,,9,UpdUser,nvarchar,48,0,0,1,
dbo,TTRANSCODAGETYPEPIECE,,1,Caption,nvarchar,256,0,0,1,
dbo,TTRANSCODAGETYPEPIECE,,2,idOTP,int,4,10,0,1,
dbo,TTRANSCODAGETYPEPIECE,,3,oid,TOID,32,0,0,0,
dbo,TTRANSCODAGETYPEPIECE,,4,oidParametresImport,TOID,32,0,0,1,
dbo,TTRANSCODAGETYPEPIECE,,5,oidtypePiece,TOID,32,0,0,1,
dbo,TTRANSCODAGETYPEPIECE,,6,typePieceOrigine,nvarchar,256,0,0,1,
dbo,TTRANSCODAGETYPEPIECE,,7,UpdDate,datetime,8,23,3,1,
dbo,TTRANSCODAGETYPEPIECE,,8,UpdStamp,char,16,0,0,1,
dbo,TTRANSCODAGETYPEPIECE,,9,UpdUser,nvarchar,48,0,0,1,
dbo,TTRANSCODAGETYPEPIECEMULTISOC,,1,Caption,nvarchar,256,0,0,1,
dbo,TTRANSCODAGETYPEPIECEMULTISOC,,2,code,nvarchar,256,0,0,1,
dbo,TTRANSCODAGETYPEPIECEMULTISOC,,3,idOTP,int,4,10,0,1,
dbo,TTRANSCODAGETYPEPIECEMULTISOC,,4,oid,TOID,32,0,0,0,
dbo,TTRANSCODAGETYPEPIECEMULTISOC,,5,oidTypePieceDestination,TOID,32,0,0,1,
dbo,TTRANSCODAGETYPEPIECEMULTISOC,,6,oidTypePieceOrigine,TOID,32,0,0,1,
dbo,TTRANSCODAGETYPEPIECEMULTISOC,,7,UpdDate,datetime,8,23,3,1,
dbo,TTRANSCODAGETYPEPIECEMULTISOC,,8,UpdStamp,char,16,0,0,1,
dbo,TTRANSCODAGETYPEPIECEMULTISOC,,9,UpdUser,nvarchar,48,0,0,1,
dbo,TTRANSCOMIGSOCIETE,,1,Caption,nvarchar,256,0,0,1,
dbo,TTRANSCOMIGSOCIETE,,2,idOTP,int,4,10,0,1,
dbo,TTRANSCOMIGSOCIETE,,3,oid,TOID,32,0,0,0,
dbo,TTRANSCOMIGSOCIETE,,4,UpdDate,datetime,8,23,3,1,
dbo,TTRANSCOMIGSOCIETE,,5,UpdStamp,char,16,0,0,1,
dbo,TTRANSCOMIGSOCIETE,,6,UpdUser,nvarchar,48,0,0,1,
dbo,TTRANSCOMIGSOCIETEDETAIL,,1,autorisationInit,bit,1,1,0,1,
dbo,TTRANSCOMIGSOCIETEDETAIL,,2,Caption,nvarchar,256,0,0,1,
dbo,TTRANSCOMIGSOCIETEDETAIL,,3,codeSourceSociete,nvarchar,256,0,0,1,
dbo,TTRANSCOMIGSOCIETEDETAIL,,4,dateClotureValide,bit,1,1,0,1,
dbo,TTRANSCOMIGSOCIETEDETAIL,,5,dateDebutExerciceCourant,datetime,8,23,3,1,
dbo,TTRANSCOMIGSOCIETEDETAIL,,6,dateFinExerciceCourant,datetime,8,23,3,1,
dbo,TTRANSCOMIGSOCIETEDETAIL,,7,dateSourceDebutEx,datetime,8,23,3,1,
dbo,TTRANSCOMIGSOCIETEDETAIL,,8,dateSourceDebutExSuiv,datetime,8,23,3,1,
dbo,TTRANSCOMIGSOCIETEDETAIL,,9,dateSourceFinEx,datetime,8,23,3,1,
dbo,TTRANSCOMIGSOCIETEDETAIL,,10,dateSourceFinExSuiv,datetime,8,23,3,1,
dbo,TTRANSCOMIGSOCIETEDETAIL,,11,detailExercice,nvarchar,256,0,0,1,
dbo,TTRANSCOMIGSOCIETEDETAIL,,12,estCreeExercice,bit,1,1,0,1,
dbo,TTRANSCOMIGSOCIETEDETAIL,,13,estInitialise,datetime,8,23,3,1,
dbo,TTRANSCOMIGSOCIETEDETAIL,,14,estValideIAS,bit,1,1,0,1,
dbo,TTRANSCOMIGSOCIETEDETAIL,,15,estValideLibre,bit,1,1,0,1,
dbo,TTRANSCOMIGSOCIETEDETAIL,,16,estValideRetraite,bit,1,1,0,1,
dbo,TTRANSCOMIGSOCIETEDETAIL,,17,estValideTechnique,bit,1,1,0,1,
dbo,TTRANSCOMIGSOCIETEDETAIL,,18,etatMigImmo,smallint,2,5,0,1,
dbo,TTRANSCOMIGSOCIETEDETAIL,,19,idDossierSource,nvarchar,256,0,0,1,
dbo,TTRANSCOMIGSOCIETEDETAIL,,20,idOrgActiviteSource,nvarchar,256,0,0,1,
dbo,TTRANSCOMIGSOCIETEDETAIL,,21,idOTP,int,4,10,0,1,
dbo,TTRANSCOMIGSOCIETEDETAIL,,22,idSourceSociete,nvarchar,256,0,0,1,
dbo,TTRANSCOMIGSOCIETEDETAIL,,23,importBienFictif,smallint,2,5,0,1,
dbo,TTRANSCOMIGSOCIETEDETAIL,,24,importDateDerniereCloture,smallint,2,5,0,1,
dbo,TTRANSCOMIGSOCIETEDETAIL,,25,importSchemaCpt,bit,1,1,0,1,
dbo,TTRANSCOMIGSOCIETEDETAIL,,26,importSchemaCptFisc,bit,1,1,0,1,
dbo,TTRANSCOMIGSOCIETEDETAIL,,27,importSchemaFisc,bit,1,1,0,1,
dbo,TTRANSCOMIGSOCIETEDETAIL,,28,importSchemaIAS,bit,1,1,0,1,
dbo,TTRANSCOMIGSOCIETEDETAIL,,29,importSchemaLibre,bit,1,1,0,1,
dbo,TTRANSCOMIGSOCIETEDETAIL,,30,importSchemaRetraite,bit,1,1,0,1,
dbo,TTRANSCOMIGSOCIETEDETAIL,,31,importSchemaTechnique,bit,1,1,0,1,
dbo,TTRANSCOMIGSOCIETEDETAIL,,32,oid,TOID,32,0,0,0,
dbo,TTRANSCOMIGSOCIETEDETAIL,,33,oidSchemaAmoCompt,TOID,32,0,0,1,
dbo,TTRANSCOMIGSOCIETEDETAIL,,34,oidSchemaAmoFisc,TOID,32,0,0,1,
dbo,TTRANSCOMIGSOCIETEDETAIL,,35,oidSchemaAmoIfrs,TOID,32,0,0,1,
dbo,TTRANSCOMIGSOCIETEDETAIL,,36,oidSchemaAmoLibre,TOID,32,0,0,1,
dbo,TTRANSCOMIGSOCIETEDETAIL,,37,oidSchemaAmoRetraite,TOID,32,0,0,1,
dbo,TTRANSCOMIGSOCIETEDETAIL,,38,oidSchemaAmoTechnique,TOID,32,0,0,1,
dbo,TTRANSCOMIGSOCIETEDETAIL,,39,oidTiersSociete,TOID,32,0,0,1,
dbo,TTRANSCOMIGSOCIETEDETAIL,,40,oidTranscoMigSociete,TOID,32,0,0,1,
dbo,TTRANSCOMIGSOCIETEDETAIL,,41,rapportSchema,nvarchar,-1,0,0,1,
dbo,TTRANSCOMIGSOCIETEDETAIL,,42,sourceMigrationTiers,smallint,2,5,0,1,
dbo,TTRANSCOMIGSOCIETEDETAIL,,43,UpdDate,datetime,8,23,3,1,
dbo,TTRANSCOMIGSOCIETEDETAIL,,44,UpdStamp,char,16,0,0,1,
dbo,TTRANSCOMIGSOCIETEDETAIL,,45,UpdUser,nvarchar,48,0,0,1,
dbo,TTVA,,1,Caption,nvarchar,256,0,0,1,
dbo,TTVA,,2,captionEDI,nvarchar,256,0,0,1,
dbo,TTVA,,3,code,nvarchar,256,0,0,1,
dbo,TTVA,,4,codeEDI,nvarchar,256,0,0,1,
dbo,TTVA,,5,idOTP,int,4,10,0,1,
dbo,TTVA,,6,oid,TOID,32,0,0,0,
dbo,TTVA,,7,UpdDate,datetime,8,23,3,1,
dbo,TTVA,,8,UpdStamp,char,16,0,0,1,
dbo,TTVA,,9,UpdUser,nvarchar,48,0,0,1,
dbo,TTVSAPPLICATION,,1,Caption,nvarchar,256,0,0,1,
dbo,TTVSAPPLICATION,,2,dateLimiteExoneration,datetime,8,23,3,1,
dbo,TTVSAPPLICATION,,3,dateMiseEnCirculation,datetime,8,23,3,1,
dbo,TTVSAPPLICATION,,4,datePossession,datetime,8,23,3,1,
dbo,TTVSAPPLICATION,,5,idOTP,int,4,10,0,1,
dbo,TTVSAPPLICATION,,6,nbTrimetreExoneration,int,4,10,0,1,
dbo,TTVSAPPLICATION,,7,oid,TOID,32,0,0,0,
dbo,TTVSAPPLICATION,,8,receptionComm,smallint,2,5,0,1,
dbo,TTVSAPPLICATION,,9,UpdDate,datetime,8,23,3,1,
dbo,TTVSAPPLICATION,,10,UpdStamp,char,16,0,0,1,
dbo,TTVSAPPLICATION,,11,UpdUser,nvarchar,48,0,0,1,
dbo,TTVSSOURCEENERGIE,,1,Caption,nvarchar,256,0,0,1,
dbo,TTVSSOURCEENERGIE,,2,dateLimiteExoneration,datetime,8,23,3,1,
dbo,TTVSSOURCEENERGIE,,3,exonerationTVS,smallint,2,5,0,1,
dbo,TTVSSOURCEENERGIE,,4,idOTP,int,4,10,0,1,
dbo,TTVSSOURCEENERGIE,,5,limiteCO2,bit,1,1,0,1,
dbo,TTVSSOURCEENERGIE,,6,maxCO2,int,4,10,0,1,
dbo,TTVSSOURCEENERGIE,,7,nombreTrimestre,int,4,10,0,1,
dbo,TTVSSOURCEENERGIE,,8,oid,TOID,32,0,0,0,
dbo,TTVSSOURCEENERGIE,,9,oidTSourceEnergie,TOID,32,0,0,1,
dbo,TTVSSOURCEENERGIE,,10,oidTTVSApplication,TOID,32,0,0,1,
dbo,TTVSSOURCEENERGIE,,11,UpdDate,datetime,8,23,3,1,
dbo,TTVSSOURCEENERGIE,,12,UpdStamp,char,16,0,0,1,
dbo,TTVSSOURCEENERGIE,,13,UpdUser,nvarchar,48,0,0,1,
dbo,TTYPEAVANTAGE,,1,Caption,nvarchar,256,0,0,1,
dbo,TTYPEAVANTAGE,,2,code,nvarchar,256,0,0,1,
dbo,TTYPEAVANTAGE,,3,idOTP,int,4,10,0,1,
dbo,TTYPEAVANTAGE,,4,oid,TOID,32,0,0,0,
dbo,TTYPEAVANTAGE,,5,systeme,bit,1,1,0,1,
dbo,TTYPEAVANTAGE,,6,UpdDate,datetime,8,23,3,1,
dbo,TTYPEAVANTAGE,,7,UpdStamp,char,16,0,0,1,
dbo,TTYPEAVANTAGE,,8,UpdUser,nvarchar,48,0,0,1,
dbo,TTYPEBIEN,,1,Caption,nvarchar,256,0,0,1,
dbo,TTYPEBIEN,,2,categorieBien,smallint,2,5,0,1,
dbo,TTYPEBIEN,,3,code,nvarchar,256,0,0,1,
dbo,TTYPEBIEN,,4,idOTP,int,4,10,0,1,
dbo,TTYPEBIEN,,5,oid,TOID,32,0,0,0,
dbo,TTYPEBIEN,,6,UpdDate,datetime,8,23,3,1,
dbo,TTYPEBIEN,,7,UpdStamp,char,16,0,0,1,
dbo,TTYPEBIEN,,8,UpdUser,nvarchar,48,0,0,1,
dbo,TTYPEBIENSCHEMA,,1,Caption,nvarchar,256,0,0,1,
dbo,TTYPEBIENSCHEMA,,2,idOTP,int,4,10,0,1,
dbo,TTYPEBIENSCHEMA,,3,oid,TOID,32,0,0,0,
dbo,TTYPEBIENSCHEMA,,4,oidTSchemaAmortissement,TOID,32,0,0,1,
dbo,TTYPEBIENSCHEMA,,5,oidTTypeBien,TOID,32,0,0,1,
dbo,TTYPEBIENSCHEMA,,6,UpdDate,datetime,8,23,3,1,
dbo,TTYPEBIENSCHEMA,,7,UpdStamp,char,16,0,0,1,
dbo,TTYPEBIENSCHEMA,,8,UpdUser,nvarchar,48,0,0,1,
dbo,TTYPEHYPOTHESE,,1,Caption,nvarchar,256,0,0,1,
dbo,TTYPEHYPOTHESE,,2,idOTP,int,4,10,0,1,
dbo,TTYPEHYPOTHESE,,3,oid,TOID,32,0,0,0,
dbo,TTYPEHYPOTHESE,,4,UpdDate,datetime,8,23,3,1,
dbo,TTYPEHYPOTHESE,,5,UpdStamp,char,16,0,0,1,
dbo,TTYPEHYPOTHESE,,6,UpdUser,nvarchar,48,0,0,1,
dbo,TTYPEMARQUAGE,,1,Caption,nvarchar,256,0,0,1,
dbo,TTYPEMARQUAGE,,2,code,nvarchar,256,0,0,1,
dbo,TTYPEMARQUAGE,,3,idOTP,int,4,10,0,1,
dbo,TTYPEMARQUAGE,,4,oid,TOID,32,0,0,0,
dbo,TTYPEMARQUAGE,,5,UpdDate,datetime,8,23,3,1,
dbo,TTYPEMARQUAGE,,6,UpdStamp,char,16,0,0,1,
dbo,TTYPEMARQUAGE,,7,UpdUser,nvarchar,48,0,0,1,
dbo,TTYPEOPERATIONBANCAIRE,,1,Caption,nvarchar,256,0,0,1,
dbo,TTYPEOPERATIONBANCAIRE,,2,code,nvarchar,256,0,0,1,
dbo,TTYPEOPERATIONBANCAIRE,,3,estComptaOption,bit,1,1,0,1,
dbo,TTYPEOPERATIONBANCAIRE,,4,flowTypeSCB,smallint,2,5,0,1,
dbo,TTYPEOPERATIONBANCAIRE,,5,idOTP,int,4,10,0,1,
dbo,TTYPEOPERATIONBANCAIRE,,6,oid,TOID,32,0,0,0,
dbo,TTYPEOPERATIONBANCAIRE,,7,oidCompteCharge,TOID,32,0,0,1,
dbo,TTYPEOPERATIONBANCAIRE,,8,oidCompteGeneralCollect,TOID,32,0,0,1,
dbo,TTYPEOPERATIONBANCAIRE,,9,oidCompteGeneralNonCollect,TOID,32,0,0,1,
dbo,TTYPEOPERATIONBANCAIRE,,10,oidDomaineISO,TOID,32,0,0,1,
dbo,TTYPEOPERATIONBANCAIRE,,11,oidFamilleISO,TOID,32,0,0,1,
dbo,TTYPEOPERATIONBANCAIRE,,12,oidJournal,TOID,32,0,0,1,
dbo,TTYPEOPERATIONBANCAIRE,,13,oidSousFamilleISO,TOID,32,0,0,1,
dbo,TTYPEOPERATIONBANCAIRE,,14,oidTypePiece,TOID,32,0,0,1,
dbo,TTYPEOPERATIONBANCAIRE,,15,prendreComptePrivilegie,bit,1,1,0,1,
dbo,TTYPEOPERATIONBANCAIRE,,16,sens,smallint,2,5,0,1,
dbo,TTYPEOPERATIONBANCAIRE,,17,sensTiers,smallint,2,5,0,1,
dbo,TTYPEOPERATIONBANCAIRE,,18,support,smallint,2,5,0,1,
dbo,TTYPEOPERATIONBANCAIRE,,19,typeCodification,smallint,2,5,0,1,
dbo,TTYPEOPERATIONBANCAIRE,,20,UpdDate,datetime,8,23,3,1,
dbo,TTYPEOPERATIONBANCAIRE,,21,UpdStamp,char,16,0,0,1,
dbo,TTYPEOPERATIONBANCAIRE,,22,UpdUser,nvarchar,48,0,0,1,
dbo,TTYPEOPERATIONIMMO,,1,Caption,nvarchar,256,0,0,1,
dbo,TTYPEOPERATIONIMMO,,2,idOTP,int,4,10,0,1,
dbo,TTYPEOPERATIONIMMO,,3,oid,TOID,32,0,0,0,
dbo,TTYPEOPERATIONIMMO,,4,typeOperation,smallint,2,5,0,1,
dbo,TTYPEOPERATIONIMMO,,5,UpdDate,datetime,8,23,3,1,
dbo,TTYPEOPERATIONIMMO,,6,UpdStamp,char,16,0,0,1,
dbo,TTYPEOPERATIONIMMO,,7,UpdUser,nvarchar,48,0,0,1,
dbo,TTYPEOPERATIONSCHEMA,,1,Caption,nvarchar,256,0,0,1,
dbo,TTYPEOPERATIONSCHEMA,,2,comptabilisable,bit,1,1,0,1,
dbo,TTYPEOPERATIONSCHEMA,,3,detaille,bit,1,1,0,1,
dbo,TTYPEOPERATIONSCHEMA,,4,idOTP,int,4,10,0,1,
dbo,TTYPEOPERATIONSCHEMA,,5,naturePiece,smallint,2,5,0,1,
dbo,TTYPEOPERATIONSCHEMA,,6,oid,TOID,32,0,0,0,
dbo,TTYPEOPERATIONSCHEMA,,7,oidJournal,TOID,32,0,0,1,
dbo,TTYPEOPERATIONSCHEMA,,8,oidTSchemaAmortissement,TOID,32,0,0,1,
dbo,TTYPEOPERATIONSCHEMA,,9,oidTTypeOperationImmo,TOID,32,0,0,1,
dbo,TTYPEOPERATIONSCHEMA,,10,oidTypePiece,TOID,32,0,0,1,
dbo,TTYPEOPERATIONSCHEMA,,11,UpdDate,datetime,8,23,3,1,
dbo,TTYPEOPERATIONSCHEMA,,12,UpdStamp,char,16,0,0,1,
dbo,TTYPEOPERATIONSCHEMA,,13,UpdUser,nvarchar,48,0,0,1,
dbo,TTYPEOPERATIOTBANQUE,,1,Caption,nvarchar,256,0,0,1,
dbo,TTYPEOPERATIOTBANQUE,,2,idOTP,int,4,10,0,1,
dbo,TTYPEOPERATIOTBANQUE,,3,oid,TOID,32,0,0,0,
dbo,TTYPEOPERATIOTBANQUE,,4,oidCompteCharge,TOID,32,0,0,1,
dbo,TTYPEOPERATIOTBANQUE,,5,oidCompteGeneralCollect,TOID,32,0,0,1,
dbo,TTYPEOPERATIOTBANQUE,,6,oidCompteGeneralNonCollect,TOID,32,0,0,1,
dbo,TTYPEOPERATIOTBANQUE,,7,oidJournal,TOID,32,0,0,1,
dbo,TTYPEOPERATIOTBANQUE,,8,oidTBanque,TOID,32,0,0,1,
dbo,TTYPEOPERATIOTBANQUE,,9,oidTTypeOperationBancaire,TOID,32,0,0,1,
dbo,TTYPEOPERATIOTBANQUE,,10,oidTypePiece,TOID,32,0,0,1,
dbo,TTYPEOPERATIOTBANQUE,,11,prendreComptePrivilegie,bit,1,1,0,1,
dbo,TTYPEOPERATIOTBANQUE,,12,UpdDate,datetime,8,23,3,1,
dbo,TTYPEOPERATIOTBANQUE,,13,UpdStamp,char,16,0,0,1,
dbo,TTYPEOPERATIOTBANQUE,,14,UpdUser,nvarchar,48,0,0,1,
dbo,TTYPEPIECE,,1,Caption,nvarchar,256,0,0,1,
dbo,TTYPEPIECE,,2,code,nvarchar,256,0,0,1,
dbo,TTYPEPIECE,,3,estControleReference,bit,1,1,0,1,
dbo,TTYPEPIECE,,4,estReciproque,bit,1,1,0,1,
dbo,TTYPEPIECE,,5,gestionBAP,bit,1,1,0,1,
dbo,TTYPEPIECE,,6,idOTP,int,4,10,0,1,
dbo,TTYPEPIECE,,7,libelleAutomatique,nvarchar,256,0,0,1,
dbo,TTYPEPIECE,,8,oid,TOID,32,0,0,0,
dbo,TTYPEPIECE,,9,sensContrepartie,smallint,2,5,0,1,
dbo,TTYPEPIECE,,10,suiviFluxIntraGroupe,bit,1,1,0,1,
dbo,TTYPEPIECE,,11,typeCollectif,smallint,2,5,0,1,
dbo,TTYPEPIECE,,12,typeEcheance,smallint,2,5,0,1,
dbo,TTYPEPIECE,,13,typeReglement,smallint,2,5,0,1,
dbo,TTYPEPIECE,,14,UpdDate,datetime,8,23,3,1,
dbo,TTYPEPIECE,,15,UpdStamp,char,16,0,0,1,
dbo,TTYPEPIECE,,16,UpdUser,nvarchar,48,0,0,1,
dbo,TTYPEPIECE,,17,inclureMontantNegatif,smallint,2,5,0,1,
dbo,TTYPEPIECE,,18,montantValide,smallint,2,5,0,1,
dbo,TTYPEPIECEPARAMETRE,,1,Caption,nvarchar,256,0,0,1,
dbo,TTYPEPIECEPARAMETRE,,2,code,nvarchar,256,0,0,1,
dbo,TTYPEPIECEPARAMETRE,,3,idOTP,int,4,10,0,1,
dbo,TTYPEPIECEPARAMETRE,,4,oid,TOID,32,0,0,0,
dbo,TTYPEPIECEPARAMETRE,,5,oidtypePiece,TOID,32,0,0,1,
dbo,TTYPEPIECEPARAMETRE,,6,systeme,bit,1,1,0,1,
dbo,TTYPEPIECEPARAMETRE,,7,UpdDate,datetime,8,23,3,1,
dbo,TTYPEPIECEPARAMETRE,,8,UpdStamp,char,16,0,0,1,
dbo,TTYPEPIECEPARAMETRE,,9,UpdUser,nvarchar,48,0,0,1,
dbo,TTYPEREFERENCEAJUSTEMENT,,1,Caption,nvarchar,256,0,0,1,
dbo,TTYPEREFERENCEAJUSTEMENT,,2,code,nvarchar,256,0,0,1,
dbo,TTYPEREFERENCEAJUSTEMENT,,3,idOTP,int,4,10,0,1,
dbo,TTYPEREFERENCEAJUSTEMENT,,4,oid,TOID,32,0,0,0,
dbo,TTYPEREFERENCEAJUSTEMENT,,5,UpdDate,datetime,8,23,3,1,
dbo,TTYPEREFERENCEAJUSTEMENT,,6,UpdStamp,char,16,0,0,1,
dbo,TTYPEREFERENCEAJUSTEMENT,,7,UpdUser,nvarchar,48,0,0,1,
dbo,TTYPEREMISEBANQUE,,1,Caption,nvarchar,256,0,0,1,
dbo,TTYPEREMISEBANQUE,,2,codeService,nvarchar,256,0,0,1,
dbo,TTYPEREMISEBANQUE,,3,estConfirme,bit,1,1,0,1,
dbo,TTYPEREMISEBANQUE,,4,estUrgent,bit,1,1,0,1,
dbo,TTYPEREMISEBANQUE,,5,idOTP,int,4,10,0,1,
dbo,TTYPEREMISEBANQUE,,6,oid,TOID,32,0,0,0,
dbo,TTYPEREMISEBANQUE,,7,oidModeReglement,TOID,32,0,0,1,
dbo,TTYPEREMISEBANQUE,,8,oidTBanque,TOID,32,0,0,1,
dbo,TTYPEREMISEBANQUE,,9,UpdDate,datetime,8,23,3,1,
dbo,TTYPEREMISEBANQUE,,10,UpdStamp,char,16,0,0,1,
dbo,TTYPEREMISEBANQUE,,11,UpdUser,nvarchar,48,0,0,1,
dbo,TTYPEREMISEBANQUE,,12,validerContrat,bit,1,1,0,1,
dbo,TTYPEREMUNERATION,,1,Caption,nvarchar,256,0,0,1,
dbo,TTYPEREMUNERATION,,2,code,nvarchar,256,0,0,1,
dbo,TTYPEREMUNERATION,,3,idOTP,int,4,10,0,1,
dbo,TTYPEREMUNERATION,,4,oid,TOID,32,0,0,0,
dbo,TTYPEREMUNERATION,,5,systeme,bit,1,1,0,1,
dbo,TTYPEREMUNERATION,,6,UpdDate,datetime,8,23,3,1,
dbo,TTYPEREMUNERATION,,7,UpdStamp,char,16,0,0,1,
dbo,TTYPEREMUNERATION,,8,UpdUser,nvarchar,48,0,0,1,
dbo,TUNITEGENERATRICETRESORERIE,,1,Caption,nvarchar,256,0,0,1,
dbo,TUNITEGENERATRICETRESORERIE,,2,code,nvarchar,256,0,0,1,
dbo,TUNITEGENERATRICETRESORERIE,,3,idOTP,int,4,10,0,1,
dbo,TUNITEGENERATRICETRESORERIE,,4,oid,TOID,32,0,0,0,
dbo,TUNITEGENERATRICETRESORERIE,,5,UpdDate,datetime,8,23,3,1,
dbo,TUNITEGENERATRICETRESORERIE,,6,UpdStamp,char,16,0,0,1,
dbo,TUNITEGENERATRICETRESORERIE,,7,UpdUser,nvarchar,48,0,0,1,
dbo,TVALEURMANDATSEPA,,1,Caption,nvarchar,256,0,0,1,
dbo,TVALEURMANDATSEPA,,2,codeBIC,nvarchar,256,0,0,1,
dbo,TVALEURMANDATSEPA,,3,dateAmendement,datetime,8,23,3,1,
dbo,TVALEURMANDATSEPA,,4,estInitial,bit,1,1,0,1,
dbo,TVALEURMANDATSEPA,,5,identificationSEPA,nvarchar,256,0,0,1,
dbo,TVALEURMANDATSEPA,,6,idOTP,int,4,10,0,1,
dbo,TVALEURMANDATSEPA,,7,nomBanque,nvarchar,256,0,0,1,
dbo,TVALEURMANDATSEPA,,8,noOrdre,int,4,10,0,1,
dbo,TVALEURMANDATSEPA,,9,oid,TOID,32,0,0,0,
dbo,TVALEURMANDATSEPA,,10,oidAmendementPrecedent,TOID,32,0,0,1,
dbo,TVALEURMANDATSEPA,,11,oidCompteBancaire,TOID,32,0,0,1,
dbo,TVALEURMANDATSEPA,,12,oidMandatSEPA,TOID,32,0,0,1,
dbo,TVALEURMANDATSEPA,,13,raisonSocialeCrediteur,nvarchar,256,0,0,1,
dbo,TVALEURMANDATSEPA,,14,referenceMandat,nvarchar,256,0,0,1,
dbo,TVALEURMANDATSEPA,,15,UpdDate,datetime,8,23,3,1,
dbo,TVALEURMANDATSEPA,,16,UpdStamp,char,16,0,0,1,
dbo,TVALEURMANDATSEPA,,17,UpdUser,nvarchar,48,0,0,1,
dbo,TVALIDATIONAFFAIRENF,,1,Caption,nvarchar,256,0,0,1,
dbo,TVALIDATIONAFFAIRENF,,2,idOTP,int,4,10,0,1,
dbo,TVALIDATIONAFFAIRENF,,3,oid,TOID,32,0,0,0,
dbo,TVALIDATIONAFFAIRENF,,4,oidRegleValidation,TOID,32,0,0,1,
dbo,TVALIDATIONAFFAIRENF,,5,oidTAffaire,TOID,32,0,0,1,
dbo,TVALIDATIONAFFAIRENF,,6,oidTNatureValidationNF,TOID,32,0,0,1,
dbo,TVALIDATIONAFFAIRENF,,7,UpdDate,datetime,8,23,3,1,
dbo,TVALIDATIONAFFAIRENF,,8,UpdStamp,char,16,0,0,1,
dbo,TVALIDATIONAFFAIRENF,,9,UpdUser,nvarchar,48,0,0,1,
dbo,TVALIDATIONETAT,,1,Caption,nvarchar,256,0,0,1,
dbo,TVALIDATIONETAT,,2,idOTP,int,4,10,0,1,
dbo,TVALIDATIONETAT,,3,numeroTraitement,int,4,10,0,1,
dbo,TVALIDATIONETAT,,4,oid,TOID,32,0,0,0,
dbo,TVALIDATIONETAT,,5,oidEtatPossible,TOID,32,0,0,1,
dbo,TVALIDATIONETAT,,6,oidRegleValidation,TOID,32,0,0,1,
dbo,TVALIDATIONETAT,,7,UpdDate,datetime,8,23,3,1,
dbo,TVALIDATIONETAT,,8,UpdStamp,char,16,0,0,1,
dbo,TVALIDATIONETAT,,9,UpdUser,nvarchar,48,0,0,1,
dbo,TVALIDATIONSOCIETE,,1,Caption,nvarchar,256,0,0,1,
dbo,TVALIDATIONSOCIETE,,2,idOTP,int,4,10,0,1,
dbo,TVALIDATIONSOCIETE,,3,oid,TOID,32,0,0,0,
dbo,TVALIDATIONSOCIETE,,4,oidNatureValidation,TOID,32,0,0,1,
dbo,TVALIDATIONSOCIETE,,5,oidRegleValidation,TOID,32,0,0,1,
dbo,TVALIDATIONSOCIETE,,6,oidSociete,TOID,32,0,0,1,
dbo,TVALIDATIONSOCIETE,,7,UpdDate,datetime,8,23,3,1,
dbo,TVALIDATIONSOCIETE,,8,UpdStamp,char,16,0,0,1,
dbo,TVALIDATIONSOCIETE,,9,UpdUser,nvarchar,48,0,0,1,
dbo,TVALIDEURPOSSIBLE,,1,Caption,nvarchar,256,0,0,1,
dbo,TVALIDEURPOSSIBLE,,2,idOTP,int,4,10,0,1,
dbo,TVALIDEURPOSSIBLE,,3,numeroTraitement,int,4,10,0,1,
dbo,TVALIDEURPOSSIBLE,,4,oid,TOID,32,0,0,0,
dbo,TVALIDEURPOSSIBLE,,5,oidContactEtablissement,TOID,32,0,0,1,
dbo,TVALIDEURPOSSIBLE,,6,oidEtatMetierOK,TOID,32,0,0,1,
dbo,TVALIDEURPOSSIBLE,,7,oidEtatMetierRefus,TOID,32,0,0,1,
dbo,TVALIDEURPOSSIBLE,,8,oidValidationEtat,TOID,32,0,0,1,
dbo,TVALIDEURPOSSIBLE,,9,oidValideurPrecedent,TOID,32,0,0,1,
dbo,TVALIDEURPOSSIBLE,,10,UpdDate,datetime,8,23,3,1,
dbo,TVALIDEURPOSSIBLE,,11,UpdStamp,char,16,0,0,1,
dbo,TVALIDEURPOSSIBLE,,12,UpdUser,nvarchar,48,0,0,1,
dbo,TVEHICULE,,1,Caption,nvarchar,256,0,0,1,
dbo,TVEHICULE,,2,dateDebutUtil,datetime,8,23,3,1,
dbo,TVEHICULE,,3,dateFinUtil,datetime,8,23,3,1,
dbo,TVEHICULE,,4,dateImmatriculation,datetime,8,23,3,1,
dbo,TVEHICULE,,5,dateLimiteExoneration,datetime,8,23,3,1,
dbo,TVEHICULE,,6,dateMiseEnCirculation,datetime,8,23,3,1,
dbo,TVEHICULE,,7,estEligibleCO2,bit,1,1,0,1,
dbo,TVEHICULE,,8,exonerationTVS,smallint,2,5,0,1,
dbo,TVEHICULE,,9,idOTP,int,4,10,0,1,
dbo,TVEHICULE,,10,immatriculation,nvarchar,256,0,0,1,
dbo,TVEHICULE,,11,oid,TOID,32,0,0,0,
dbo,TVEHICULE,,12,oidSourceEnergie,TOID,32,0,0,1,
dbo,TVEHICULE,,13,origine,smallint,2,5,0,1,
dbo,TVEHICULE,,14,puissance,int,4,10,0,1,
dbo,TVEHICULE,,15,receptionComm,bit,1,1,0,1,
dbo,TVEHICULE,,16,tauxEmissionCO2,int,4,10,0,1,
dbo,TVEHICULE,,17,typeVehicule,smallint,2,5,0,1,
dbo,TVEHICULE,,18,UpdDate,datetime,8,23,3,1,
dbo,TVEHICULE,,19,UpdStamp,char,16,0,0,1,
dbo,TVEHICULE,,20,UpdUser,nvarchar,48,0,0,1,
dbo,TVEHICULE,,21,actif,bit,1,1,0,1,
dbo,TVEHICULE,,22,oidSalarie,TOID,32,0,0,1,
dbo,TVEHICULE,,23,oidCategorieVehicule,TOID,32,0,0,1,
dbo,TVEHICULE,,24,destination,smallint,2,5,0,1,
dbo,TVEHICULE,,25,genre,nvarchar,256,0,0,1,
dbo,TVEHICULE,,26,marque,nvarchar,256,0,0,1,
dbo,TVEHICULE,,27,modele,nvarchar,256,0,0,1,
dbo,TVEHICULE,,28,oidBienComptable,TOID,32,0,0,1,
dbo,TVEHICULE,,29,oidcoefficientAdmission,TOID,32,0,0,1,
dbo,TVEHICULE,,30,oidRegimeSpecialVehicule,TOID,32,0,0,1,
dbo,TVEHICULE,,31,typeCarrosserie,nvarchar,256,0,0,1,
dbo,TVEHICULE,,32,vehiculeTourisme,bit,1,1,0,1,
dbo,TVEHICULEKILOMETRE,,1,annee,int,4,10,0,1,
dbo,TVEHICULEKILOMETRE,,2,calculTVS,bit,1,1,0,1,
dbo,TVEHICULEKILOMETRE,,3,Caption,nvarchar,256,0,0,1,
dbo,TVEHICULEKILOMETRE,,4,dateTrimestre,datetime,8,23,3,1,
dbo,TVEHICULEKILOMETRE,,5,idOTP,int,4,10,0,1,
dbo,TVEHICULEKILOMETRE,,6,kilometre,int,4,10,0,1,
dbo,TVEHICULEKILOMETRE,,7,oid,TOID,32,0,0,0,
dbo,TVEHICULEKILOMETRE,,8,oidVehiculeSalarie,TOID,32,0,0,1,
dbo,TVEHICULEKILOMETRE,,9,trimestre,int,4,10,0,1,
dbo,TVEHICULEKILOMETRE,,10,UpdDate,datetime,8,23,3,1,
dbo,TVEHICULEKILOMETRE,,11,UpdStamp,char,16,0,0,1,
dbo,TVEHICULEKILOMETRE,,12,UpdUser,nvarchar,48,0,0,1,
dbo,TVENTILATIONANALYTIQUE,,1,Caption,nvarchar,256,0,0,1,
dbo,TVENTILATIONANALYTIQUE,,2,code,nvarchar,256,0,0,1,
dbo,TVENTILATIONANALYTIQUE,,3,idOTP,int,4,10,0,1,
dbo,TVENTILATIONANALYTIQUE,,4,oid,TOID,32,0,0,0,
dbo,TVENTILATIONANALYTIQUE,,5,oidConstitutionSection,TOID,32,0,0,1,
dbo,TVENTILATIONANALYTIQUE,,6,UpdDate,datetime,8,23,3,1,
dbo,TVENTILATIONANALYTIQUE,,7,UpdStamp,char,16,0,0,1,
dbo,TVENTILATIONANALYTIQUE,,8,UpdUser,nvarchar,48,0,0,1,
dbo,TVENTILATIONCENTRE,,1,Caption,nvarchar,256,0,0,1,
dbo,TVENTILATIONCENTRE,,2,centreAnalytique,nvarchar,256,0,0,1,
dbo,TVENTILATIONCENTRE,,3,idOTP,int,4,10,0,1,
dbo,TVENTILATIONCENTRE,,4,oid,TOID,32,0,0,0,
dbo,TVENTILATIONCENTRE,,5,oidPositionAnalytique,TOID,32,0,0,1,
dbo,TVENTILATIONCENTRE,,6,oidTIdentificationCentreGC,TOID,32,0,0,1,
dbo,TVENTILATIONCENTRE,,7,oidTVentilationDetail,TOID,32,0,0,1,
dbo,TVENTILATIONCENTRE,,8,UpdDate,datetime,8,23,3,1,
dbo,TVENTILATIONCENTRE,,9,UpdStamp,char,16,0,0,1,
dbo,TVENTILATIONCENTRE,,10,UpdUser,nvarchar,48,0,0,1,
dbo,TVENTILATIONCOMPTEESPACE,,1,Caption,nvarchar,256,0,0,1,
dbo,TVENTILATIONCOMPTEESPACE,,2,idOTP,int,4,10,0,1,
dbo,TVENTILATIONCOMPTEESPACE,,3,oid,TOID,32,0,0,0,
dbo,TVENTILATIONCOMPTEESPACE,,4,oidCompteGeneral,TOID,32,0,0,1,
dbo,TVENTILATIONCOMPTEESPACE,,5,oidModeleVentilation,TOID,32,0,0,1,
dbo,TVENTILATIONCOMPTEESPACE,,6,UpdDate,datetime,8,23,3,1,
dbo,TVENTILATIONCOMPTEESPACE,,7,UpdStamp,char,16,0,0,1,
dbo,TVENTILATIONCOMPTEESPACE,,8,UpdUser,nvarchar,48,0,0,1,
dbo,TVENTILATIONDETAIL,,1,Caption,nvarchar,256,0,0,1,
dbo,TVENTILATIONDETAIL,,2,idOTP,int,4,10,0,1,
dbo,TVENTILATIONDETAIL,,3,oid,TOID,32,0,0,0,
dbo,TVENTILATIONDETAIL,,4,oidVentilationAnalytique,TOID,32,0,0,1,
dbo,TVENTILATIONDETAIL,,5,pourcentage,float,8,53,0,1,
dbo,TVENTILATIONDETAIL,,6,pourcentage_Decimales,int,4,10,0,1,
dbo,TVENTILATIONDETAIL,,7,UpdDate,datetime,8,23,3,1,
dbo,TVENTILATIONDETAIL,,8,UpdStamp,char,16,0,0,1,
dbo,TVENTILATIONDETAIL,,9,UpdUser,nvarchar,48,0,0,1,
dbo,TVENTILATIONGROUPEESPACE,,1,Caption,nvarchar,256,0,0,1,
dbo,TVENTILATIONGROUPEESPACE,,2,idOTP,int,4,10,0,1,
dbo,TVENTILATIONGROUPEESPACE,,3,numero,int,4,10,0,1,
dbo,TVENTILATIONGROUPEESPACE,,4,oid,TOID,32,0,0,0,
dbo,TVENTILATIONGROUPEESPACE,,5,oidmodeleVentilation,TOID,32,0,0,1,
dbo,TVENTILATIONGROUPEESPACE,,6,oidpositionGroupe,TOID,32,0,0,1,
dbo,TVENTILATIONGROUPEESPACE,,7,UpdDate,datetime,8,23,3,1,
dbo,TVENTILATIONGROUPEESPACE,,8,UpdStamp,char,16,0,0,1,
dbo,TVENTILATIONGROUPEESPACE,,9,UpdUser,nvarchar,48,0,0,1,
dbo,TVENTILATIONSECTION,,1,Caption,nvarchar,256,0,0,1,
dbo,TVENTILATIONSECTION,,2,idOTP,int,4,10,0,1,
dbo,TVENTILATIONSECTION,,3,montant,money,8,19,4,1,
dbo,TVENTILATIONSECTION,,4,montant_CodeDevise,nvarchar,6,0,0,1,
dbo,TVENTILATIONSECTION,,5,oid,TOID,32,0,0,0,
dbo,TVENTILATIONSECTION,,6,oidModeleVentilation,TOID,32,0,0,1,
dbo,TVENTILATIONSECTION,,7,oidSectionAnalytique,TOID,32,0,0,1,
dbo,TVENTILATIONSECTION,,8,pourcentage,float,8,53,0,1,
dbo,TVENTILATIONSECTION,,9,pourcentage_Decimales,int,4,10,0,1,
dbo,TVENTILATIONSECTION,,10,solde,bit,1,1,0,1,
dbo,TVENTILATIONSECTION,,11,UpdDate,datetime,8,23,3,1,
dbo,TVENTILATIONSECTION,,12,UpdStamp,char,16,0,0,1,
dbo,TVENTILATIONSECTION,,13,UpdUser,nvarchar,48,0,0,1,
dbo,TVENTILATIONUO,,1,Caption,nvarchar,256,0,0,1,
dbo,TVENTILATIONUO,,2,code,nvarchar,256,0,0,1,
dbo,TVENTILATIONUO,,3,cumulRealise,float,8,53,0,1,
dbo,TVENTILATIONUO,,4,cumulRealise_Decimales,int,4,10,0,1,
dbo,TVENTILATIONUO,,5,cumulRealise_CodeUnit,nvarchar,64,0,0,1,
dbo,TVENTILATIONUO,,6,dateFin,datetime,8,23,3,1,
dbo,TVENTILATIONUO,,7,dureeMois,int,4,10,0,1,
dbo,TVENTILATIONUO,,8,idOTP,int,4,10,0,1,
dbo,TVENTILATIONUO,,9,nouvelleDateFin,datetime,8,23,3,1,
dbo,TVENTILATIONUO,,10,nouvelleDuree,int,4,10,0,1,
dbo,TVENTILATIONUO,,11,nouvelleQuantite,float,8,53,0,1,
dbo,TVENTILATIONUO,,12,nouvelleQuantite_Decimales,int,4,10,0,1,
dbo,TVENTILATIONUO,,13,nouvelleQuantite_CodeUnit,nvarchar,64,0,0,1,
dbo,TVENTILATIONUO,,14,numeroTraitement,int,4,10,0,1,
dbo,TVENTILATIONUO,,15,oid,TOID,32,0,0,0,
dbo,TVENTILATIONUO,,16,oidbienComptable,TOID,32,0,0,1,
dbo,TVENTILATIONUO,,17,oidVentilationUOHisto,TOID,32,0,0,1,
dbo,TVENTILATIONUO,,18,quantitePrevue,float,8,53,0,1,
dbo,TVENTILATIONUO,,19,quantitePrevue_Decimales,int,4,10,0,1,
dbo,TVENTILATIONUO,,20,quantitePrevue_CodeUnit,nvarchar,64,0,0,1,
dbo,TVENTILATIONUO,,21,revision,bit,1,1,0,1,
dbo,TVENTILATIONUO,,22,UpdDate,datetime,8,23,3,1,
dbo,TVENTILATIONUO,,23,UpdStamp,char,16,0,0,1,
dbo,TVENTILATIONUO,,24,UpdUser,nvarchar,48,0,0,1,
dbo,TVENTILATIONUOEXERCICE,,1,Caption,nvarchar,256,0,0,1,
dbo,TVENTILATIONUOEXERCICE,,2,dateDebut,datetime,8,23,3,1,
dbo,TVENTILATIONUOEXERCICE,,3,dateFin,datetime,8,23,3,1,
dbo,TVENTILATIONUOEXERCICE,,4,forcage,bit,1,1,0,1,
dbo,TVENTILATIONUOEXERCICE,,5,idOTP,int,4,10,0,1,
dbo,TVENTILATIONUOEXERCICE,,6,nouvelleQuantite,float,8,53,0,1,
dbo,TVENTILATIONUOEXERCICE,,7,nouvelleQuantite_Decimales,int,4,10,0,1,
dbo,TVENTILATIONUOEXERCICE,,8,nouvelleQuantite_CodeUnit,nvarchar,64,0,0,1,
dbo,TVENTILATIONUOEXERCICE,,9,oid,TOID,32,0,0,0,
dbo,TVENTILATIONUOEXERCICE,,10,oidExercice,TOID,32,0,0,1,
dbo,TVENTILATIONUOEXERCICE,,11,oidventilationUO,TOID,32,0,0,1,
dbo,TVENTILATIONUOEXERCICE,,12,qteRestanteAjustee,float,8,53,0,1,
dbo,TVENTILATIONUOEXERCICE,,13,qteRestanteAjustee_Decimales,int,4,10,0,1,
dbo,TVENTILATIONUOEXERCICE,,14,qteRestanteAjustee_CodeUnit,nvarchar,64,0,0,1,
dbo,TVENTILATIONUOEXERCICE,,15,qteRestantePrevue,float,8,53,0,1,
dbo,TVENTILATIONUOEXERCICE,,16,qteRestantePrevue_Decimales,int,4,10,0,1,
dbo,TVENTILATIONUOEXERCICE,,17,qteRestantePrevue_CodeUnit,nvarchar,64,0,0,1,
dbo,TVENTILATIONUOEXERCICE,,18,quantiteAjustee,float,8,53,0,1,
dbo,TVENTILATIONUOEXERCICE,,19,quantiteAjustee_Decimales,int,4,10,0,1,
dbo,TVENTILATIONUOEXERCICE,,20,quantiteAjustee_CodeUnit,nvarchar,64,0,0,1,
dbo,TVENTILATIONUOEXERCICE,,21,quantitePrevue,float,8,53,0,1,
dbo,TVENTILATIONUOEXERCICE,,22,quantitePrevue_Decimales,int,4,10,0,1,
dbo,TVENTILATIONUOEXERCICE,,23,quantitePrevue_CodeUnit,nvarchar,64,0,0,1,
dbo,TVENTILATIONUOEXERCICE,,24,quantiteRealise,float,8,53,0,1,
dbo,TVENTILATIONUOEXERCICE,,25,quantiteRealise_Decimales,int,4,10,0,1,
dbo,TVENTILATIONUOEXERCICE,,26,quantiteRealise_CodeUnit,nvarchar,64,0,0,1,
dbo,TVENTILATIONUOEXERCICE,,27,UpdDate,datetime,8,23,3,1,
dbo,TVENTILATIONUOEXERCICE,,28,UpdStamp,char,16,0,0,1,
dbo,TVENTILATIONUOEXERCICE,,29,UpdUser,nvarchar,48,0,0,1,
dbo,TVENTILATIONUOEXERCICEHISTO,,1,Caption,nvarchar,256,0,0,1,
dbo,TVENTILATIONUOEXERCICEHISTO,,2,dateDebut,datetime,8,23,3,1,
dbo,TVENTILATIONUOEXERCICEHISTO,,3,dateFin,datetime,8,23,3,1,
dbo,TVENTILATIONUOEXERCICEHISTO,,4,exercice,nvarchar,256,0,0,1,
dbo,TVENTILATIONUOEXERCICEHISTO,,5,idOTP,int,4,10,0,1,
dbo,TVENTILATIONUOEXERCICEHISTO,,6,oid,TOID,32,0,0,0,
dbo,TVENTILATIONUOEXERCICEHISTO,,7,oidVentilationUOHisto,TOID,32,0,0,1,
dbo,TVENTILATIONUOEXERCICEHISTO,,8,quantitePrevue,float,8,53,0,1,
dbo,TVENTILATIONUOEXERCICEHISTO,,9,quantitePrevue_Decimales,int,4,10,0,1,
dbo,TVENTILATIONUOEXERCICEHISTO,,10,quantitePrevue_CodeUnit,nvarchar,64,0,0,1,
dbo,TVENTILATIONUOEXERCICEHISTO,,11,quantiteRealise,float,8,53,0,1,
dbo,TVENTILATIONUOEXERCICEHISTO,,12,quantiteRealise_Decimales,int,4,10,0,1,
dbo,TVENTILATIONUOEXERCICEHISTO,,13,quantiteRealise_CodeUnit,nvarchar,64,0,0,1,
dbo,TVENTILATIONUOEXERCICEHISTO,,14,UpdDate,datetime,8,23,3,1,
dbo,TVENTILATIONUOEXERCICEHISTO,,15,UpdStamp,char,16,0,0,1,
dbo,TVENTILATIONUOEXERCICEHISTO,,16,UpdUser,nvarchar,48,0,0,1,
dbo,TVENTILATIONUOHISTO,,1,Caption,nvarchar,256,0,0,1,
dbo,TVENTILATIONUOHISTO,,2,dateFin,datetime,8,23,3,1,
dbo,TVENTILATIONUOHISTO,,3,duree,int,4,10,0,1,
dbo,TVENTILATIONUOHISTO,,4,hDate,datetime,8,23,3,1,
dbo,TVENTILATIONUOHISTO,,5,idOTP,int,4,10,0,1,
dbo,TVENTILATIONUOHISTO,,6,oid,TOID,32,0,0,0,
dbo,TVENTILATIONUOHISTO,,7,oidventilationUO,TOID,32,0,0,1,
dbo,TVENTILATIONUOHISTO,,8,quantitePrevue,float,8,53,0,1,
dbo,TVENTILATIONUOHISTO,,9,quantitePrevue_Decimales,int,4,10,0,1,
dbo,TVENTILATIONUOHISTO,,10,quantitePrevue_CodeUnit,nvarchar,64,0,0,1,
dbo,TVENTILATIONUOHISTO,,11,UpdDate,datetime,8,23,3,1,
dbo,TVENTILATIONUOHISTO,,12,UpdStamp,char,16,0,0,1,
dbo,TVENTILATIONUOHISTO,,13,UpdUser,nvarchar,48,0,0,1,
dbo,TVENTILATIONUOPERIODE,,1,Caption,nvarchar,256,0,0,1,
dbo,TVENTILATIONUOPERIODE,,2,dateDebut,datetime,8,23,3,1,
dbo,TVENTILATIONUOPERIODE,,3,dateFin,datetime,8,23,3,1,
dbo,TVENTILATIONUOPERIODE,,4,denominateur,float,8,53,0,1,
dbo,TVENTILATIONUOPERIODE,,5,denominateur_Decimales,int,4,10,0,1,
dbo,TVENTILATIONUOPERIODE,,6,idOTP,int,4,10,0,1,
dbo,TVENTILATIONUOPERIODE,,7,natureRepartitionPeriode,smallint,2,5,0,1,
dbo,TVENTILATIONUOPERIODE,,8,nouvelleQuantite,float,8,53,0,1,
dbo,TVENTILATIONUOPERIODE,,9,nouvelleQuantite_Decimales,int,4,10,0,1,
dbo,TVENTILATIONUOPERIODE,,10,nouvelleQuantite_CodeUnit,nvarchar,64,0,0,1,
dbo,TVENTILATIONUOPERIODE,,11,numerateur,float,8,53,0,1,
dbo,TVENTILATIONUOPERIODE,,12,numerateur_Decimales,int,4,10,0,1,
dbo,TVENTILATIONUOPERIODE,,13,oid,TOID,32,0,0,0,
dbo,TVENTILATIONUOPERIODE,,14,oidPeriode,TOID,32,0,0,1,
dbo,TVENTILATIONUOPERIODE,,15,oidventilationUOExercice,TOID,32,0,0,1,
dbo,TVENTILATIONUOPERIODE,,16,quantitePrevue,float,8,53,0,1,
dbo,TVENTILATIONUOPERIODE,,17,quantitePrevue_Decimales,int,4,10,0,1,
dbo,TVENTILATIONUOPERIODE,,18,quantitePrevue_CodeUnit,nvarchar,64,0,0,1,
dbo,TVENTILATIONUOPERIODE,,19,quantiteRealise,float,8,53,0,1,
dbo,TVENTILATIONUOPERIODE,,20,quantiteRealise_Decimales,int,4,10,0,1,
dbo,TVENTILATIONUOPERIODE,,21,quantiteRealise_CodeUnit,nvarchar,64,0,0,1,
dbo,TVENTILATIONUOPERIODE,,22,realise,bit,1,1,0,1,
dbo,TVENTILATIONUOPERIODE,,23,UpdDate,datetime,8,23,3,1,
dbo,TVENTILATIONUOPERIODE,,24,UpdStamp,char,16,0,0,1,
dbo,TVENTILATIONUOPERIODE,,25,UpdUser,nvarchar,48,0,0,1,
dbo,TZONECOMPLEMENTEDI,,1,Caption,nvarchar,256,0,0,1,
dbo,TZONECOMPLEMENTEDI,,2,code,nvarchar,256,0,0,1,
dbo,TZONECOMPLEMENTEDI,,3,idOTP,int,4,10,0,1,
dbo,TZONECOMPLEMENTEDI,,4,oid,TOID,32,0,0,0,
dbo,TZONECOMPLEMENTEDI,,5,oidReferenceEDISite,TOID,32,0,0,1,
dbo,TZONECOMPLEMENTEDI,,6,systeme,bit,1,1,0,1,
dbo,TZONECOMPLEMENTEDI,,7,typeZone,smallint,2,5,0,1,
dbo,TZONECOMPLEMENTEDI,,8,UpdDate,datetime,8,23,3,1,
dbo,TZONECOMPLEMENTEDI,,9,UpdStamp,char,16,0,0,1,
dbo,TZONECOMPLEMENTEDI,,10,UpdUser,nvarchar,48,0,0,1,
dbo,TZONECOMPLEMENTEDI,,11,valide,bit,1,1,0,1,
dbo,sysCounter,,1,cName,varchar,80,0,0,0,
dbo,sysCounter,,2,cValue,int,4,10,0,0,
dbo,sysCounter,,3,cShareOID,TOID,32,0,0,1,
dbo,sysGlbTemp,,1,idOpe,TOID,32,0,0,0,
dbo,sysGlbTemp,,2,oid,TOID,32,0,0,0,
dbo,sysModeleInfos,,1,mModeleName,varchar,128,0,0,0,
dbo,sysModeleInfos,,2,mModeleVersion,varchar,8,0,0,1,
dbo,sysOTPs,,1,oidOTP,int,4,10,0,0,
dbo,sysOTPs,,2,oRoot,varchar,128,0,0,0,
dbo,sysOTPs,,3,oClass,varchar,128,0,0,0,
dbo,sysObjLocks,,1,Status,TSTATUS,1,0,0,0,
dbo,sysObjLocks,,2,Object,TOID,32,0,0,0,
dbo,sysObjLocks,,3,Mac,TMACADDRESS,12,0,0,0,
dbo,sysObjLocks,,4,UserName,varchar,25,0,0,1,
dbo,sysObjLocks,,5,Creation,datetime,8,23,3,1,
dbo,sysObjLocks,,6,Trans,TTRANS,255,0,0,0,
dbo,sysRefInfos,,1,rSrvAddr,varchar,128,0,0,0,
dbo,sysRefInfos,,2,rBits,int,4,10,0,0,
dbo,sysRefInfos,,3,rVersion,varchar,8,0,0,0,
dbo,sysRefInfos,,4,rTitle,nvarchar,1024,0,0,1,
dbo,sysRefInfos,,5,rOptions,varchar,512,0,0,1,
dbo,sysRefInfos,,6,rBinding,varchar,512,0,0,1,
sdb,accounting_category,,1,id,nvarchar,100,0,0,0,
sdb,accounting_category,,2,code,nvarchar,200,0,0,0,
sdb,accounting_category,,3,name,nvarchar,510,0,0,0,
sdb,accounting_category,,4,revenue_account,nvarchar,200,0,0,1,
sdb,accounting_category,,5,expense_account,nvarchar,200,0,0,1,
sdb,accounting_category,,6,tax_account,nvarchar,200,0,0,1,
sdb,accounting_category,,7,active,bit,1,1,0,0,
sdb,accounting_context_mapping,,1,id,nvarchar,100,0,0,0,
sdb,accounting_context_mapping,,2,operation_type,nvarchar,100,0,0,0,
sdb,accounting_context_mapping,,3,document_type,nvarchar,60,0,0,1,
sdb,accounting_context_mapping,,4,partner_category_code,nvarchar,200,0,0,1,
sdb,accounting_context_mapping,,5,product_category_code,nvarchar,200,0,0,1,
sdb,accounting_context_mapping,,6,payment_method_code,nvarchar,100,0,0,1,
sdb,accounting_context_mapping,,7,schema_id,nvarchar,100,0,0,0,
sdb,accounting_context_mapping,,8,priority,int,4,10,0,0,
sdb,accounting_context_mapping,,9,active,bit,1,1,0,0,
sdb,accounting_rule,,1,id,nvarchar,100,0,0,0,
sdb,accounting_rule,,2,rule_scope,nvarchar,100,0,0,0,
sdb,accounting_rule,,3,scope_key,nvarchar,200,0,0,0,
sdb,accounting_rule,,4,account_role,nvarchar,100,0,0,0,
sdb,accounting_rule,,5,account_code,nvarchar,200,0,0,0,
sdb,accounting_rule,,6,priority,int,4,10,0,0,
sdb,accounting_rule,,7,active,bit,1,1,0,0,
sdb,accounting_schema,,1,id,nvarchar,100,0,0,0,
sdb,accounting_schema,,2,code,nvarchar,200,0,0,0,
sdb,accounting_schema,,3,name,nvarchar,510,0,0,0,
sdb,accounting_schema,,4,operation_type,nvarchar,100,0,0,0,
sdb,accounting_schema,,5,direction,nvarchar,60,0,0,0,
sdb,accounting_schema,,6,journal_code,nvarchar,100,0,0,0,
sdb,accounting_schema,,7,edition_scope,nvarchar,60,0,0,0,
sdb,accounting_schema,,8,active,bit,1,1,0,0,
sdb,accounting_schema_line,,1,id,nvarchar,100,0,0,0,
sdb,accounting_schema_line,,2,schema_id,nvarchar,100,0,0,0,
sdb,accounting_schema_line,,3,line_no,int,4,10,0,0,
sdb,accounting_schema_line,,4,posting_role,nvarchar,100,0,0,0,
sdb,accounting_schema_line,,5,debit_credit,nvarchar,20,0,0,0,
sdb,accounting_schema_line,,6,amount_basis,nvarchar,100,0,0,0,
sdb,accounting_schema_line,,7,account_source,nvarchar,200,0,0,0,
sdb,accounting_schema_line,,8,fixed_account,nvarchar,200,0,0,1,
sdb,accounting_schema_line,,9,auxiliary_source,nvarchar,200,0,0,1,
sdb,accounting_schema_line,,10,grouping_rule,nvarchar,100,0,0,0,
sdb,accounting_schema_line,,11,active,bit,1,1,0,0,
sdb,business_partner_account,,1,partner_code,nvarchar,200,0,0,0,
sdb,business_partner_account,,2,partner_type,nvarchar,60,0,0,0,
sdb,business_partner_account,,3,account_code,nvarchar,200,0,0,0,
sdb,commercial_document,,1,id,nvarchar,100,0,0,0,
sdb,commercial_document,,2,document_type,nvarchar,60,0,0,0,
sdb,commercial_document,,3,official_number,nvarchar,200,0,0,0,
sdb,commercial_document,,4,status,nvarchar,60,0,0,0,
sdb,commercial_document,,5,source_document_id,nvarchar,100,0,0,1,
sdb,commercial_document,,6,partner_id,nvarchar,200,0,0,1,
sdb,commercial_document,,7,partner_code,nvarchar,200,0,0,1,
sdb,commercial_document,,8,partner_name,nvarchar,510,0,0,1,
sdb,commercial_document,,9,partner_account,nvarchar,200,0,0,1,
sdb,commercial_document,,10,partner_category_code,nvarchar,200,0,0,1,
sdb,commercial_document,,11,resolved_schema_id,nvarchar,100,0,0,1,
sdb,commercial_document,,12,resolved_journal_code,nvarchar,100,0,0,1,
sdb,commercial_document,,13,document_date,date,3,10,0,0,
sdb,commercial_document,,14,due_date,date,3,10,0,1,
sdb,commercial_document,,15,reference,nvarchar,510,0,0,1,
sdb,commercial_document,,16,currency,nvarchar,20,0,0,0,
sdb,commercial_document,,17,total_ht,decimal,9,19,4,0,
sdb,commercial_document,,18,total_tax,decimal,9,19,4,0,
sdb,commercial_document,,19,total_ttc,decimal,9,19,4,0,
sdb,commercial_document,,20,notes,nvarchar,-1,0,0,1,
sdb,commercial_document,,21,conditions,nvarchar,-1,0,0,1,
sdb,commercial_document,,22,validated_at,datetime2,8,27,7,1,
sdb,commercial_document,,23,validated_by,nvarchar,200,0,0,1,
sdb,commercial_document,,24,lock_version,int,4,10,0,0,
sdb,commercial_document,,25,created_at,datetime2,8,27,7,0,
sdb,commercial_document,,26,updated_at,datetime2,8,27,7,0,
sdb,commercial_document_line,,1,id,nvarchar,100,0,0,0,
sdb,commercial_document_line,,2,document_id,nvarchar,100,0,0,0,
sdb,commercial_document_line,,3,line_no,int,4,10,0,0,
sdb,commercial_document_line,,4,product_id,nvarchar,200,0,0,1,
sdb,commercial_document_line,,5,product_code,nvarchar,200,0,0,1,
sdb,commercial_document_line,,6,product_family_code,nvarchar,200,0,0,1,
sdb,commercial_document_line,,7,accounting_category_code,nvarchar,200,0,0,1,
sdb,commercial_document_line,,8,tax_code,nvarchar,200,0,0,1,
sdb,commercial_document_line,,9,description,nvarchar,1000,0,0,1,
sdb,commercial_document_line,,10,quantity,decimal,9,19,6,0,
sdb,commercial_document_line,,11,unit,nvarchar,100,0,0,1,
sdb,commercial_document_line,,12,unit_price_ht,decimal,9,19,6,0,
sdb,commercial_document_line,,13,amount_ht,decimal,9,19,4,0,
sdb,commercial_document_line,,14,tax_rate,decimal,5,9,4,0,
sdb,commercial_document_line,,15,tax_amount,decimal,9,19,4,0,
sdb,commercial_document_line,,16,amount_ttc,decimal,9,19,4,0,
sdb,commercial_document_line,,17,revenue_account,nvarchar,200,0,0,1,
sdb,commercial_document_line,,18,expense_account,nvarchar,200,0,0,1,
sdb,commercial_document_line,,19,tax_account,nvarchar,200,0,0,1,
sdb,commercial_document_line,,20,resolved_revenue_account,nvarchar,200,0,0,1,
sdb,commercial_document_line,,21,resolved_expense_account,nvarchar,200,0,0,1,
sdb,commercial_document_line,,22,resolved_tax_account,nvarchar,200,0,0,1,
sdb,commercial_document_line,,23,resolution_json,nvarchar,-1,0,0,1,
sdb,document_journal_mapping,,1,document_type,nvarchar,60,0,0,0,
sdb,document_journal_mapping,,2,journal_code,nvarchar,100,0,0,0,
sdb,document_number_sequence,,1,sequence_key,nvarchar,300,0,0,0,
sdb,document_number_sequence,,2,next_value,bigint,8,19,0,0,
sdb,document_number_sequence,,3,updated_at,datetime2,8,27,7,0,
sdb,document_relation,,1,id,nvarchar,100,0,0,0,
sdb,document_relation,,2,source_document_id,nvarchar,100,0,0,0,
sdb,document_relation,,3,target_document_id,nvarchar,100,0,0,0,
sdb,document_relation,,4,relation_type,nvarchar,100,0,0,0,
sdb,document_relation,,5,created_at,datetime2,8,27,7,0,
sdb,document_status_history,,1,id,nvarchar,100,0,0,0,
sdb,document_status_history,,2,document_id,nvarchar,100,0,0,0,
sdb,document_status_history,,3,from_status,nvarchar,60,0,0,1,
sdb,document_status_history,,4,to_status,nvarchar,60,0,0,0,
sdb,document_status_history,,5,changed_by,nvarchar,200,0,0,1,
sdb,document_status_history,,6,changed_at,datetime2,8,27,7,0,
sdb,export_attempt,,1,id,nvarchar,100,0,0,0,
sdb,export_attempt,,2,export_job_id,nvarchar,100,0,0,0,
sdb,export_attempt,,3,status,nvarchar,60,0,0,0,
sdb,export_attempt,,4,error_code,nvarchar,200,0,0,1,
sdb,export_attempt,,5,error_message,nvarchar,-1,0,0,1,
sdb,export_attempt,,6,attempted_at,datetime2,8,27,7,0,
sdb,export_job,,1,id,nvarchar,100,0,0,0,
sdb,export_job,,2,batch_id,nvarchar,100,0,0,0,
sdb,export_job,,3,adapter_type,nvarchar,100,0,0,0,
sdb,export_job,,4,status,nvarchar,60,0,0,0,
sdb,export_job,,5,payload_json,nvarchar,-1,0,0,0,
sdb,export_job,,6,external_id,nvarchar,510,0,0,1,
sdb,export_job,,7,last_error,nvarchar,-1,0,0,1,
sdb,export_job,,8,created_at,datetime2,8,27,7,0,
sdb,export_job,,9,updated_at,datetime2,8,27,7,0,
sdb,integration_profile,,1,id,nvarchar,100,0,0,0,
sdb,integration_profile,,2,name,nvarchar,510,0,0,0,
sdb,integration_profile,,3,adapter_type,nvarchar,100,0,0,0,
sdb,integration_profile,,4,sage_edition,nvarchar,60,0,0,0,
sdb,integration_profile,,5,delivery_enabled,bit,1,1,0,0,
sdb,integration_profile,,6,configuration_json,nvarchar,-1,0,0,1,
sdb,integration_profile,,7,active,bit,1,1,0,0,
sdb,journal,,1,code,nvarchar,100,0,0,0,
sdb,journal,,2,name,nvarchar,510,0,0,0,
sdb,journal,,3,journal_type,nvarchar,60,0,0,0,
sdb,journal,,4,active,bit,1,1,0,0,
sdb,partner_accounting_profile,,1,partner_code,nvarchar,200,0,0,0,
sdb,partner_accounting_profile,,2,partner_type,nvarchar,60,0,0,0,
sdb,partner_accounting_profile,,3,accounting_category_code,nvarchar,200,0,0,1,
sdb,partner_accounting_profile,,4,collective_account,nvarchar,200,0,0,0,
sdb,partner_accounting_profile,,5,active,bit,1,1,0,0,
sdb,payment,,1,id,nvarchar,100,0,0,0,
sdb,payment,,2,payment_date,date,3,10,0,0,
sdb,payment,,3,amount,decimal,9,19,4,0,
sdb,payment,,4,currency,nvarchar,20,0,0,0,
sdb,payment,,5,payment_method_code,nvarchar,100,0,0,0,
sdb,payment,,6,reference,nvarchar,510,0,0,1,
sdb,payment,,7,journal_code,nvarchar,100,0,0,0,
sdb,payment,,8,debit_account,nvarchar,200,0,0,0,
sdb,payment,,9,partner_account,nvarchar,200,0,0,1,
sdb,payment,,10,resolved_schema_id,nvarchar,100,0,0,1,
sdb,payment,,11,status,nvarchar,60,0,0,0,
sdb,payment,,12,created_at,datetime2,8,27,7,0,
sdb,payment_allocation,,1,id,nvarchar,100,0,0,0,
sdb,payment_allocation,,2,payment_id,nvarchar,100,0,0,0,
sdb,payment_allocation,,3,document_id,nvarchar,100,0,0,0,
sdb,payment_allocation,,4,amount,decimal,9,19,4,0,
sdb,payment_method,,1,code,nvarchar,100,0,0,0,
sdb,payment_method,,2,name,nvarchar,510,0,0,0,
sdb,payment_method,,3,journal_code,nvarchar,100,0,0,0,
sdb,payment_method,,4,debit_account,nvarchar,200,0,0,0,
sdb,payment_method,,5,active,bit,1,1,0,0,
sdb,posting_batch,,1,id,nvarchar,100,0,0,0,
sdb,posting_batch,,2,source_kind,nvarchar,60,0,0,0,
sdb,posting_batch,,3,source_id,nvarchar,100,0,0,0,
sdb,posting_batch,,4,journal_code,nvarchar,100,0,0,0,
sdb,posting_batch,,5,piece_number,nvarchar,200,0,0,0,
sdb,posting_batch,,6,posting_date,date,3,10,0,0,
sdb,posting_batch,,7,status,nvarchar,60,0,0,0,
sdb,posting_batch,,8,total_debit,decimal,9,19,4,0,
sdb,posting_batch,,9,total_credit,decimal,9,19,4,0,
sdb,posting_batch,,10,validation_hash,nvarchar,200,0,0,1,
sdb,posting_batch,,11,created_at,datetime2,8,27,7,0,
sdb,posting_line,,1,id,nvarchar,100,0,0,0,
sdb,posting_line,,2,batch_id,nvarchar,100,0,0,0,
sdb,posting_line,,3,line_no,int,4,10,0,0,
sdb,posting_line,,4,role,nvarchar,100,0,0,0,
sdb,posting_line,,5,general_account,nvarchar,200,0,0,0,
sdb,posting_line,,6,auxiliary_account,nvarchar,200,0,0,1,
sdb,posting_line,,7,label,nvarchar,510,0,0,0,
sdb,posting_line,,8,debit,decimal,9,19,4,0,
sdb,posting_line,,9,credit,decimal,9,19,4,0,
sdb,product_accounting_profile,,1,product_code,nvarchar,200,0,0,0,
sdb,product_accounting_profile,,2,product_family_code,nvarchar,200,0,0,1,
sdb,product_accounting_profile,,3,accounting_category_code,nvarchar,200,0,0,1,
sdb,product_accounting_profile,,4,revenue_account,nvarchar,200,0,0,1,
sdb,product_accounting_profile,,5,expense_account,nvarchar,200,0,0,1,
sdb,product_accounting_profile,,6,tax_code,nvarchar,200,0,0,1,
sdb,product_accounting_profile,,7,active,bit,1,1,0,0,
sdb,product_family,,1,id,nvarchar,100,0,0,0,
sdb,product_family,,2,code,nvarchar,200,0,0,0,
sdb,product_family,,3,name,nvarchar,510,0,0,0,
sdb,product_family,,4,accounting_category_id,nvarchar,100,0,0,1,
sdb,product_family,,5,revenue_account,nvarchar,200,0,0,1,
sdb,product_family,,6,expense_account,nvarchar,200,0,0,1,
sdb,product_family,,7,tax_account,nvarchar,200,0,0,1,
sdb,product_family,,8,active,bit,1,1,0,0,
sdb,schema_version,,1,version,int,4,10,0,0,
sdb,schema_version,,2,applied_at,datetime2,8,27,7,0,
sdb,tax_account_mapping,,1,tax_type,nvarchar,100,0,0,0,
sdb,tax_account_mapping,,2,rate,decimal,5,9,4,0,
sdb,tax_account_mapping,,3,collected_account,nvarchar,200,0,0,1,
sdb,tax_account_mapping,,4,deductible_account,nvarchar,200,0,0,1,
sdb,tax_code,,1,code,nvarchar,200,0,0,0,
sdb,tax_code,,2,name,nvarchar,510,0,0,0,
sdb,tax_code,,3,tax_type,nvarchar,100,0,0,0,
sdb,tax_code,,4,rate,decimal,5,9,4,0,
sdb,tax_code,,5,collected_account,nvarchar,200,0,0,1,
sdb,tax_code,,6,deductible_account,nvarchar,200,0,0,1,
sdb,tax_code,,7,active,bit,1,1,0,0,